State,District,Market,Commodity,Date,Arrival_Quantity,Arrival_Unit,Modal_Price,Price_Unit
Kerala,Idukki,Thodupuzha APMC,Rubber,03-01-2025,1,Metric Tonnes,17800,Rs./Quintal
Kerala,Idukki,Thodupuzha APMC,Rubber,06-01-2025,1,Metric Tonnes,17500,Rs./Quintal
Kerala,Idukki,Thodupuzha APMC,Rubber,07-01-2025,1,Metric Tonnes,17500,Rs./Quintal
Kerala,Idukki,Thodupuzha APMC,Rubber,08-01-2025,2,Metric Tonnes,17600,Rs./Quintal
Kerala,Idukki,Thodupuzha APMC,Rubber,13-01-2025,4,Metric Tonnes,17400,Rs./Quintal
Kerala,Idukki,Thodupuzha APMC,Rubber,15-01-2025,1,Metric Tonnes,17600,Rs./Quintal
Kerala,Idukki,Thodupuzha APMC,Rubber,16-01-2025,1,Metric Tonnes,17600,Rs./Quintal
Kerala,Idukki,Thodupuzha APMC,Rubber,17-01-2025,2,Metric Tonnes,17600,Rs./Quintal
Kerala,Idukki,Thodupuzha APMC,Rubber,18-01-2025,1,Metric Tonnes,17900,Rs./Quintal
Kerala,Idukki,Thodupuzha APMC,Rubber,20-01-2025,1,Metric Tonnes,17900,Rs./Quintal
Kerala,Idukki,Thodupuzha APMC,Rubber,22-01-2025,1,Metric Tonnes,17900,Rs./Quintal
Kerala,Idukki,Thodupuzha APMC,Rubber,23-01-2025,2,Metric Tonnes,17900,Rs./Quintal
Kerala,Idukki,Thodupuzha APMC,Rubber,28-01-2025,2,Metric Tonnes,18150,Rs./Quintal
Kerala,Idukki,Thodupuzha APMC,Rubber,29-01-2025,1,Metric Tonnes,18150,Rs./Quintal
Kerala,Idukki,Thodupuzha APMC,Rubber,30-01-2025,2,Metric Tonnes,18050,Rs./Quintal
Kerala,Idukki,Thodupuzha APMC,Rubber,03-02-2025,1,Metric Tonnes,17650,Rs./Quintal
Kerala,Idukki,Thodupuzha APMC,Rubber,05-02-2025,1,Metric Tonnes,17650,Rs./Quintal
Kerala,Idukki,Thodupuzha APMC,Rubber,06-02-2025,5,Metric Tonnes,17750,Rs./Quintal
Kerala,Idukki,Thodupuzha APMC,Rubber,07-02-2025,1,Metric Tonnes,17600,Rs./Quintal
Kerala,Idukki,Thodupuzha APMC,Rubber,08-02-2025,1,Metric Tonnes,17600,Rs./Quintal
Kerala,Idukki,Thodupuzha APMC,Rubber,11-02-2025,1,Metric Tonnes,18100,Rs./Quintal
Kerala,Idukki,Thodupuzha APMC,Rubber,12-02-2025,1,Metric Tonnes,18100,Rs./Quintal
Kerala,Idukki,Thodupuzha APMC,Rubber,13-02-2025,1,Metric Tonnes,18100,Rs./Quintal
Kerala,Idukki,Thodupuzha APMC,Rubber,14-02-2025,1,Metric Tonnes,18100,Rs./Quintal
Kerala,Idukki,Thodupuzha APMC,Rubber,15-02-2025,1,Metric Tonnes,18100,Rs./Quintal
Kerala,Idukki,Thodupuzha APMC,Rubber,16-02-2025,1,Metric Tonnes,18100,Rs./Quintal
Kerala,Idukki,Thodupuzha APMC,Rubber,17-02-2025,1,Metric Tonnes,18100,Rs./Quintal
Kerala,Idukki,Thodupuzha APMC,Rubber,18-02-2025,1,Metric Tonnes,18100,Rs./Quintal
Kerala,Idukki,Thodupuzha APMC,Rubber,19-02-2025,1,Metric Tonnes,18100,Rs./Quintal
Kerala,Idukki,Thodupuzha APMC,Rubber,20-02-2025,1,Metric Tonnes,18100,Rs./Quintal
Kerala,Idukki,Thodupuzha APMC,Rubber,21-02-2025,1,Metric Tonnes,18100,Rs./Quintal
Kerala,Idukki,Thodupuzha APMC,Rubber,22-02-2025,1,Metric Tonnes,18100,Rs./Quintal
Kerala,Idukki,Thodupuzha APMC,Rubber,24-02-2025,1,Metric Tonnes,18100,Rs./Quintal
Kerala,Idukki,Thodupuzha APMC,Rubber,25-02-2025,1,Metric Tonnes,18100,Rs./Quintal
Kerala,Idukki,Thodupuzha APMC,Rubber,04-03-2025,1,Metric Tonnes,18300,Rs./Quintal
Kerala,Idukki,Thodupuzha APMC,Rubber,05-03-2025,1,Metric Tonnes,18300,Rs./Quintal
Kerala,Idukki,Thodupuzha APMC,Rubber,06-03-2025,1,Metric Tonnes,18300,Rs./Quintal
Kerala,Idukki,Thodupuzha APMC,Rubber,07-03-2025,1,Metric Tonnes,18300,Rs./Quintal
Kerala,Idukki,Thodupuzha APMC,Rubber,08-03-2025,1,Metric Tonnes,18300,Rs./Quintal
Kerala,Idukki,Thodupuzha APMC,Rubber,09-03-2025,1,Metric Tonnes,18300,Rs./Quintal
Kerala,Idukki,Thodupuzha APMC,Rubber,10-03-2025,1,Metric Tonnes,18300,Rs./Quintal
Kerala,Idukki,Thodupuzha APMC,Rubber,11-03-2025,1,Metric Tonnes,18300,Rs./Quintal
Kerala,Idukki,Thodupuzha APMC,Rubber,12-03-2025,1,Metric Tonnes,18300,Rs./Quintal
Kerala,Idukki,Thodupuzha APMC,Rubber,13-03-2025,1,Metric Tonnes,18300,Rs./Quintal
Kerala,Idukki,Thodupuzha APMC,Rubber,14-03-2025,1,Metric Tonnes,18300,Rs./Quintal
Kerala,Idukki,Thodupuzha APMC,Rubber,15-03-2025,1,Metric Tonnes,18300,Rs./Quintal
Kerala,Idukki,Thodupuzha APMC,Rubber,16-03-2025,1,Metric Tonnes,18300,Rs./Quintal
Kerala,Idukki,Thodupuzha APMC,Rubber,17-03-2025,1,Metric Tonnes,18300,Rs./Quintal
Kerala,Idukki,Thodupuzha APMC,Rubber,18-03-2025,1,Metric Tonnes,18600,Rs./Quintal
Kerala,Idukki,Thodupuzha APMC,Rubber,19-03-2025,1,Metric Tonnes,18600,Rs./Quintal
Kerala,Idukki,Thodupuzha APMC,Rubber,20-03-2025,1,Metric Tonnes,18600,Rs./Quintal
Kerala,Idukki,Thodupuzha APMC,Rubber,21-03-2025,1,Metric Tonnes,18600,Rs./Quintal
Kerala,Idukki,Thodupuzha APMC,Rubber,22-03-2025,1,Metric Tonnes,18600,Rs./Quintal
Kerala,Idukki,Thodupuzha APMC,Rubber,23-03-2025,1,Metric Tonnes,18600,Rs./Quintal
Kerala,Idukki,Thodupuzha APMC,Rubber,24-03-2025,1,Metric Tonnes,18600,Rs./Quintal
Kerala,Idukki,Thodupuzha APMC,Rubber,25-03-2025,1,Metric Tonnes,18600,Rs./Quintal
Kerala,Idukki,Thodupuzha APMC,Rubber,18-05-2025,0.5,Metric Tonnes,18600,Rs./Quintal
Kerala,Idukki,Thodupuzha APMC,Rubber,19-05-2025,1,Metric Tonnes,18500,Rs./Quintal
Kerala,Idukki,Thodupuzha APMC,Rubber,20-05-2025,1,Metric Tonnes,18500,Rs./Quintal
Kerala,Idukki,Thodupuzha APMC,Rubber,21-05-2025,1,Metric Tonnes,18500,Rs./Quintal
Kerala,Idukki,Thodupuzha APMC,Rubber,22-05-2025,1,Metric Tonnes,18500,Rs./Quintal
Kerala,Idukki,Thodupuzha APMC,Rubber,02-06-2025,1,Metric Tonnes,18500,Rs./Quintal
Kerala,Idukki,Thodupuzha APMC,Rubber,03-06-2025,1,Metric Tonnes,18500,Rs./Quintal
Kerala,Idukki,Thodupuzha APMC,Rubber,06-06-2025,1,Metric Tonnes,18500,Rs./Quintal
Kerala,Idukki,Thodupuzha APMC,Rubber,09-06-2025,1,Metric Tonnes,18500,Rs./Quintal
Kerala,Idukki,Thodupuzha APMC,Rubber,10-06-2025,1,Metric Tonnes,18500,Rs./Quintal
Kerala,Idukki,Thodupuzha APMC,Rubber,11-06-2025,1,Metric Tonnes,18500,Rs./Quintal
Kerala,Idukki,Thodupuzha APMC,Rubber,12-06-2025,1,Metric Tonnes,18500,Rs./Quintal
Kerala,Idukki,Thodupuzha APMC,Rubber,13-06-2025,1,Metric Tonnes,18500,Rs./Quintal
Kerala,Idukki,Thodupuzha APMC,Rubber,15-06-2025,1,Metric Tonnes,18500,Rs./Quintal
Kerala,Idukki,Thodupuzha APMC,Rubber,18-06-2025,1,Metric Tonnes,19000,Rs./Quintal
Kerala,Idukki,Thodupuzha APMC,Rubber,19-06-2025,1,Metric Tonnes,19000,Rs./Quintal
Kerala,Idukki,Thodupuzha APMC,Rubber,20-06-2025,1,Metric Tonnes,19000,Rs./Quintal
Kerala,Idukki,Thodupuzha APMC,Rubber,21-06-2025,1,Metric Tonnes,19000,Rs./Quintal
Kerala,Idukki,Thodupuzha APMC,Rubber,28-06-2025,1,Metric Tonnes,19000,Rs./Quintal
Kerala,Idukki,Thodupuzha APMC,Rubber,01-08-2025,1,Metric Tonnes,17500,Rs./Quintal
Kerala,Idukki,Thodupuzha APMC,Rubber,03-08-2025,1,Metric Tonnes,17600,Rs./Quintal
Kerala,Idukki,Thodupuzha APMC,Rubber,04-08-2025,1,Metric Tonnes,17500,Rs./Quintal
Kerala,Idukki,Thodupuzha APMC,Rubber,05-08-2025,1,Metric Tonnes,17500,Rs./Quintal
Kerala,Idukki,Thodupuzha APMC,Rubber,12-08-2025,1,Metric Tonnes,17500,Rs./Quintal
Kerala,Idukki,Thodupuzha APMC,Rubber,13-08-2025,1,Metric Tonnes,17500,Rs./Quintal
Kerala,Idukki,Thodupuzha APMC,Rubber,14-08-2025,1,Metric Tonnes,17500,Rs./Quintal
Kerala,Idukki,Thodupuzha APMC,Rubber,15-08-2025,1,Metric Tonnes,17500,Rs./Quintal
Kerala,Idukki,Thodupuzha APMC,Rubber,17-08-2025,1,Metric Tonnes,17500,Rs./Quintal
Kerala,Idukki,Thodupuzha APMC,Rubber,18-08-2025,1,Metric Tonnes,17500,Rs./Quintal
Kerala,Idukki,Thodupuzha APMC,Rubber,19-08-2025,1,Metric Tonnes,17500,Rs./Quintal
Kerala,Idukki,Thodupuzha APMC,Rubber,20-08-2025,1,Metric Tonnes,17500,Rs./Quintal
Kerala,Idukki,Thodupuzha APMC,Rubber,21-08-2025,1,Metric Tonnes,17500,Rs./Quintal
Kerala,Idukki,Thodupuzha APMC,Rubber,22-08-2025,1,Metric Tonnes,17500,Rs./Quintal
Kerala,Idukki,Thodupuzha APMC,Rubber,09-09-2025,1,Metric Tonnes,18250,Rs./Quintal
Kerala,Idukki,Thodupuzha APMC,Rubber,10-09-2025,1,Metric Tonnes,18250,Rs./Quintal
Kerala,Idukki,Thodupuzha APMC,Rubber,11-09-2025,0.1,Metric Tonnes,18800,Rs./Quintal
Kerala,Idukki,Thodupuzha APMC,Rubber,15-09-2025,0.4,Metric Tonnes,18250,Rs./Quintal
Kerala,Idukki,Thodupuzha APMC,Rubber,16-09-2025,1,Metric Tonnes,18250,Rs./Quintal
Kerala,Idukki,Thodupuzha APMC,Rubber,20-09-2025,1,Metric Tonnes,18250,Rs./Quintal
Kerala,Idukki,Thodupuzha APMC,Rubber,21-09-2025,1,Metric Tonnes,18500,Rs./Quintal
Kerala,Idukki,Thodupuzha APMC,Rubber,23-09-2025,1,Metric Tonnes,18250,Rs./Quintal
Kerala,Idukki,Thodupuzha APMC,Rubber,24-09-2025,1,Metric Tonnes,18250,Rs./Quintal
Kerala,Idukki,Thodupuzha APMC,Rubber,01-10-2025,1,Metric Tonnes,18250,Rs./Quintal
Kerala,Idukki,Thodupuzha APMC,Rubber,02-10-2025,1,Metric Tonnes,18250,Rs./Quintal
Kerala,Idukki,Thodupuzha APMC,Rubber,03-10-2025,1,Metric Tonnes,18250,Rs./Quintal
Kerala,Idukki,Thodupuzha APMC,Rubber,04-10-2025,1,Metric Tonnes,18250,Rs./Quintal
Kerala,Idukki,Thodupuzha APMC,Rubber,05-10-2025,1,Metric Tonnes,18250,Rs./Quintal
Kerala,Idukki,Thodupuzha APMC,Rubber,08-10-2025,1,Metric Tonnes,18250,Rs./Quintal
Kerala,Idukki,Thodupuzha APMC,Rubber,05-12-2025,0.2,Metric Tonnes,17350,Rs./Quintal
Kerala,Idukki,Thodupuzha APMC,Rubber,08-12-2025,2,Metric Tonnes,17500,Rs./Quintal
Kerala,Idukki,Thodupuzha APMC,Rubber,09-12-2025,1,Metric Tonnes,17600,Rs./Quintal
Kerala,Idukki,Thodupuzha APMC,Rubber,14-12-2025,2,Metric Tonnes,17300,Rs./Quintal
Kerala,Idukki,Thodupuzha APMC,Rubber,16-12-2025,1,Metric Tonnes,17500,Rs./Quintal
Kerala,Idukki,Thodupuzha APMC,Rubber,17-12-2025,2,Metric Tonnes,17350,Rs./Quintal
Kerala,Idukki,Thodupuzha APMC,Rubber,20-12-2025,1,Metric Tonnes,17500,Rs./Quintal
Kerala,Idukki,Thodupuzha APMC,Rubber,31-12-2025,2,Metric Tonnes,17350,Rs./Quintal
Kerala,Kannur,Irikkur APMC,Rubber,06-01-2025,9.5,Metric Tonnes,18500,Rs./Quintal
Kerala,Kannur,Irikkur APMC,Rubber,07-01-2025,9.1,Metric Tonnes,18500,Rs./Quintal
Kerala,Kannur,Irikkur APMC,Rubber,08-01-2025,0.9,Metric Tonnes,18500,Rs./Quintal
Kerala,Kannur,Irikkur APMC,Rubber,09-01-2025,10.4,Metric Tonnes,18500,Rs./Quintal
Kerala,Kannur,Irikkur APMC,Rubber,11-01-2025,13.2,Metric Tonnes,18500,Rs./Quintal
Kerala,Kannur,Irikkur APMC,Rubber,12-01-2025,0.8,Metric Tonnes,18500,Rs./Quintal
Kerala,Kannur,Irikkur APMC,Rubber,13-01-2025,13.1,Metric Tonnes,18800,Rs./Quintal
Kerala,Kannur,Irikkur APMC,Rubber,15-01-2025,9.3,Metric Tonnes,18800,Rs./Quintal
Kerala,Kannur,Irikkur APMC,Rubber,16-01-2025,15.1,Metric Tonnes,18800,Rs./Quintal
Kerala,Kannur,Irikkur APMC,Rubber,17-01-2025,8.2,Metric Tonnes,18800,Rs./Quintal
Kerala,Kannur,Irikkur APMC,Rubber,18-01-2025,11.1,Metric Tonnes,18800,Rs./Quintal
Kerala,Kannur,Irikkur APMC,Rubber,25-01-2025,13.1,Metric Tonnes,18500,Rs./Quintal
Kerala,Kannur,Irikkur APMC,Rubber,26-01-2025,9.9,Metric Tonnes,18500,Rs./Quintal
Kerala,Kannur,Irikkur APMC,Rubber,28-01-2025,9.2,Metric Tonnes,18500,Rs./Quintal
Kerala,Kannur,Irikkur APMC,Rubber,29-01-2025,14.1,Metric Tonnes,18800,Rs./Quintal
Kerala,Kannur,Irikkur APMC,Rubber,30-01-2025,18.2,Metric Tonnes,18000,Rs./Quintal
Kerala,Kannur,Irikkur APMC,Rubber,31-01-2025,9.3,Metric Tonnes,18800,Rs./Quintal
Kerala,Kannur,Irikkur APMC,Rubber,01-02-2025,6.2,Metric Tonnes,18500,Rs./Quintal
Kerala,Kannur,Irikkur APMC,Rubber,03-02-2025,0.8,Metric Tonnes,18500,Rs./Quintal
Kerala,Kannur,Irikkur APMC,Rubber,04-02-2025,14.1,Metric Tonnes,18800,Rs./Quintal
Kerala,Kannur,Irikkur APMC,Rubber,06-02-2025,9.9,Metric Tonnes,18800,Rs./Quintal
Kerala,Kannur,Irikkur APMC,Rubber,09-02-2025,13.5,Metric Tonnes,18800,Rs./Quintal
Kerala,Kannur,Irikkur APMC,Rubber,10-02-2025,0.9,Metric Tonnes,18800,Rs./Quintal
Kerala,Kannur,Irikkur APMC,Rubber,11-02-2025,0.8,Metric Tonnes,18800,Rs./Quintal
Kerala,Kannur,Irikkur APMC,Rubber,13-02-2025,9.4,Metric Tonnes,18600,Rs./Quintal
Kerala,Kannur,Irikkur APMC,Rubber,14-02-2025,8.3,Metric Tonnes,18600,Rs./Quintal
Kerala,Kannur,Irikkur APMC,Rubber,15-02-2025,13.1,Metric Tonnes,18600,Rs./Quintal
Kerala,Kannur,Irikkur APMC,Rubber,16-02-2025,9.7,Metric Tonnes,18600,Rs./Quintal
Kerala,Kannur,Irikkur APMC,Rubber,19-02-2025,9.3,Metric Tonnes,18600,Rs./Quintal
Kerala,Kannur,Irikkur APMC,Rubber,20-02-2025,9.5,Metric Tonnes,18600,Rs./Quintal
Kerala,Kannur,Irikkur APMC,Rubber,22-02-2025,0.9,Metric Tonnes,18600,Rs./Quintal
Kerala,Kannur,Irikkur APMC,Rubber,23-02-2025,13.2,Metric Tonnes,18600,Rs./Quintal
Kerala,Kannur,Irikkur APMC,Rubber,24-02-2025,10.5,Metric Tonnes,18700,Rs./Quintal
Kerala,Kannur,Irikkur APMC,Rubber,25-02-2025,13.1,Metric Tonnes,18700,Rs./Quintal
Kerala,Kannur,Irikkur APMC,Rubber,03-03-2025,16.2,Metric Tonnes,18700,Rs./Quintal
Kerala,Kannur,Irikkur APMC,Rubber,04-03-2025,16.4,Metric Tonnes,18700,Rs./Quintal
Kerala,Kannur,Irikkur APMC,Rubber,06-03-2025,13.1,Metric Tonnes,18700,Rs./Quintal
Kerala,Kannur,Irikkur APMC,Rubber,07-03-2025,8.3,Metric Tonnes,18700,Rs./Quintal
Kerala,Kannur,Irikkur APMC,Rubber,09-03-2025,11.4,Metric Tonnes,15700,Rs./Quintal
Kerala,Kannur,Irikkur APMC,Rubber,10-03-2025,16.8,Metric Tonnes,19000,Rs./Quintal
Kerala,Kannur,Irikkur APMC,Rubber,11-03-2025,9.9,Metric Tonnes,19000,Rs./Quintal
Kerala,Kannur,Irikkur APMC,Rubber,12-03-2025,8.9,Metric Tonnes,19000,Rs./Quintal
Kerala,Kannur,Irikkur APMC,Rubber,14-03-2025,14.2,Metric Tonnes,19000,Rs./Quintal
Kerala,Kannur,Irikkur APMC,Rubber,15-03-2025,9.4,Metric Tonnes,19800,Rs./Quintal
Kerala,Kannur,Irikkur APMC,Rubber,16-03-2025,8.5,Metric Tonnes,19800,Rs./Quintal
Kerala,Kannur,Irikkur APMC,Rubber,18-03-2025,15.3,Metric Tonnes,19400,Rs./Quintal
Kerala,Kannur,Irikkur APMC,Rubber,19-03-2025,0.9,Metric Tonnes,19400,Rs./Quintal
Kerala,Kannur,Irikkur APMC,Rubber,20-03-2025,13.4,Metric Tonnes,19400,Rs./Quintal
Kerala,Kannur,Irikkur APMC,Rubber,22-03-2025,15.3,Metric Tonnes,20000,Rs./Quintal
Kerala,Kannur,Irikkur APMC,Rubber,23-03-2025,9.4,Metric Tonnes,20000,Rs./Quintal
Kerala,Kannur,Irikkur APMC,Rubber,25-03-2025,18.2,Metric Tonnes,20000,Rs./Quintal
Kerala,Kannur,Irikkur APMC,Rubber,26-03-2025,9.5,Metric Tonnes,20000,Rs./Quintal
Kerala,Kannur,Irikkur APMC,Rubber,28-03-2025,13.2,Metric Tonnes,20100,Rs./Quintal
Kerala,Kannur,Irikkur APMC,Rubber,29-03-2025,6.2,Metric Tonnes,20100,Rs./Quintal
Kerala,Kannur,Irikkur APMC,Rubber,31-03-2025,0.9,Metric Tonnes,20100,Rs./Quintal
Kerala,Kannur,Irikkur APMC,Rubber,02-04-2025,10.4,Metric Tonnes,20300,Rs./Quintal
Kerala,Kannur,Irikkur APMC,Rubber,03-04-2025,8.4,Metric Tonnes,20300,Rs./Quintal
Kerala,Kannur,Irikkur APMC,Rubber,04-04-2025,13.2,Metric Tonnes,20300,Rs./Quintal
Kerala,Kannur,Irikkur APMC,Rubber,05-04-2025,0.9,Metric Tonnes,20300,Rs./Quintal
Kerala,Kannur,Irikkur APMC,Rubber,08-04-2025,16.7,Metric Tonnes,19000,Rs./Quintal
Kerala,Kannur,Irikkur APMC,Rubber,09-04-2025,9.6,Metric Tonnes,19000,Rs./Quintal
Kerala,Kannur,Irikkur APMC,Rubber,10-04-2025,11.5,Metric Tonnes,19000,Rs./Quintal
Kerala,Kannur,Irikkur APMC,Rubber,16-04-2025,9.2,Metric Tonnes,19000,Rs./Quintal
Kerala,Kannur,Irikkur APMC,Rubber,17-04-2025,12.4,Metric Tonnes,19000,Rs./Quintal
Kerala,Kannur,Irikkur APMC,Rubber,19-04-2025,17.6,Metric Tonnes,19000,Rs./Quintal
Kerala,Kannur,Irikkur APMC,Rubber,20-04-2025,0.9,Metric Tonnes,19000,Rs./Quintal
Kerala,Kannur,Irikkur APMC,Rubber,21-04-2025,16.2,Metric Tonnes,19800,Rs./Quintal
Kerala,Kannur,Irikkur APMC,Rubber,22-04-2025,9.3,Metric Tonnes,19800,Rs./Quintal
Kerala,Kannur,Irikkur APMC,Rubber,23-04-2025,0.8,Metric Tonnes,19800,Rs./Quintal
Kerala,Kannur,Irikkur APMC,Rubber,24-04-2025,13.2,Metric Tonnes,19300,Rs./Quintal
Kerala,Kannur,Irikkur APMC,Rubber,25-04-2025,0.9,Metric Tonnes,19300,Rs./Quintal
Kerala,Kannur,Irikkur APMC,Rubber,27-04-2025,9.7,Metric Tonnes,19300,Rs./Quintal
Kerala,Kannur,Irikkur APMC,Rubber,28-04-2025,12.2,Metric Tonnes,19300,Rs./Quintal
Kerala,Kannur,Irikkur APMC,Rubber,29-04-2025,11.1,Metric Tonnes,19300,Rs./Quintal
Kerala,Kannur,Irikkur APMC,Rubber,30-04-2025,13.5,Metric Tonnes,19500,Rs./Quintal
Kerala,Kannur,Irikkur APMC,Rubber,01-05-2025,14.5,Metric Tonnes,19500,Rs./Quintal
Kerala,Kannur,Irikkur APMC,Rubber,03-05-2025,8.9,Metric Tonnes,19500,Rs./Quintal
Kerala,Kannur,Irikkur APMC,Rubber,06-05-2025,12.2,Metric Tonnes,19000,Rs./Quintal
Kerala,Kannur,Irikkur APMC,Rubber,08-05-2025,9.4,Metric Tonnes,19000,Rs./Quintal
Kerala,Kannur,Irikkur APMC,Rubber,15-05-2025,9.9,Metric Tonnes,19200,Rs./Quintal
Kerala,Kannur,Irikkur APMC,Rubber,16-05-2025,9.9,Metric Tonnes,19200,Rs./Quintal
Kerala,Kannur,Irikkur APMC,Rubber,18-05-2025,12.3,Metric Tonnes,19200,Rs./Quintal
Kerala,Kannur,Irikkur APMC,Rubber,19-05-2025,8.7,Metric Tonnes,19200,Rs./Quintal
Kerala,Kannur,Irikkur APMC,Rubber,20-05-2025,5.5,Metric Tonnes,19200,Rs./Quintal
Kerala,Kannur,Irikkur APMC,Rubber,22-05-2025,9.9,Metric Tonnes,19300,Rs./Quintal
Kerala,Kannur,Irikkur APMC,Rubber,02-06-2025,9.6,Metric Tonnes,19400,Rs./Quintal
Kerala,Kannur,Irikkur APMC,Rubber,03-06-2025,8.7,Metric Tonnes,19400,Rs./Quintal
Kerala,Kannur,Irikkur APMC,Rubber,04-06-2025,0.9,Metric Tonnes,19400,Rs./Quintal
Kerala,Kannur,Irikkur APMC,Rubber,05-06-2025,7.6,Metric Tonnes,19400,Rs./Quintal
Kerala,Kannur,Irikkur APMC,Rubber,06-06-2025,0.8,Metric Tonnes,19400,Rs./Quintal
Kerala,Kannur,Irikkur APMC,Rubber,09-06-2025,9.2,Metric Tonnes,19400,Rs./Quintal
Kerala,Kannur,Irikkur APMC,Rubber,10-06-2025,9.2,Metric Tonnes,19400,Rs./Quintal
Kerala,Kannur,Irikkur APMC,Rubber,14-06-2025,9.1,Metric Tonnes,19300,Rs./Quintal
Kerala,Kannur,Irikkur APMC,Rubber,16-06-2025,0.7,Metric Tonnes,19300,Rs./Quintal
Kerala,Kannur,Irikkur APMC,Rubber,18-06-2025,6.4,Metric Tonnes,19300,Rs./Quintal
Kerala,Kannur,Irikkur APMC,Rubber,25-06-2025,9.7,Metric Tonnes,19600,Rs./Quintal
Kerala,Kannur,Irikkur APMC,Rubber,26-06-2025,0.9,Metric Tonnes,19600,Rs./Quintal
Kerala,Kannur,Irikkur APMC,Rubber,28-06-2025,11.6,Metric Tonnes,19600,Rs./Quintal
Kerala,Kannur,Irikkur APMC,Rubber,01-07-2025,12.4,Metric Tonnes,19600,Rs./Quintal
Kerala,Kannur,Irikkur APMC,Rubber,14-07-2025,9.4,Metric Tonnes,20600,Rs./Quintal
Kerala,Kannur,Irikkur APMC,Rubber,15-07-2025,0.9,Metric Tonnes,20600,Rs./Quintal
Kerala,Kannur,Irikkur APMC,Rubber,16-07-2025,8.4,Metric Tonnes,20600,Rs./Quintal
Kerala,Kannur,Irikkur APMC,Rubber,17-07-2025,8.4,Metric Tonnes,20600,Rs./Quintal
Kerala,Kannur,Irikkur APMC,Rubber,22-07-2025,8.2,Metric Tonnes,20800,Rs./Quintal
Kerala,Kannur,Irikkur APMC,Rubber,23-07-2025,11.4,Metric Tonnes,20800,Rs./Quintal
Kerala,Kannur,Irikkur APMC,Rubber,04-08-2025,12.2,Metric Tonnes,19800,Rs./Quintal
Kerala,Kannur,Irikkur APMC,Rubber,05-08-2025,9.5,Metric Tonnes,19800,Rs./Quintal
Kerala,Kannur,Irikkur APMC,Rubber,07-08-2025,14.7,Metric Tonnes,19800,Rs./Quintal
Kerala,Kannur,Irikkur APMC,Rubber,08-08-2025,9.5,Metric Tonnes,19800,Rs./Quintal
Kerala,Kannur,Irikkur APMC,Rubber,13-08-2025,9.1,Metric Tonnes,19600,Rs./Quintal
Kerala,Kannur,Irikkur APMC,Rubber,15-08-2025,9.9,Metric Tonnes,19800,Rs./Quintal
Kerala,Kannur,Irikkur APMC,Rubber,16-08-2025,12.5,Metric Tonnes,19800,Rs./Quintal
Kerala,Kannur,Irikkur APMC,Rubber,21-08-2025,12.5,Metric Tonnes,18500,Rs./Quintal
Kerala,Kannur,Irikkur APMC,Rubber,22-08-2025,9.7,Metric Tonnes,18500,Rs./Quintal
Kerala,Kannur,Irikkur APMC,Rubber,24-08-2025,17.1,Metric Tonnes,18500,Rs./Quintal
Kerala,Kannur,Irikkur APMC,Rubber,25-08-2025,9.8,Metric Tonnes,18000,Rs./Quintal
Kerala,Kannur,Irikkur APMC,Rubber,30-08-2025,18.5,Metric Tonnes,18700,Rs./Quintal
Kerala,Kannur,Irikkur APMC,Rubber,31-08-2025,12.6,Metric Tonnes,18700,Rs./Quintal
Kerala,Kannur,Irikkur APMC,Rubber,02-09-2025,18.4,Metric Tonnes,18700,Rs./Quintal
Kerala,Kannur,Irikkur APMC,Rubber,05-09-2025,13.2,Metric Tonnes,18700,Rs./Quintal
Kerala,Kannur,Irikkur APMC,Rubber,06-09-2025,9.4,Metric Tonnes,18700,Rs./Quintal
Kerala,Kannur,Irikkur APMC,Rubber,08-09-2025,11.1,Metric Tonnes,18700,Rs./Quintal
Kerala,Kannur,Irikkur APMC,Rubber,15-09-2025,18.3,Metric Tonnes,18400,Rs./Quintal
Kerala,Kannur,Irikkur APMC,Rubber,16-09-2025,13.2,Metric Tonnes,18400,Rs./Quintal
Kerala,Kannur,Irikkur APMC,Rubber,18-09-2025,14.6,Metric Tonnes,18400,Rs./Quintal
Kerala,Kannur,Irikkur APMC,Rubber,19-09-2025,17.9,Metric Tonnes,18400,Rs./Quintal
Kerala,Kannur,Irikkur APMC,Rubber,20-09-2025,0.9,Metric Tonnes,18400,Rs./Quintal
Kerala,Kannur,Irikkur APMC,Rubber,24-09-2025,0.9,Metric Tonnes,18000,Rs./Quintal
Kerala,Kannur,Irikkur APMC,Rubber,25-09-2025,7.6,Metric Tonnes,18000,Rs./Quintal
Kerala,Kannur,Irikkur APMC,Rubber,26-09-2025,9.9,Metric Tonnes,18000,Rs./Quintal
Kerala,Kannur,Irikkur APMC,Rubber,27-09-2025,8.8,Metric Tonnes,18000,Rs./Quintal
Kerala,Kannur,Irikkur APMC,Rubber,28-09-2025,7.9,Metric Tonnes,18000,Rs./Quintal
Kerala,Kannur,Irikkur APMC,Rubber,29-09-2025,13.4,Metric Tonnes,18500,Rs./Quintal
Kerala,Kannur,Irikkur APMC,Rubber,01-10-2025,9.3,Metric Tonnes,18500,Rs./Quintal
Kerala,Kannur,Irikkur APMC,Rubber,04-10-2025,18.5,Metric Tonnes,18500,Rs./Quintal
Kerala,Kannur,Irikkur APMC,Rubber,08-10-2025,15.4,Metric Tonnes,18200,Rs./Quintal
Kerala,Kannur,Irikkur APMC,Rubber,09-10-2025,9.6,Metric Tonnes,18200,Rs./Quintal
Kerala,Kannur,Irikkur APMC,Rubber,10-10-2025,12.9,Metric Tonnes,18200,Rs./Quintal
Kerala,Kannur,Irikkur APMC,Rubber,14-10-2025,0.9,Metric Tonnes,18200,Rs./Quintal
Kerala,Kannur,Irikkur APMC,Rubber,15-10-2025,13.7,Metric Tonnes,18300,Rs./Quintal
Kerala,Kannur,Irikkur APMC,Rubber,17-10-2025,9.1,Metric Tonnes,18300,Rs./Quintal
Kerala,Kannur,Irikkur APMC,Rubber,18-10-2025,9.1,Metric Tonnes,18300,Rs./Quintal
Kerala,Kannur,Irikkur APMC,Rubber,19-10-2025,12.1,Metric Tonnes,18300,Rs./Quintal
Kerala,Kannur,Irikkur APMC,Rubber,22-10-2025,15.9,Metric Tonnes,18400,Rs./Quintal
Kerala,Kannur,Irikkur APMC,Rubber,23-10-2025,9.4,Metric Tonnes,18400,Rs./Quintal
Kerala,Kannur,Irikkur APMC,Rubber,25-10-2025,12.6,Metric Tonnes,18400,Rs./Quintal
Kerala,Kannur,Irikkur APMC,Rubber,26-10-2025,14.3,Metric Tonnes,18400,Rs./Quintal
Kerala,Kannur,Irikkur APMC,Rubber,27-10-2025,0.9,Metric Tonnes,18500,Rs./Quintal
Kerala,Kannur,Irikkur APMC,Rubber,28-10-2025,11.3,Metric Tonnes,18500,Rs./Quintal
Kerala,Kannur,Irikkur APMC,Rubber,29-10-2025,15.4,Metric Tonnes,18500,Rs./Quintal
Kerala,Kannur,Irikkur APMC,Rubber,03-11-2025,9.8,Metric Tonnes,18500,Rs./Quintal
Kerala,Kannur,Irikkur APMC,Rubber,04-11-2025,12.9,Metric Tonnes,18500,Rs./Quintal
Kerala,Kannur,Irikkur APMC,Rubber,13-11-2025,1.4,Metric Tonnes,18000,Rs./Quintal
Kerala,Kannur,Irikkur APMC,Rubber,16-11-2025,1.2,Metric Tonnes,18000,Rs./Quintal
Kerala,Kannur,Irikkur APMC,Rubber,17-11-2025,0.14,Metric Tonnes,18000,Rs./Quintal
Kerala,Kannur,Irikkur APMC,Rubber,18-11-2025,0.18,Metric Tonnes,18000,Rs./Quintal
Kerala,Kannur,Irikkur APMC,Rubber,19-11-2025,0.12,Metric Tonnes,18000,Rs./Quintal
Kerala,Kannur,Irikkur APMC,Rubber,20-11-2025,0.19,Metric Tonnes,18000,Rs./Quintal
Kerala,Kannur,Irikkur APMC,Rubber,21-11-2025,0.15,Metric Tonnes,18100,Rs./Quintal
Kerala,Kannur,Irikkur APMC,Rubber,22-11-2025,0.15,Metric Tonnes,18100,Rs./Quintal
Kerala,Kannur,Irikkur APMC,Rubber,23-11-2025,0.11,Metric Tonnes,18100,Rs./Quintal
Kerala,Kannur,Irikkur APMC,Rubber,24-11-2025,0.14,Metric Tonnes,18000,Rs./Quintal
Kerala,Kannur,Irikkur APMC,Rubber,25-11-2025,12.7,Metric Tonnes,18000,Rs./Quintal
Kerala,Kannur,Irikkur APMC,Rubber,26-11-2025,10.2,Metric Tonnes,18000,Rs./Quintal
Kerala,Kannur,Irikkur APMC,Rubber,28-11-2025,0.11,Metric Tonnes,18000,Rs./Quintal
Kerala,Kannur,Irikkur APMC,Rubber,29-11-2025,12.3,Metric Tonnes,18500,Rs./Quintal
Kerala,Kannur,Irikkur APMC,Rubber,30-11-2025,0.9,Metric Tonnes,17900,Rs./Quintal
Kerala,Kannur,Irikkur APMC,Rubber,01-12-2025,0.12,Metric Tonnes,17950,Rs./Quintal
Kerala,Kannur,Irikkur APMC,Rubber,02-12-2025,0.9,Metric Tonnes,17900,Rs./Quintal
Kerala,Kannur,Irikkur APMC,Rubber,06-12-2025,0.15,Metric Tonnes,17950,Rs./Quintal
Kerala,Kannur,Irikkur APMC,Rubber,07-12-2025,9.8,Metric Tonnes,17950,Rs./Quintal
Kerala,Kannur,Irikkur APMC,Rubber,09-12-2025,12.3,Metric Tonnes,17950,Rs./Quintal
Kerala,Kannur,Irikkur APMC,Rubber,12-12-2025,8.6,Metric Tonnes,17950,Rs./Quintal
Kerala,Kannur,Irikkur APMC,Rubber,15-12-2025,10.9,Metric Tonnes,17950,Rs./Quintal
Kerala,Kannur,Irikkur APMC,Rubber,16-12-2025,0.8,Metric Tonnes,17950,Rs./Quintal
Kerala,Kannur,Irikkur APMC,Rubber,19-12-2025,5.6,Metric Tonnes,17950,Rs./Quintal
Kerala,Kannur,Irikkur APMC,Rubber,20-12-2025,8.3,Metric Tonnes,17950,Rs./Quintal
Kerala,Kannur,Irikkur APMC,Rubber,21-12-2025,5.9,Metric Tonnes,17900,Rs./Quintal
Kerala,Kannur,Irikkur APMC,Rubber,22-12-2025,0.2,Metric Tonnes,17900,Rs./Quintal
Kerala,Kannur,Irikkur APMC,Rubber,23-12-2025,2.1,Metric Tonnes,17900,Rs./Quintal
Kerala,Kannur,Irikkur APMC,Rubber,24-12-2025,1.5,Metric Tonnes,17900,Rs./Quintal
Kerala,Kannur,Irikkur APMC,Rubber,25-12-2025,0.8,Metric Tonnes,17900,Rs./Quintal
Kerala,Kannur,Irikkur APMC,Rubber,26-12-2025,2.2,Metric Tonnes,17900,Rs./Quintal
Kerala,Kannur,Irikkur APMC,Rubber,27-12-2025,0.1,Metric Tonnes,17900,Rs./Quintal
Kerala,Kannur,Irikkur APMC,Rubber,28-12-2025,0.4,Metric Tonnes,17900,Rs./Quintal
Kerala,Kannur,Irikkur APMC,Rubber,29-12-2025,0.1,Metric Tonnes,17900,Rs./Quintal
Kerala,Kannur,Irityy APMC,Rubber,16-01-2025,4,Metric Tonnes,18700,Rs./Quintal
Kerala,Kannur,Irityy APMC,Rubber,17-01-2025,3,Metric Tonnes,18700,Rs./Quintal
Kerala,Kannur,Irityy APMC,Rubber,20-01-2025,2,Metric Tonnes,18700,Rs./Quintal
Kerala,Kannur,Irityy APMC,Rubber,21-01-2025,3,Metric Tonnes,18700,Rs./Quintal
Kerala,Kannur,Irityy APMC,Rubber,22-01-2025,5,Metric Tonnes,18600,Rs./Quintal
Kerala,Kannur,Irityy APMC,Rubber,23-01-2025,4,Metric Tonnes,18600,Rs./Quintal
Kerala,Kannur,Irityy APMC,Rubber,24-01-2025,1,Metric Tonnes,18600,Rs./Quintal
Kerala,Kannur,Irityy APMC,Rubber,25-01-2025,3,Metric Tonnes,18700,Rs./Quintal
Kerala,Kannur,Irityy APMC,Rubber,27-01-2025,2,Metric Tonnes,18700,Rs./Quintal
Kerala,Kannur,Irityy APMC,Rubber,28-01-2025,3,Metric Tonnes,18700,Rs./Quintal
Kerala,Kannur,Irityy APMC,Rubber,29-01-2025,4,Metric Tonnes,18700,Rs./Quintal
Kerala,Kannur,Irityy APMC,Rubber,30-01-2025,3,Metric Tonnes,18600,Rs./Quintal
Kerala,Kannur,Irityy APMC,Rubber,31-01-2025,3,Metric Tonnes,18700,Rs./Quintal
Kerala,Kannur,Irityy APMC,Rubber,03-02-2025,2,Metric Tonnes,18800,Rs./Quintal
Kerala,Kannur,Irityy APMC,Rubber,04-02-2025,2,Metric Tonnes,18800,Rs./Quintal
Kerala,Kannur,Irityy APMC,Rubber,05-02-2025,3,Metric Tonnes,18800,Rs./Quintal
Kerala,Kannur,Irityy APMC,Rubber,10-02-2025,2,Metric Tonnes,18700,Rs./Quintal
Kerala,Kannur,Irityy APMC,Rubber,11-02-2025,3,Metric Tonnes,18700,Rs./Quintal
Kerala,Kannur,Irityy APMC,Rubber,12-02-2025,2,Metric Tonnes,18600,Rs./Quintal
Kerala,Kannur,Irityy APMC,Rubber,14-02-2025,2,Metric Tonnes,18700,Rs./Quintal
Kerala,Kannur,Irityy APMC,Rubber,15-02-2025,5,Metric Tonnes,18700,Rs./Quintal
Kerala,Kannur,Irityy APMC,Rubber,18-02-2025,4,Metric Tonnes,18800,Rs./Quintal
Kerala,Kannur,Irityy APMC,Rubber,19-02-2025,6,Metric Tonnes,18700,Rs./Quintal
Kerala,Kannur,Irityy APMC,Rubber,20-02-2025,3,Metric Tonnes,18700,Rs./Quintal
Kerala,Kannur,Irityy APMC,Rubber,24-02-2025,5,Metric Tonnes,18700,Rs./Quintal
Kerala,Kannur,Irityy APMC,Rubber,25-02-2025,3,Metric Tonnes,18800,Rs./Quintal
Kerala,Kannur,Irityy APMC,Rubber,26-02-2025,2,Metric Tonnes,18700,Rs./Quintal
Kerala,Kannur,Irityy APMC,Rubber,27-02-2025,3,Metric Tonnes,18700,Rs./Quintal
Kerala,Kannur,Irityy APMC,Rubber,28-02-2025,2,Metric Tonnes,18700,Rs./Quintal
Kerala,Kannur,Irityy APMC,Rubber,10-03-2025,2,Metric Tonnes,18900,Rs./Quintal
Kerala,Kannur,Irityy APMC,Rubber,11-03-2025,2,Metric Tonnes,18900,Rs./Quintal
Kerala,Kannur,Irityy APMC,Rubber,13-03-2025,3,Metric Tonnes,18900,Rs./Quintal
Kerala,Kannur,Irityy APMC,Rubber,14-03-2025,2,Metric Tonnes,18900,Rs./Quintal
Kerala,Kannur,Irityy APMC,Rubber,15-03-2025,3,Metric Tonnes,18900,Rs./Quintal
Kerala,Kannur,Irityy APMC,Rubber,18-03-2025,3,Metric Tonnes,19500,Rs./Quintal
Kerala,Kannur,Irityy APMC,Rubber,19-03-2025,5,Metric Tonnes,19500,Rs./Quintal
Kerala,Kannur,Irityy APMC,Rubber,21-03-2025,2,Metric Tonnes,18700,Rs./Quintal
Kerala,Kannur,Irityy APMC,Rubber,04-04-2025,2,Metric Tonnes,19800,Rs./Quintal
Kerala,Kannur,Irityy APMC,Rubber,05-04-2025,3,Metric Tonnes,19800,Rs./Quintal
Kerala,Kannur,Irityy APMC,Rubber,16-04-2025,1,Metric Tonnes,19300,Rs./Quintal
Kerala,Kannur,Irityy APMC,Rubber,17-04-2025,2,Metric Tonnes,19300,Rs./Quintal
Kerala,Kannur,Irityy APMC,Rubber,18-04-2025,1,Metric Tonnes,19500,Rs./Quintal
Kerala,Kannur,Irityy APMC,Rubber,19-04-2025,1,Metric Tonnes,19400,Rs./Quintal
Kerala,Kannur,Irityy APMC,Rubber,22-04-2025,1,Metric Tonnes,19300,Rs./Quintal
Kerala,Kannur,Irityy APMC,Rubber,23-04-2025,1,Metric Tonnes,19300,Rs./Quintal
Kerala,Kannur,Irityy APMC,Rubber,28-04-2025,1,Metric Tonnes,19500,Rs./Quintal
Kerala,Kannur,Irityy APMC,Rubber,29-04-2025,1,Metric Tonnes,19500,Rs./Quintal
Kerala,Kannur,Irityy APMC,Rubber,02-05-2025,1,Metric Tonnes,19500,Rs./Quintal
Kerala,Kannur,Irityy APMC,Rubber,08-05-2025,1,Metric Tonnes,19000,Rs./Quintal
Kerala,Kannur,Irityy APMC,Rubber,09-05-2025,1,Metric Tonnes,19000,Rs./Quintal
Kerala,Kannur,Irityy APMC,Rubber,12-05-2025,1,Metric Tonnes,19200,Rs./Quintal
Kerala,Kannur,Irityy APMC,Rubber,13-05-2025,1,Metric Tonnes,19200,Rs./Quintal
Kerala,Kannur,Irityy APMC,Rubber,17-05-2025,1,Metric Tonnes,19100,Rs./Quintal
Kerala,Kannur,Irityy APMC,Rubber,19-05-2025,2,Metric Tonnes,19200,Rs./Quintal
Kerala,Kannur,Irityy APMC,Rubber,23-05-2025,0.5,Metric Tonnes,19500,Rs./Quintal
Kerala,Kannur,Irityy APMC,Rubber,24-05-2025,0.5,Metric Tonnes,19500,Rs./Quintal
Kerala,Kannur,Irityy APMC,Rubber,25-05-2025,0.5,Metric Tonnes,19500,Rs./Quintal
Kerala,Kannur,Irityy APMC,Rubber,28-05-2025,0.2,Metric Tonnes,19600,Rs./Quintal
Kerala,Kannur,Irityy APMC,Rubber,30-05-2025,0.2,Metric Tonnes,19600,Rs./Quintal
Kerala,Kannur,Irityy APMC,Rubber,05-06-2025,1,Metric Tonnes,19600,Rs./Quintal
Kerala,Kannur,Irityy APMC,Rubber,09-06-2025,1,Metric Tonnes,19400,Rs./Quintal
Kerala,Kannur,Irityy APMC,Rubber,17-06-2025,1,Metric Tonnes,19400,Rs./Quintal
Kerala,Kannur,Irityy APMC,Rubber,18-06-2025,1,Metric Tonnes,19400,Rs./Quintal
Kerala,Kannur,Irityy APMC,Rubber,20-06-2025,0.3,Metric Tonnes,19600,Rs./Quintal
Kerala,Kannur,Irityy APMC,Rubber,22-06-2025,0.2,Metric Tonnes,19600,Rs./Quintal
Kerala,Kannur,Irityy APMC,Rubber,23-06-2025,0.5,Metric Tonnes,19600,Rs./Quintal
Kerala,Kannur,Irityy APMC,Rubber,01-07-2025,1,Metric Tonnes,19900,Rs./Quintal
Kerala,Kannur,Irityy APMC,Rubber,02-07-2025,1,Metric Tonnes,19900,Rs./Quintal
Kerala,Kannur,Irityy APMC,Rubber,08-07-2025,0.5,Metric Tonnes,19900,Rs./Quintal
Kerala,Kannur,Irityy APMC,Rubber,09-07-2025,1,Metric Tonnes,19900,Rs./Quintal
Kerala,Kannur,Irityy APMC,Rubber,15-07-2025,1,Metric Tonnes,20400,Rs./Quintal
Kerala,Kannur,Irityy APMC,Rubber,17-07-2025,1,Metric Tonnes,21000,Rs./Quintal
Kerala,Kannur,Irityy APMC,Rubber,18-07-2025,1,Metric Tonnes,25000,Rs./Quintal
Kerala,Kannur,Irityy APMC,Rubber,19-07-2025,0.5,Metric Tonnes,20000,Rs./Quintal
Kerala,Kannur,Irityy APMC,Rubber,21-07-2025,0.5,Metric Tonnes,20000,Rs./Quintal
Kerala,Kannur,Irityy APMC,Rubber,22-07-2025,1,Metric Tonnes,19000,Rs./Quintal
Kerala,Kannur,Irityy APMC,Rubber,30-07-2025,1,Metric Tonnes,19700,Rs./Quintal
Kerala,Kannur,Irityy APMC,Rubber,31-07-2025,1,Metric Tonnes,19700,Rs./Quintal
Kerala,Kannur,Irityy APMC,Rubber,08-08-2025,2,Metric Tonnes,18000,Rs./Quintal
Kerala,Kannur,Irityy APMC,Rubber,09-08-2025,1,Metric Tonnes,18000,Rs./Quintal
Kerala,Kannur,Irityy APMC,Rubber,11-08-2025,0.5,Metric Tonnes,19600,Rs./Quintal
Kerala,Kannur,Irityy APMC,Rubber,25-08-2025,2,Metric Tonnes,18800,Rs./Quintal
Kerala,Kannur,Irityy APMC,Rubber,26-08-2025,1,Metric Tonnes,18700,Rs./Quintal
Kerala,Kannur,Irityy APMC,Rubber,06-09-2025,1,Metric Tonnes,18000,Rs./Quintal
Kerala,Kannur,Irityy APMC,Rubber,08-09-2025,1,Metric Tonnes,18000,Rs./Quintal
Kerala,Kannur,Irityy APMC,Rubber,11-09-2025,1,Metric Tonnes,18000,Rs./Quintal
Kerala,Kannur,Irityy APMC,Rubber,21-09-2025,1,Metric Tonnes,18600,Rs./Quintal
Kerala,Kannur,Irityy APMC,Rubber,23-09-2025,1,Metric Tonnes,18500,Rs./Quintal
Kerala,Kannur,Irityy APMC,Rubber,25-09-2025,1,Metric Tonnes,18500,Rs./Quintal
Kerala,Kannur,Irityy APMC,Rubber,27-09-2025,1,Metric Tonnes,18500,Rs./Quintal
Kerala,Kannur,Irityy APMC,Rubber,29-09-2025,0.2,Metric Tonnes,18400,Rs./Quintal
Kerala,Kannur,Irityy APMC,Rubber,30-09-2025,0.5,Metric Tonnes,18400,Rs./Quintal
Kerala,Kannur,Irityy APMC,Rubber,06-10-2025,1,Metric Tonnes,18400,Rs./Quintal
Kerala,Kannur,Irityy APMC,Rubber,08-10-2025,1,Metric Tonnes,18300,Rs./Quintal
Kerala,Kannur,Irityy APMC,Rubber,10-10-2025,1,Metric Tonnes,18500,Rs./Quintal
Kerala,Kannur,Irityy APMC,Rubber,18-10-2025,1,Metric Tonnes,18400,Rs./Quintal
Kerala,Kannur,Irityy APMC,Rubber,23-10-2025,1,Metric Tonnes,18400,Rs./Quintal
Kerala,Kannur,Irityy APMC,Rubber,27-10-2025,1,Metric Tonnes,18300,Rs./Quintal
Kerala,Kannur,Irityy APMC,Rubber,28-10-2025,1,Metric Tonnes,18300,Rs./Quintal
Kerala,Kannur,Irityy APMC,Rubber,29-10-2025,1,Metric Tonnes,18500,Rs./Quintal
Kerala,Kannur,Irityy APMC,Rubber,31-10-2025,1,Metric Tonnes,18300,Rs./Quintal
Kerala,Kannur,Irityy APMC,Rubber,01-11-2025,0.5,Metric Tonnes,18300,Rs./Quintal
Kerala,Kannur,Irityy APMC,Rubber,03-11-2025,1,Metric Tonnes,18300,Rs./Quintal
Kerala,Kannur,Irityy APMC,Rubber,04-11-2025,0.5,Metric Tonnes,18400,Rs./Quintal
Kerala,Kannur,Irityy APMC,Rubber,12-11-2025,0.1,Metric Tonnes,18300,Rs./Quintal
Kerala,Kannur,Irityy APMC,Rubber,13-11-2025,0.1,Metric Tonnes,18300,Rs./Quintal
Kerala,Kannur,Irityy APMC,Rubber,16-11-2025,0.03,Metric Tonnes,18300,Rs./Quintal
Kerala,Kannur,Irityy APMC,Rubber,21-11-2025,0.05,Metric Tonnes,18200,Rs./Quintal
Kerala,Kannur,Irityy APMC,Rubber,24-11-2025,0.02,Metric Tonnes,20500,Rs./Quintal
Kerala,Kannur,Irityy APMC,Rubber,24-12-2025,0.05,Metric Tonnes,17000,Rs./Quintal
Kerala,Kannur,Irityy APMC,Rubber,27-12-2025,0.05,Metric Tonnes,17000,Rs./Quintal
Kerala,Kannur,Irityy APMC,Rubber,28-12-2025,0.05,Metric Tonnes,17000,Rs./Quintal
Kerala,Kannur,Irityy APMC,Rubber,29-12-2025,0.02,Metric Tonnes,17000,Rs./Quintal
Kerala,Kottayam,Pampady APMC,Rubber,13-11-2025,1,Metric Tonnes,18000,Rs./Quintal
Kerala,Kottayam,Pampady APMC,Rubber,14-11-2025,2,Metric Tonnes,17000,Rs./Quintal
Kerala,Kottayam,Pampady APMC,Rubber,15-11-2025,2,Metric Tonnes,18000,Rs./Quintal
Kerala,Pathanamthitta,Ezhamkulam APMC,Rubber,13-01-2025,1,Metric Tonnes,17900,Rs./Quintal
Kerala,Pathanamthitta,Ezhamkulam APMC,Rubber,20-01-2025,1,Metric Tonnes,17600,Rs./Quintal
Kerala,Pathanamthitta,Ezhamkulam APMC,Rubber,23-01-2025,1,Metric Tonnes,17600,Rs./Quintal
Kerala,Pathanamthitta,Ezhamkulam APMC,Rubber,30-01-2025,1,Metric Tonnes,17900,Rs./Quintal
Kerala,Pathanamthitta,Ezhamkulam APMC,Rubber,06-02-2025,1,Metric Tonnes,17900,Rs./Quintal
Kerala,Pathanamthitta,Ezhamkulam APMC,Rubber,27-02-2025,1,Metric Tonnes,17500,Rs./Quintal
Kerala,Pathanamthitta,Ezhamkulam APMC,Rubber,06-03-2025,1,Metric Tonnes,17300,Rs./Quintal
Kerala,Pathanamthitta,Ezhamkulam APMC,Rubber,10-03-2025,1,Metric Tonnes,17500,Rs./Quintal
Kerala,Pathanamthitta,Ezhamkulam APMC,Rubber,20-03-2025,1,Metric Tonnes,17500,Rs./Quintal
Kerala,Pathanamthitta,Ezhamkulam APMC,Rubber,15-04-2025,1,Metric Tonnes,17600,Rs./Quintal
Kerala,Pathanamthitta,Ezhamkulam APMC,Rubber,16-04-2025,1,Metric Tonnes,17800,Rs./Quintal
Kerala,Pathanamthitta,Ezhamkulam APMC,Rubber,19-04-2025,1,Metric Tonnes,17600,Rs./Quintal
Kerala,Pathanamthitta,Ezhamkulam APMC,Rubber,23-04-2025,1,Metric Tonnes,18300,Rs./Quintal
Kerala,Pathanamthitta,Ezhamkulam APMC,Rubber,02-05-2025,1,Metric Tonnes,18000,Rs./Quintal
Kerala,Pathanamthitta,Ezhamkulam APMC,Rubber,05-05-2025,1,Metric Tonnes,17700,Rs./Quintal
Kerala,Pathanamthitta,Ezhamkulam APMC,Rubber,16-05-2025,1,Metric Tonnes,18300,Rs./Quintal
Kerala,Pathanamthitta,Ezhamkulam APMC,Rubber,23-05-2025,1,Metric Tonnes,17900,Rs./Quintal
Kerala,Pathanamthitta,Ezhamkulam APMC,Rubber,06-06-2025,0.8,Metric Tonnes,17900,Rs./Quintal
Kerala,Pathanamthitta,Ezhamkulam APMC,Rubber,11-06-2025,1,Metric Tonnes,17900,Rs./Quintal
Kerala,Pathanamthitta,Ezhamkulam APMC,Rubber,12-06-2025,1,Metric Tonnes,17900,Rs./Quintal
Kerala,Pathanamthitta,Ezhamkulam APMC,Rubber,18-06-2025,1,Metric Tonnes,18000,Rs./Quintal
Kerala,Pathanamthitta,Ezhamkulam APMC,Rubber,24-06-2025,0.8,Metric Tonnes,18000,Rs./Quintal
Kerala,Pathanamthitta,Ezhamkulam APMC,Rubber,30-06-2025,0.8,Metric Tonnes,18800,Rs./Quintal
Kerala,Pathanamthitta,Ezhamkulam APMC,Rubber,04-07-2025,0.8,Metric Tonnes,18300,Rs./Quintal
Kerala,Pathanamthitta,Ezhamkulam APMC,Rubber,07-07-2025,1,Metric Tonnes,18300,Rs./Quintal
Kerala,Pathanamthitta,Ezhamkulam APMC,Rubber,21-07-2025,1,Metric Tonnes,18300,Rs./Quintal
Kerala,Pathanamthitta,Ezhamkulam APMC,Rubber,30-07-2025,1,Metric Tonnes,18300,Rs./Quintal
Kerala,Pathanamthitta,Ezhamkulam APMC,Rubber,31-07-2025,0.9,Metric Tonnes,18300,Rs./Quintal
Kerala,Pathanamthitta,Ezhamkulam APMC,Rubber,04-08-2025,1,Metric Tonnes,18300,Rs./Quintal
Kerala,Pathanamthitta,Ezhamkulam APMC,Rubber,08-08-2025,1,Metric Tonnes,18400,Rs./Quintal
Kerala,Pathanamthitta,Ezhamkulam APMC,Rubber,19-08-2025,0.8,Metric Tonnes,18300,Rs./Quintal
Kerala,Pathanamthitta,Ezhamkulam APMC,Rubber,22-08-2025,0.8,Metric Tonnes,18300,Rs./Quintal
Kerala,Pathanamthitta,Ezhamkulam APMC,Rubber,01-09-2025,1.5,Metric Tonnes,18500,Rs./Quintal
Kerala,Pathanamthitta,Ezhamkulam APMC,Rubber,16-09-2025,1,Metric Tonnes,18300,Rs./Quintal
Kerala,Pathanamthitta,Ezhamkulam APMC,Rubber,18-09-2025,1,Metric Tonnes,18200,Rs./Quintal
Kerala,Pathanamthitta,Ezhamkulam APMC,Rubber,20-09-2025,1.2,Metric Tonnes,18300,Rs./Quintal
Kerala,Pathanamthitta,Ezhamkulam APMC,Rubber,23-09-2025,1,Metric Tonnes,18200,Rs./Quintal
Kerala,Pathanamthitta,Ezhamkulam APMC,Rubber,29-09-2025,1,Metric Tonnes,18200,Rs./Quintal
Kerala,Pathanamthitta,Ezhamkulam APMC,Rubber,06-10-2025,1,Metric Tonnes,18400,Rs./Quintal
Kerala,Pathanamthitta,Ezhamkulam APMC,Rubber,15-10-2025,1,Metric Tonnes,18200,Rs./Quintal
Kerala,Pathanamthitta,Ezhamkulam APMC,Rubber,22-10-2025,0.9,Metric Tonnes,18500,Rs./Quintal
Kerala,Pathanamthitta,Ezhamkulam APMC,Rubber,27-10-2025,1,Metric Tonnes,18300,Rs./Quintal
Kerala,Pathanamthitta,Ezhamkulam APMC,Rubber,31-10-2025,0.7,Metric Tonnes,18200,Rs./Quintal
Kerala,Pathanamthitta,Ezhamkulam APMC,Rubber,05-11-2025,1,Metric Tonnes,18300,Rs./Quintal
Kerala,Pathanamthitta,Ezhamkulam APMC,Rubber,17-11-2025,0.7,Metric Tonnes,18300,Rs./Quintal
Kerala,Pathanamthitta,Ezhamkulam APMC,Rubber,24-11-2025,0.7,Metric Tonnes,18300,Rs./Quintal
Kerala,Pathanamthitta,Ezhamkulam APMC,Rubber,27-11-2025,0.8,Metric Tonnes,18200,Rs./Quintal
Kerala,Pathanamthitta,Ezhamkulam APMC,Rubber,29-11-2025,0.75,Metric Tonnes,18300,Rs./Quintal
Kerala,Pathanamthitta,Ezhamkulam APMC,Rubber,01-12-2025,1,Metric Tonnes,18200,Rs./Quintal
Kerala,Pathanamthitta,Ezhamkulam APMC,Rubber,06-12-2025,0.65,Metric Tonnes,18300,Rs./Quintal
Kerala,Pathanamthitta,Ezhamkulam APMC,Rubber,07-12-2025,0.5,Metric Tonnes,18200,Rs./Quintal
Kerala,Pathanamthitta,Ezhamkulam APMC,Rubber,12-12-2025,1.1,Metric Tonnes,18200,Rs./Quintal
Kerala,Pathanamthitta,Ezhamkulam APMC,Rubber,17-12-2025,0.65,Metric Tonnes,18200,Rs./Quintal
Kerala,Pathanamthitta,Ezhamkulam APMC,Rubber,18-12-2025,0.8,Metric Tonnes,18200,Rs./Quintal
Kerala,Pathanamthitta,Ezhamkulam APMC,Rubber,23-12-2025,0.9,Metric Tonnes,18100,Rs./Quintal
Kerala,Pathanamthitta,Ezhamkulam APMC,Rubber,25-12-2025,0.75,Metric Tonnes,17700,Rs./Quintal
Kerala,Pathanamthitta,Ezhamkulam APMC,Rubber,26-12-2025,0.8,Metric Tonnes,17600,Rs./Quintal
Kerala,Pathanamthitta,Ezhamkulam APMC,Rubber,28-12-2025,0.85,Metric Tonnes,18000,Rs./Quintal
Kerala,Pathanamthitta,Ezhamkulam APMC,Rubber,29-12-2025,1,Metric Tonnes,18000,Rs./Quintal
Kerala,Pathanamthitta,Kuttoor APMC,Rubber,13-01-2025,0.9,Metric Tonnes,22700,Rs./Quintal
Kerala,Pathanamthitta,Kuttoor APMC,Rubber,17-01-2025,0.9,Metric Tonnes,17400,Rs./Quintal
Kerala,Pathanamthitta,Kuttoor APMC,Rubber,18-01-2025,0.9,Metric Tonnes,18550,Rs./Quintal
Kerala,Pathanamthitta,Kuttoor APMC,Rubber,22-01-2025,0.9,Metric Tonnes,18500,Rs./Quintal
Kerala,Pathanamthitta,Kuttoor APMC,Rubber,25-01-2025,0.9,Metric Tonnes,18400,Rs./Quintal
Kerala,Pathanamthitta,Kuttoor APMC,Rubber,27-01-2025,0.9,Metric Tonnes,21700,Rs./Quintal
Kerala,Pathanamthitta,Kuttoor APMC,Rubber,30-01-2025,0.9,Metric Tonnes,18025,Rs./Quintal
Kerala,Pathanamthitta,Kuttoor APMC,Rubber,31-01-2025,0.9,Metric Tonnes,17800,Rs./Quintal
Kerala,Pathanamthitta,Kuttoor APMC,Rubber,05-02-2025,0.9,Metric Tonnes,18300,Rs./Quintal
Kerala,Pathanamthitta,Kuttoor APMC,Rubber,25-02-2025,0.9,Metric Tonnes,16000,Rs./Quintal
Kerala,Pathanamthitta,Kuttoor APMC,Rubber,01-03-2025,0.9,Metric Tonnes,18400,Rs./Quintal
Kerala,Pathanamthitta,Kuttoor APMC,Rubber,03-03-2025,0.9,Metric Tonnes,18300,Rs./Quintal
Kerala,Pathanamthitta,Kuttoor APMC,Rubber,06-03-2025,0.9,Metric Tonnes,18400,Rs./Quintal
Kerala,Pathanamthitta,Kuttoor APMC,Rubber,07-03-2025,0.9,Metric Tonnes,17800,Rs./Quintal
Kerala,Pathanamthitta,Kuttoor APMC,Rubber,10-03-2025,0.9,Metric Tonnes,17300,Rs./Quintal
Kerala,Pathanamthitta,Kuttoor APMC,Rubber,11-03-2025,0.9,Metric Tonnes,18100,Rs./Quintal
Kerala,Pathanamthitta,Kuttoor APMC,Rubber,12-03-2025,0.9,Metric Tonnes,18600,Rs./Quintal
Kerala,Pathanamthitta,Kuttoor APMC,Rubber,13-03-2025,0.9,Metric Tonnes,18300,Rs./Quintal
Kerala,Pathanamthitta,Kuttoor APMC,Rubber,14-03-2025,0.9,Metric Tonnes,18600,Rs./Quintal
Kerala,Pathanamthitta,Kuttoor APMC,Rubber,15-03-2025,0.9,Metric Tonnes,18400,Rs./Quintal
Kerala,Pathanamthitta,Kuttoor APMC,Rubber,17-03-2025,0.9,Metric Tonnes,17800,Rs./Quintal
Kerala,Pathanamthitta,Kuttoor APMC,Rubber,18-03-2025,0.9,Metric Tonnes,16300,Rs./Quintal
Kerala,Pathanamthitta,Kuttoor APMC,Rubber,19-03-2025,0.9,Metric Tonnes,18300,Rs./Quintal
Kerala,Pathanamthitta,Kuttoor APMC,Rubber,22-03-2025,0.9,Metric Tonnes,17800,Rs./Quintal
Kerala,Pathanamthitta,Kuttoor APMC,Rubber,24-03-2025,0.6,Metric Tonnes,18400,Rs./Quintal
Kerala,Pathanamthitta,Kuttoor APMC,Rubber,25-03-2025,0.9,Metric Tonnes,17800,Rs./Quintal
Kerala,Pathanamthitta,Kuttoor APMC,Rubber,26-03-2025,0.9,Metric Tonnes,18300,Rs./Quintal
Kerala,Pathanamthitta,Kuttoor APMC,Rubber,27-03-2025,0.9,Metric Tonnes,18100,Rs./Quintal
Kerala,Pathanamthitta,Kuttoor APMC,Rubber,28-03-2025,0.9,Metric Tonnes,18300,Rs./Quintal
Kerala,Pathanamthitta,Kuttoor APMC,Rubber,29-03-2025,0.9,Metric Tonnes,18400,Rs./Quintal
Kerala,Pathanamthitta,Kuttoor APMC,Rubber,04-04-2025,0.9,Metric Tonnes,18300,Rs./Quintal
Kerala,Pathanamthitta,Kuttoor APMC,Rubber,05-04-2025,0.9,Metric Tonnes,17300,Rs./Quintal
Kerala,Pathanamthitta,Kuttoor APMC,Rubber,07-04-2025,0.9,Metric Tonnes,16000,Rs./Quintal
Kerala,Pathanamthitta,Kuttoor APMC,Rubber,08-04-2025,0.9,Metric Tonnes,17800,Rs./Quintal
Kerala,Pathanamthitta,Kuttoor APMC,Rubber,10-04-2025,0.9,Metric Tonnes,17300,Rs./Quintal
Kerala,Pathanamthitta,Kuttoor APMC,Rubber,11-04-2025,0.9,Metric Tonnes,18300,Rs./Quintal
Kerala,Pathanamthitta,Kuttoor APMC,Rubber,15-04-2025,0.9,Metric Tonnes,18400,Rs./Quintal
Kerala,Pathanamthitta,Kuttoor APMC,Rubber,16-04-2025,0.9,Metric Tonnes,18300,Rs./Quintal
Kerala,Pathanamthitta,Kuttoor APMC,Rubber,19-04-2025,0.9,Metric Tonnes,16000,Rs./Quintal
Kerala,Pathanamthitta,Kuttoor APMC,Rubber,21-04-2025,0.9,Metric Tonnes,17800,Rs./Quintal
Kerala,Pathanamthitta,Kuttoor APMC,Rubber,23-04-2025,0.9,Metric Tonnes,17800,Rs./Quintal
Kerala,Pathanamthitta,Kuttoor APMC,Rubber,24-04-2025,0.9,Metric Tonnes,17800,Rs./Quintal
Kerala,Pathanamthitta,Kuttoor APMC,Rubber,25-04-2025,0.9,Metric Tonnes,17800,Rs./Quintal
Kerala,Pathanamthitta,Kuttoor APMC,Rubber,26-04-2025,0.9,Metric Tonnes,18800,Rs./Quintal
Kerala,Pathanamthitta,Kuttoor APMC,Rubber,28-04-2025,0.9,Metric Tonnes,18300,Rs./Quintal
Kerala,Pathanamthitta,Kuttoor APMC,Rubber,29-04-2025,0.9,Metric Tonnes,18400,Rs./Quintal
Kerala,Pathanamthitta,Kuttoor APMC,Rubber,02-05-2025,0.9,Metric Tonnes,18300,Rs./Quintal
Kerala,Pathanamthitta,Kuttoor APMC,Rubber,03-05-2025,0.9,Metric Tonnes,17800,Rs./Quintal
Kerala,Pathanamthitta,Kuttoor APMC,Rubber,05-05-2025,0.9,Metric Tonnes,17800,Rs./Quintal
Kerala,Pathanamthitta,Kuttoor APMC,Rubber,06-05-2025,0.9,Metric Tonnes,18400,Rs./Quintal
Kerala,Pathanamthitta,Kuttoor APMC,Rubber,07-05-2025,0.9,Metric Tonnes,17600,Rs./Quintal
Kerala,Pathanamthitta,Kuttoor APMC,Rubber,08-05-2025,0.9,Metric Tonnes,16300,Rs./Quintal
Kerala,Pathanamthitta,Kuttoor APMC,Rubber,09-05-2025,0.9,Metric Tonnes,18300,Rs./Quintal
Kerala,Pathanamthitta,Kuttoor APMC,Rubber,12-05-2025,0.9,Metric Tonnes,17800,Rs./Quintal
Kerala,Pathanamthitta,Kuttoor APMC,Rubber,13-05-2025,0.9,Metric Tonnes,18300,Rs./Quintal
Kerala,Pathanamthitta,Kuttoor APMC,Rubber,15-05-2025,0.9,Metric Tonnes,17800,Rs./Quintal
Kerala,Pathanamthitta,Kuttoor APMC,Rubber,16-05-2025,0.9,Metric Tonnes,18500,Rs./Quintal
Kerala,Pathanamthitta,Kuttoor APMC,Rubber,17-05-2025,0.9,Metric Tonnes,16300,Rs./Quintal
Kerala,Pathanamthitta,Kuttoor APMC,Rubber,20-05-2025,0.9,Metric Tonnes,15800,Rs./Quintal
Kerala,Pathanamthitta,Kuttoor APMC,Rubber,22-05-2025,0.9,Metric Tonnes,18400,Rs./Quintal
Kerala,Pathanamthitta,Kuttoor APMC,Rubber,26-05-2025,0.9,Metric Tonnes,17800,Rs./Quintal
Kerala,Pathanamthitta,Kuttoor APMC,Rubber,29-05-2025,0.9,Metric Tonnes,18500,Rs./Quintal
Kerala,Pathanamthitta,Kuttoor APMC,Rubber,31-05-2025,0.9,Metric Tonnes,17800,Rs./Quintal
Kerala,Pathanamthitta,Kuttoor APMC,Rubber,05-06-2025,0.9,Metric Tonnes,18300,Rs./Quintal
Kerala,Pathanamthitta,Kuttoor APMC,Rubber,06-06-2025,0.9,Metric Tonnes,18400,Rs./Quintal
Kerala,Pathanamthitta,Kuttoor APMC,Rubber,09-06-2025,0.9,Metric Tonnes,16300,Rs./Quintal
Kerala,Pathanamthitta,Kuttoor APMC,Rubber,10-06-2025,0.9,Metric Tonnes,11500,Rs./Quintal
Kerala,Pathanamthitta,Kuttoor APMC,Rubber,11-06-2025,0.9,Metric Tonnes,18500,Rs./Quintal
Kerala,Pathanamthitta,Kuttoor APMC,Rubber,12-06-2025,0.9,Metric Tonnes,18300,Rs./Quintal
Kerala,Pathanamthitta,Kuttoor APMC,Rubber,16-06-2025,0.9,Metric Tonnes,17500,Rs./Quintal
Kerala,Pathanamthitta,Kuttoor APMC,Rubber,17-06-2025,0.9,Metric Tonnes,19600,Rs./Quintal
Kerala,Pathanamthitta,Kuttoor APMC,Rubber,19-06-2025,0.9,Metric Tonnes,18400,Rs./Quintal
Kerala,Pathanamthitta,Kuttoor APMC,Rubber,21-06-2025,0.9,Metric Tonnes,18300,Rs./Quintal
Kerala,Pathanamthitta,Kuttoor APMC,Rubber,23-06-2025,0.9,Metric Tonnes,17800,Rs./Quintal
Kerala,Pathanamthitta,Kuttoor APMC,Rubber,26-06-2025,0.9,Metric Tonnes,19300,Rs./Quintal
Kerala,Pathanamthitta,Kuttoor APMC,Rubber,27-06-2025,0.9,Metric Tonnes,19300,Rs./Quintal
Kerala,Pathanamthitta,Kuttoor APMC,Rubber,02-07-2025,0.9,Metric Tonnes,17300,Rs./Quintal
Kerala,Pathanamthitta,Kuttoor APMC,Rubber,03-07-2025,0.9,Metric Tonnes,18400,Rs./Quintal
Kerala,Pathanamthitta,Kuttoor APMC,Rubber,07-07-2025,0.9,Metric Tonnes,19300,Rs./Quintal
Kerala,Pathanamthitta,Kuttoor APMC,Rubber,08-07-2025,0.9,Metric Tonnes,18300,Rs./Quintal
Kerala,Pathanamthitta,Kuttoor APMC,Rubber,10-07-2025,0.9,Metric Tonnes,18300,Rs./Quintal
Kerala,Pathanamthitta,Kuttoor APMC,Rubber,14-07-2025,0.9,Metric Tonnes,18400,Rs./Quintal
Kerala,Pathanamthitta,Kuttoor APMC,Rubber,16-07-2025,0.9,Metric Tonnes,18400,Rs./Quintal
Kerala,Pathanamthitta,Kuttoor APMC,Rubber,17-07-2025,0.9,Metric Tonnes,19600,Rs./Quintal
Kerala,Pathanamthitta,Kuttoor APMC,Rubber,18-07-2025,0.9,Metric Tonnes,19600,Rs./Quintal
Kerala,Pathanamthitta,Kuttoor APMC,Rubber,23-07-2025,0.9,Metric Tonnes,18300,Rs./Quintal
Kerala,Pathanamthitta,Kuttoor APMC,Rubber,25-07-2025,0.9,Metric Tonnes,17500,Rs./Quintal
Kerala,Pathanamthitta,Kuttoor APMC,Rubber,29-07-2025,0.9,Metric Tonnes,18300,Rs./Quintal
Kerala,Pathanamthitta,Kuttoor APMC,Rubber,02-08-2025,0.9,Metric Tonnes,18600,Rs./Quintal
Kerala,Pathanamthitta,Kuttoor APMC,Rubber,04-08-2025,0.9,Metric Tonnes,17600,Rs./Quintal
Kerala,Pathanamthitta,Kuttoor APMC,Rubber,06-08-2025,0.9,Metric Tonnes,17300,Rs./Quintal
Kerala,Pathanamthitta,Kuttoor APMC,Rubber,07-08-2025,0.9,Metric Tonnes,18400,Rs./Quintal
Kerala,Pathanamthitta,Kuttoor APMC,Rubber,08-08-2025,0.9,Metric Tonnes,18300,Rs./Quintal
Kerala,Pathanamthitta,Kuttoor APMC,Rubber,11-08-2025,0.9,Metric Tonnes,18500,Rs./Quintal
Kerala,Pathanamthitta,Kuttoor APMC,Rubber,12-08-2025,0.9,Metric Tonnes,16300,Rs./Quintal
Kerala,Pathanamthitta,Kuttoor APMC,Rubber,13-08-2025,0.9,Metric Tonnes,17300,Rs./Quintal
Kerala,Pathanamthitta,Kuttoor APMC,Rubber,14-08-2025,0.9,Metric Tonnes,18300,Rs./Quintal
Kerala,Pathanamthitta,Kuttoor APMC,Rubber,16-08-2025,0.9,Metric Tonnes,18300,Rs./Quintal
Kerala,Pathanamthitta,Kuttoor APMC,Rubber,18-08-2025,0.9,Metric Tonnes,15800,Rs./Quintal
Kerala,Pathanamthitta,Kuttoor APMC,Rubber,19-08-2025,0.9,Metric Tonnes,8800,Rs./Quintal
Kerala,Pathanamthitta,Kuttoor APMC,Rubber,20-08-2025,0.9,Metric Tonnes,16300,Rs./Quintal
Kerala,Pathanamthitta,Kuttoor APMC,Rubber,21-08-2025,0.9,Metric Tonnes,18000,Rs./Quintal
Kerala,Pathanamthitta,Kuttoor APMC,Rubber,22-08-2025,0.9,Metric Tonnes,18300,Rs./Quintal
Kerala,Pathanamthitta,Kuttoor APMC,Rubber,25-08-2025,0.9,Metric Tonnes,18300,Rs./Quintal
Kerala,Pathanamthitta,Kuttoor APMC,Rubber,26-08-2025,0.9,Metric Tonnes,19300,Rs./Quintal
Kerala,Pathanamthitta,Kuttoor APMC,Rubber,27-08-2025,0.9,Metric Tonnes,18300,Rs./Quintal
Kerala,Pathanamthitta,Kuttoor APMC,Rubber,29-08-2025,0.9,Metric Tonnes,18300,Rs./Quintal
Kerala,Pathanamthitta,Kuttoor APMC,Rubber,08-09-2025,0.9,Metric Tonnes,18300,Rs./Quintal
Kerala,Pathanamthitta,Kuttoor APMC,Rubber,10-09-2025,0.9,Metric Tonnes,17800,Rs./Quintal
Kerala,Pathanamthitta,Kuttoor APMC,Rubber,12-09-2025,0.9,Metric Tonnes,18500,Rs./Quintal
Kerala,Pathanamthitta,Kuttoor APMC,Rubber,18-09-2025,0.9,Metric Tonnes,18300,Rs./Quintal
Kerala,Pathanamthitta,Kuttoor APMC,Rubber,19-09-2025,0.9,Metric Tonnes,19300,Rs./Quintal
Kerala,Pathanamthitta,Kuttoor APMC,Rubber,24-09-2025,0.9,Metric Tonnes,18400,Rs./Quintal
Kerala,Pathanamthitta,Kuttoor APMC,Rubber,26-09-2025,0.9,Metric Tonnes,18500,Rs./Quintal
Kerala,Pathanamthitta,Kuttoor APMC,Rubber,27-09-2025,0.9,Metric Tonnes,18450,Rs./Quintal
Kerala,Pathanamthitta,Kuttoor APMC,Rubber,29-09-2025,0.9,Metric Tonnes,18500,Rs./Quintal
Kerala,Pathanamthitta,Kuttoor APMC,Rubber,04-10-2025,0.9,Metric Tonnes,18600,Rs./Quintal
Kerala,Pathanamthitta,Kuttoor APMC,Rubber,06-10-2025,0.9,Metric Tonnes,17400,Rs./Quintal
Kerala,Pathanamthitta,Kuttoor APMC,Rubber,07-10-2025,0.9,Metric Tonnes,18400,Rs./Quintal
Kerala,Pathanamthitta,Kuttoor APMC,Rubber,10-10-2025,0.9,Metric Tonnes,19300,Rs./Quintal
Kerala,Pathanamthitta,Kuttoor APMC,Rubber,13-10-2025,0.9,Metric Tonnes,18450,Rs./Quintal
Kerala,Pathanamthitta,Kuttoor APMC,Rubber,15-10-2025,0.9,Metric Tonnes,17600,Rs./Quintal
Kerala,Pathanamthitta,Kuttoor APMC,Rubber,16-10-2025,0.9,Metric Tonnes,18500,Rs./Quintal
Kerala,Pathanamthitta,Kuttoor APMC,Rubber,17-10-2025,0.9,Metric Tonnes,16600,Rs./Quintal
Kerala,Pathanamthitta,Kuttoor APMC,Rubber,18-10-2025,0.9,Metric Tonnes,18450,Rs./Quintal
Kerala,Pathanamthitta,Kuttoor APMC,Rubber,20-10-2025,0.9,Metric Tonnes,18450,Rs./Quintal
Kerala,Pathanamthitta,Kuttoor APMC,Rubber,21-10-2025,0.9,Metric Tonnes,18450,Rs./Quintal
Kerala,Pathanamthitta,Kuttoor APMC,Rubber,22-10-2025,0.9,Metric Tonnes,18700,Rs./Quintal
Kerala,Pathanamthitta,Kuttoor APMC,Rubber,25-10-2025,0.9,Metric Tonnes,18400,Rs./Quintal
Kerala,Pathanamthitta,Kuttoor APMC,Rubber,27-10-2025,0.9,Metric Tonnes,16550,Rs./Quintal
Kerala,Pathanamthitta,Kuttoor APMC,Rubber,29-10-2025,0.9,Metric Tonnes,18400,Rs./Quintal
Kerala,Pathanamthitta,Kuttoor APMC,Rubber,30-10-2025,0.9,Metric Tonnes,18400,Rs./Quintal
Kerala,Pathanamthitta,Kuttoor APMC,Rubber,04-11-2025,0.9,Metric Tonnes,18300,Rs./Quintal
Kerala,Pathanamthitta,Kuttoor APMC,Rubber,05-11-2025,0.9,Metric Tonnes,18400,Rs./Quintal
Kerala,Pathanamthitta,Kuttoor APMC,Rubber,06-11-2025,0.9,Metric Tonnes,18400,Rs./Quintal
Kerala,Pathanamthitta,Kuttoor APMC,Rubber,14-11-2025,0.09,Metric Tonnes,18500,Rs./Quintal
Kerala,Pathanamthitta,Kuttoor APMC,Rubber,16-11-2025,0.09,Metric Tonnes,18000,Rs./Quintal
Kerala,Pathanamthitta,Kuttoor APMC,Rubber,18-11-2025,0.09,Metric Tonnes,18000,Rs./Quintal
Kerala,Pathanamthitta,Kuttoor APMC,Rubber,19-11-2025,0.09,Metric Tonnes,18000,Rs./Quintal
Kerala,Pathanamthitta,Kuttoor APMC,Rubber,20-11-2025,0.18,Metric Tonnes,18000,Rs./Quintal
Kerala,Pathanamthitta,Kuttoor APMC,Rubber,21-11-2025,0.09,Metric Tonnes,18000,Rs./Quintal
Kerala,Pathanamthitta,Kuttoor APMC,Rubber,24-11-2025,0.09,Metric Tonnes,18000,Rs./Quintal
Kerala,Pathanamthitta,Kuttoor APMC,Rubber,25-11-2025,0.18,Metric Tonnes,17500,Rs./Quintal
Kerala,Pathanamthitta,Kuttoor APMC,Rubber,28-11-2025,0.09,Metric Tonnes,17400,Rs./Quintal
Kerala,Pathanamthitta,Kuttoor APMC,Rubber,01-12-2025,0.09,Metric Tonnes,17300,Rs./Quintal
Kerala,Pathanamthitta,Kuttoor APMC,Rubber,02-12-2025,0.18,Metric Tonnes,16000,Rs./Quintal
Kerala,Pathanamthitta,Kuttoor APMC,Rubber,04-12-2025,0.09,Metric Tonnes,16500,Rs./Quintal
Kerala,Pathanamthitta,Kuttoor APMC,Rubber,06-12-2025,0.09,Metric Tonnes,16500,Rs./Quintal
Kerala,Pathanamthitta,Kuttoor APMC,Rubber,09-12-2025,0.09,Metric Tonnes,16500,Rs./Quintal
Kerala,Pathanamthitta,Kuttoor APMC,Rubber,10-12-2025,0.09,Metric Tonnes,16500,Rs./Quintal
Kerala,Pathanamthitta,Kuttoor APMC,Rubber,15-12-2025,0.9,Metric Tonnes,16400,Rs./Quintal
Kerala,Pathanamthitta,Kuttoor APMC,Rubber,18-12-2025,0.09,Metric Tonnes,15600,Rs./Quintal
Kerala,Pathanamthitta,Kuttoor APMC,Rubber,20-12-2025,0.09,Metric Tonnes,16200,Rs./Quintal
Kerala,Pathanamthitta,Kuttoor APMC,Rubber,22-12-2025,0.18,Metric Tonnes,15400,Rs./Quintal
Kerala,Pathanamthitta,Kuttoor APMC,Rubber,23-12-2025,0.09,Metric Tonnes,14500,Rs./Quintal
Kerala,Pathanamthitta,Kuttoor APMC,Rubber,26-12-2025,0.09,Metric Tonnes,15400,Rs./Quintal
Kerala,Pathanamthitta,Kuttoor APMC,Rubber,27-12-2025,0.09,Metric Tonnes,15510,Rs./Quintal
Kerala,Pathanamthitta,Kuttoor APMC,Rubber,28-12-2025,0.09,Metric Tonnes,15600,Rs./Quintal
Kerala,Pathanamthitta,Kuttoor APMC,Rubber,30-12-2025,0.09,Metric Tonnes,15400,Rs./Quintal
Kerala,Pathanamthitta,Kuttoor APMC,Rubber,31-12-2025,0.09,Metric Tonnes,14500,Rs./Quintal
Kerala,Pathanamthitta,Parakkodu APMC,Rubber,06-01-2025,6,Metric Tonnes,15500,Rs./Quintal
Kerala,Pathanamthitta,Parakkodu APMC,Rubber,09-01-2025,6,Metric Tonnes,14000,Rs./Quintal
Kerala,Pathanamthitta,Parakkodu APMC,Rubber,13-01-2025,5,Metric Tonnes,12000,Rs./Quintal
Kerala,Pathanamthitta,Parakkodu APMC,Rubber,17-01-2025,4,Metric Tonnes,16000,Rs./Quintal
Kerala,Pathanamthitta,Parakkodu APMC,Rubber,20-01-2025,6,Metric Tonnes,16000,Rs./Quintal
Kerala,Pathanamthitta,Parakkodu APMC,Rubber,27-01-2025,5,Metric Tonnes,26000,Rs./Quintal
Kerala,Pathanamthitta,Parakkodu APMC,Rubber,03-02-2025,6,Metric Tonnes,15500,Rs./Quintal
Kerala,Pathanamthitta,Parakkodu APMC,Rubber,06-02-2025,5,Metric Tonnes,13000,Rs./Quintal
Kerala,Pathanamthitta,Parakkodu APMC,Rubber,10-02-2025,6,Metric Tonnes,12500,Rs./Quintal
Kerala,Pathanamthitta,Parakkodu APMC,Rubber,17-02-2025,6,Metric Tonnes,13000,Rs./Quintal
Kerala,Pathanamthitta,Parakkodu APMC,Rubber,24-02-2025,4,Metric Tonnes,17500,Rs./Quintal
Kerala,Pathanamthitta,Parakkodu APMC,Rubber,10-03-2025,6,Metric Tonnes,15500,Rs./Quintal
Kerala,Pathanamthitta,Parakkodu APMC,Rubber,13-03-2025,5,Metric Tonnes,19000,Rs./Quintal
Kerala,Pathanamthitta,Parakkodu APMC,Rubber,17-03-2025,5,Metric Tonnes,21500,Rs./Quintal
Kerala,Pathanamthitta,Parakkodu APMC,Rubber,20-03-2025,7,Metric Tonnes,14500,Rs./Quintal
Kerala,Pathanamthitta,Parakkodu APMC,Rubber,24-03-2025,5,Metric Tonnes,14000,Rs./Quintal
Kerala,Pathanamthitta,Parakkodu APMC,Rubber,27-03-2025,5,Metric Tonnes,16000,Rs./Quintal
Kerala,Pathanamthitta,Parakkodu APMC,Rubber,31-03-2025,6,Metric Tonnes,18000,Rs./Quintal
Kerala,Pathanamthitta,Parakkodu APMC,Rubber,07-04-2025,3,Metric Tonnes,23000,Rs./Quintal
Kerala,Pathanamthitta,Parakkodu APMC,Rubber,10-04-2025,5,Metric Tonnes,21500,Rs./Quintal
Kerala,Pathanamthitta,Parakkodu APMC,Rubber,17-04-2025,5,Metric Tonnes,26000,Rs./Quintal
Kerala,Pathanamthitta,Parakkodu APMC,Rubber,21-04-2025,5,Metric Tonnes,23200,Rs./Quintal
Kerala,Pathanamthitta,Parakkodu APMC,Rubber,24-04-2025,5,Metric Tonnes,23000,Rs./Quintal
Kerala,Pathanamthitta,Parakkodu APMC,Rubber,28-04-2025,6,Metric Tonnes,21500,Rs./Quintal
Kerala,Pathanamthitta,Parakkodu APMC,Rubber,08-05-2025,6,Metric Tonnes,12500,Rs./Quintal
Kerala,Pathanamthitta,Parakkodu APMC,Rubber,12-05-2025,4,Metric Tonnes,22000,Rs./Quintal
Kerala,Pathanamthitta,Parakkodu APMC,Rubber,19-05-2025,6,Metric Tonnes,21500,Rs./Quintal
Kerala,Pathanamthitta,Parakkodu APMC,Rubber,22-05-2025,6,Metric Tonnes,22000,Rs./Quintal
Kerala,Pathanamthitta,Parakkodu APMC,Rubber,27-05-2025,5,Metric Tonnes,21600,Rs./Quintal
Kerala,Pathanamthitta,Parakkodu APMC,Rubber,29-05-2025,5,Metric Tonnes,18500,Rs./Quintal
Kerala,Pathanamthitta,Parakkodu APMC,Rubber,02-06-2025,5,Metric Tonnes,23500,Rs./Quintal
Kerala,Pathanamthitta,Parakkodu APMC,Rubber,05-06-2025,5,Metric Tonnes,21500,Rs./Quintal
Kerala,Pathanamthitta,Parakkodu APMC,Rubber,09-06-2025,4,Metric Tonnes,12500,Rs./Quintal
Kerala,Pathanamthitta,Parakkodu APMC,Rubber,12-06-2025,5,Metric Tonnes,12500,Rs./Quintal
Kerala,Pathanamthitta,Parakkodu APMC,Rubber,16-06-2025,4,Metric Tonnes,21500,Rs./Quintal
Kerala,Pathanamthitta,Parakkodu APMC,Rubber,19-06-2025,6,Metric Tonnes,17500,Rs./Quintal
Kerala,Pathanamthitta,Parakkodu APMC,Rubber,23-06-2025,4,Metric Tonnes,24500,Rs./Quintal
Kerala,Pathanamthitta,Parakkodu APMC,Rubber,30-06-2025,5,Metric Tonnes,23000,Rs./Quintal
Kerala,Pathanamthitta,Parakkodu APMC,Rubber,03-07-2025,6,Metric Tonnes,23000,Rs./Quintal
Kerala,Pathanamthitta,Parakkodu APMC,Rubber,07-07-2025,6,Metric Tonnes,23800,Rs./Quintal
Kerala,Pathanamthitta,Parakkodu APMC,Rubber,10-07-2025,5.9,Metric Tonnes,21500,Rs./Quintal
Kerala,Pathanamthitta,Parakkodu APMC,Rubber,14-07-2025,6,Metric Tonnes,22500,Rs./Quintal
Kerala,Pathanamthitta,Parakkodu APMC,Rubber,21-07-2025,4,Metric Tonnes,23000,Rs./Quintal
Kerala,Pathanamthitta,Parakkodu APMC,Rubber,28-07-2025,4,Metric Tonnes,25500,Rs./Quintal
Kerala,Pathanamthitta,Parakkodu APMC,Rubber,31-07-2025,5,Metric Tonnes,13000,Rs./Quintal
Kerala,Pathanamthitta,Parakkodu APMC,Rubber,04-08-2025,4,Metric Tonnes,22000,Rs./Quintal
Kerala,Pathanamthitta,Parakkodu APMC,Rubber,07-08-2025,5,Metric Tonnes,23500,Rs./Quintal
Kerala,Pathanamthitta,Parakkodu APMC,Rubber,11-08-2025,5,Metric Tonnes,22000,Rs./Quintal
Kerala,Pathanamthitta,Parakkodu APMC,Rubber,14-08-2025,4,Metric Tonnes,23500,Rs./Quintal
Kerala,Pathanamthitta,Parakkodu APMC,Rubber,18-08-2025,4,Metric Tonnes,23000,Rs./Quintal
Kerala,Pathanamthitta,Parakkodu APMC,Rubber,21-08-2025,5,Metric Tonnes,25800,Rs./Quintal
Kerala,Pathanamthitta,Parakkodu APMC,Rubber,04-09-2025,4,Metric Tonnes,23500,Rs./Quintal
Kerala,Pathanamthitta,Parakkodu APMC,Rubber,15-09-2025,4,Metric Tonnes,21500,Rs./Quintal
Kerala,Pathanamthitta,Parakkodu APMC,Rubber,18-09-2025,4,Metric Tonnes,21500,Rs./Quintal
Kerala,Pathanamthitta,Parakkodu APMC,Rubber,25-09-2025,5,Metric Tonnes,25000,Rs./Quintal
Kerala,Pathanamthitta,Parakkodu APMC,Rubber,02-10-2025,5,Metric Tonnes,22000,Rs./Quintal
Kerala,Pathanamthitta,Parakkodu APMC,Rubber,06-10-2025,6,Metric Tonnes,22000,Rs./Quintal
Kerala,Pathanamthitta,Parakkodu APMC,Rubber,09-10-2025,6,Metric Tonnes,26000,Rs./Quintal
Kerala,Pathanamthitta,Parakkodu APMC,Rubber,14-10-2025,4,Metric Tonnes,22000,Rs./Quintal
Kerala,Pathanamthitta,Parakkodu APMC,Rubber,16-10-2025,4,Metric Tonnes,22000,Rs./Quintal
Kerala,Pathanamthitta,Parakkodu APMC,Rubber,20-10-2025,5,Metric Tonnes,22000,Rs./Quintal
Kerala,Pathanamthitta,Parakkodu APMC,Rubber,23-10-2025,4,Metric Tonnes,25000,Rs./Quintal
Kerala,Pathanamthitta,Parakkodu APMC,Rubber,30-10-2025,5,Metric Tonnes,22000,Rs./Quintal
Kerala,Pathanamthitta,Parakkodu APMC,Rubber,01-12-2025,160,Metric Tonnes,17000,Rs./Quintal
Kerala,Pathanamthitta,Ranniangadi APMC,Rubber,08-01-2025,2.8,Metric Tonnes,18100,Rs./Quintal
Kerala,Pathanamthitta,Ranniangadi APMC,Rubber,11-01-2025,2.8,Metric Tonnes,18400,Rs./Quintal
Kerala,Pathanamthitta,Ranniangadi APMC,Rubber,15-01-2025,2.9,Metric Tonnes,18200,Rs./Quintal
Kerala,Pathanamthitta,Ranniangadi APMC,Rubber,18-01-2025,2.7,Metric Tonnes,17900,Rs./Quintal
Kerala,Pathanamthitta,Ranniangadi APMC,Rubber,22-01-2025,2.9,Metric Tonnes,18100,Rs./Quintal
Kerala,Pathanamthitta,Ranniangadi APMC,Rubber,25-01-2025,2.7,Metric Tonnes,17900,Rs./Quintal
Kerala,Pathanamthitta,Ranniangadi APMC,Rubber,29-01-2025,2.7,Metric Tonnes,17800,Rs./Quintal
Kerala,Pathanamthitta,Ranniangadi APMC,Rubber,06-02-2025,2.5,Metric Tonnes,17800,Rs./Quintal
Kerala,Pathanamthitta,Ranniangadi APMC,Rubber,08-02-2025,2.5,Metric Tonnes,18300,Rs./Quintal
Kerala,Pathanamthitta,Ranniangadi APMC,Rubber,15-02-2025,2.7,Metric Tonnes,17900,Rs./Quintal
Kerala,Pathanamthitta,Ranniangadi APMC,Rubber,22-02-2025,2.6,Metric Tonnes,17700,Rs./Quintal
Kerala,Pathanamthitta,Ranniangadi APMC,Rubber,26-02-2025,2.5,Metric Tonnes,17300,Rs./Quintal
Kerala,Pathanamthitta,Ranniangadi APMC,Rubber,05-03-2025,2.5,Metric Tonnes,17400,Rs./Quintal
Kerala,Pathanamthitta,Ranniangadi APMC,Rubber,08-03-2025,2.5,Metric Tonnes,17400,Rs./Quintal
Kerala,Pathanamthitta,Ranniangadi APMC,Rubber,12-03-2025,2.5,Metric Tonnes,17200,Rs./Quintal
Kerala,Pathanamthitta,Ranniangadi APMC,Rubber,15-03-2025,1.9,Metric Tonnes,17400,Rs./Quintal
Kerala,Pathanamthitta,Ranniangadi APMC,Rubber,22-03-2025,1.9,Metric Tonnes,18200,Rs./Quintal
Kerala,Pathanamthitta,Ranniangadi APMC,Rubber,26-03-2025,2.5,Metric Tonnes,18200,Rs./Quintal
Kerala,Pathanamthitta,Ranniangadi APMC,Rubber,29-03-2025,2.7,Metric Tonnes,18200,Rs./Quintal
Kerala,Pathanamthitta,Ranniangadi APMC,Rubber,05-04-2025,2.7,Metric Tonnes,17900,Rs./Quintal
Kerala,Pathanamthitta,Ranniangadi APMC,Rubber,09-04-2025,2.5,Metric Tonnes,17900,Rs./Quintal
Kerala,Pathanamthitta,Ranniangadi APMC,Rubber,12-04-2025,2.7,Metric Tonnes,17800,Rs./Quintal
Kerala,Pathanamthitta,Ranniangadi APMC,Rubber,16-04-2025,2.6,Metric Tonnes,28500,Rs./Quintal
Kerala,Pathanamthitta,Ranniangadi APMC,Rubber,07-05-2025,2.8,Metric Tonnes,18300,Rs./Quintal
Kerala,Pathanamthitta,Ranniangadi APMC,Rubber,10-05-2025,2.7,Metric Tonnes,18100,Rs./Quintal
Kerala,Pathanamthitta,Ranniangadi APMC,Rubber,28-05-2025,2.8,Metric Tonnes,18600,Rs./Quintal
Kerala,Pathanamthitta,Ranniangadi APMC,Rubber,31-05-2025,2,Metric Tonnes,18200,Rs./Quintal
Kerala,Pathanamthitta,Ranniangadi APMC,Rubber,04-06-2025,2.6,Metric Tonnes,18200,Rs./Quintal
Kerala,Pathanamthitta,Ranniangadi APMC,Rubber,07-06-2025,2.5,Metric Tonnes,18850,Rs./Quintal
Kerala,Pathanamthitta,Ranniangadi APMC,Rubber,11-06-2025,2.5,Metric Tonnes,18200,Rs./Quintal
Kerala,Pathanamthitta,Ranniangadi APMC,Rubber,14-06-2025,2.5,Metric Tonnes,18000,Rs./Quintal
Kerala,Pathanamthitta,Ranniangadi APMC,Rubber,18-06-2025,2.2,Metric Tonnes,18000,Rs./Quintal
Kerala,Pathanamthitta,Ranniangadi APMC,Rubber,21-06-2025,2.6,Metric Tonnes,18800,Rs./Quintal
Kerala,Pathanamthitta,Ranniangadi APMC,Rubber,28-06-2025,2.5,Metric Tonnes,18900,Rs./Quintal
Kerala,Pathanamthitta,Ranniangadi APMC,Rubber,02-07-2025,2,Metric Tonnes,18900,Rs./Quintal
Kerala,Pathanamthitta,Ranniangadi APMC,Rubber,12-07-2025,2.7,Metric Tonnes,19000,Rs./Quintal
Kerala,Pathanamthitta,Ranniangadi APMC,Rubber,16-07-2025,2.6,Metric Tonnes,18900,Rs./Quintal
Kerala,Pathanamthitta,Ranniangadi APMC,Rubber,19-07-2025,2.7,Metric Tonnes,19050,Rs./Quintal
Kerala,Pathanamthitta,Ranniangadi APMC,Rubber,26-07-2025,2.5,Metric Tonnes,19000,Rs./Quintal
Kerala,Pathanamthitta,Ranniangadi APMC,Rubber,30-07-2025,1.9,Metric Tonnes,19100,Rs./Quintal
Kerala,Pathanamthitta,Ranniangadi APMC,Rubber,02-08-2025,2.8,Metric Tonnes,18900,Rs./Quintal
Kerala,Pathanamthitta,Ranniangadi APMC,Rubber,06-08-2025,2.5,Metric Tonnes,19000,Rs./Quintal
Kerala,Pathanamthitta,Ranniangadi APMC,Rubber,16-08-2025,2.7,Metric Tonnes,19200,Rs./Quintal
Kerala,Pathanamthitta,Ranniangadi APMC,Rubber,20-08-2025,2.8,Metric Tonnes,19000,Rs./Quintal
Kerala,Pathanamthitta,Ranniangadi APMC,Rubber,23-08-2025,2.7,Metric Tonnes,18600,Rs./Quintal
Kerala,Pathanamthitta,Ranniangadi APMC,Rubber,27-08-2025,2.6,Metric Tonnes,18600,Rs./Quintal
Kerala,Pathanamthitta,Ranniangadi APMC,Rubber,30-08-2025,2.8,Metric Tonnes,18400,Rs./Quintal
Kerala,Pathanamthitta,Ranniangadi APMC,Rubber,13-09-2025,2.4,Metric Tonnes,18600,Rs./Quintal
Kerala,Pathanamthitta,Ranniangadi APMC,Rubber,08-10-2025,2.7,Metric Tonnes,17300,Rs./Quintal
Kerala,Pathanamthitta,Ranniangadi APMC,Rubber,11-10-2025,2.8,Metric Tonnes,17350,Rs./Quintal
Kerala,Pathanamthitta,Ranniangadi APMC,Rubber,15-10-2025,2.6,Metric Tonnes,17200,Rs./Quintal
Kerala,Pathanamthitta,Ranniangadi APMC,Rubber,18-10-2025,2.6,Metric Tonnes,17100,Rs./Quintal
Kerala,Pathanamthitta,Ranniangadi APMC,Rubber,22-10-2025,2.7,Metric Tonnes,17300,Rs./Quintal
Kerala,Pathanamthitta,Ranniangadi APMC,Rubber,25-10-2025,2.6,Metric Tonnes,17100,Rs./Quintal
Kerala,Pathanamthitta,Ranniangadi APMC,Rubber,29-10-2025,2.7,Metric Tonnes,18000,Rs./Quintal
Kerala,Pathanamthitta,Ranniangadi APMC,Rubber,26-11-2025,2,Metric Tonnes,17300,Rs./Quintal
Kerala,Pathanamthitta,Ranniangadi APMC,Rubber,29-11-2025,2.5,Metric Tonnes,17900,Rs./Quintal
Kerala,Pathanamthitta,Ranniangadi APMC,Rubber,17-12-2025,2.5,Metric Tonnes,17300,Rs./Quintal
Kerala,Pathanamthitta,Ranniangadi APMC,Rubber,20-12-2025,2.4,Metric Tonnes,17900,Rs./Quintal
Kerala,Pathanamthitta,Ranniangadi APMC,Rubber,24-12-2025,2.6,Metric Tonnes,17850,Rs./Quintal
Kerala,Wayanad,Kalpetta APMC,Rubber,07-01-2025,15.2,Metric Tonnes,17600,Rs./Quintal
Kerala,Wayanad,Kalpetta APMC,Rubber,08-01-2025,15.3,Metric Tonnes,17500,Rs./Quintal
Kerala,Wayanad,Kalpetta APMC,Rubber,09-01-2025,15.4,Metric Tonnes,17500,Rs./Quintal
Kerala,Wayanad,Kalpetta APMC,Rubber,20-01-2025,15.4,Metric Tonnes,17500,Rs./Quintal
Kerala,Wayanad,Kalpetta APMC,Rubber,21-01-2025,15.3,Metric Tonnes,17600,Rs./Quintal
Kerala,Wayanad,Kalpetta APMC,Rubber,22-01-2025,15.2,Metric Tonnes,17500,Rs./Quintal
Kerala,Wayanad,Kalpetta APMC,Rubber,23-01-2025,15,Metric Tonnes,17700,Rs./Quintal
Kerala,Wayanad,Kalpetta APMC,Rubber,24-01-2025,14.8,Metric Tonnes,17700,Rs./Quintal
Kerala,Wayanad,Kalpetta APMC,Rubber,25-01-2025,14.6,Metric Tonnes,17700,Rs./Quintal
Kerala,Wayanad,Kalpetta APMC,Rubber,27-01-2025,14.2,Metric Tonnes,17600,Rs./Quintal
Kerala,Wayanad,Kalpetta APMC,Rubber,28-01-2025,14,Metric Tonnes,17700,Rs./Quintal
Kerala,Wayanad,Kalpetta APMC,Rubber,29-01-2025,14.5,Metric Tonnes,17700,Rs./Quintal
Kerala,Wayanad,Kalpetta APMC,Rubber,30-01-2025,14.6,Metric Tonnes,17700,Rs./Quintal
Kerala,Wayanad,Kalpetta APMC,Rubber,31-01-2025,14,Metric Tonnes,17800,Rs./Quintal
Kerala,Wayanad,Kalpetta APMC,Rubber,01-02-2025,13.8,Metric Tonnes,17800,Rs./Quintal
Kerala,Wayanad,Kalpetta APMC,Rubber,03-02-2025,13.5,Metric Tonnes,17700,Rs./Quintal
Kerala,Wayanad,Kalpetta APMC,Rubber,04-02-2025,13.4,Metric Tonnes,17800,Rs./Quintal
Kerala,Wayanad,Kalpetta APMC,Rubber,05-02-2025,13.2,Metric Tonnes,17800,Rs./Quintal
Kerala,Wayanad,Kalpetta APMC,Rubber,06-02-2025,13.1,Metric Tonnes,17800,Rs./Quintal
Kerala,Wayanad,Kalpetta APMC,Rubber,07-02-2025,13,Metric Tonnes,17800,Rs./Quintal
Kerala,Wayanad,Kalpetta APMC,Rubber,10-02-2025,13.1,Metric Tonnes,17700,Rs./Quintal
Kerala,Wayanad,Kalpetta APMC,Rubber,11-02-2025,13.2,Metric Tonnes,17800,Rs./Quintal
Kerala,Wayanad,Kalpetta APMC,Rubber,12-02-2025,13.3,Metric Tonnes,17800,Rs./Quintal
Kerala,Wayanad,Kalpetta APMC,Rubber,13-02-2025,13.2,Metric Tonnes,17800,Rs./Quintal
Kerala,Wayanad,Kalpetta APMC,Rubber,14-02-2025,13.3,Metric Tonnes,17700,Rs./Quintal
Kerala,Wayanad,Kalpetta APMC,Rubber,15-02-2025,13.2,Metric Tonnes,17600,Rs./Quintal
Kerala,Wayanad,Kalpetta APMC,Rubber,17-02-2025,13.3,Metric Tonnes,17700,Rs./Quintal
Kerala,Wayanad,Kalpetta APMC,Rubber,18-02-2025,13.4,Metric Tonnes,17700,Rs./Quintal
Kerala,Wayanad,Kalpetta APMC,Rubber,19-02-2025,13.5,Metric Tonnes,17700,Rs./Quintal
Kerala,Wayanad,Kalpetta APMC,Rubber,20-02-2025,13.2,Metric Tonnes,17800,Rs./Quintal
Kerala,Wayanad,Kalpetta APMC,Rubber,21-02-2025,13,Metric Tonnes,17800,Rs./Quintal
Kerala,Wayanad,Kalpetta APMC,Rubber,22-02-2025,12.9,Metric Tonnes,17700,Rs./Quintal
Kerala,Wayanad,Kalpetta APMC,Rubber,24-02-2025,13,Metric Tonnes,17800,Rs./Quintal
Kerala,Wayanad,Kalpetta APMC,Rubber,25-02-2025,12.8,Metric Tonnes,17800,Rs./Quintal
Kerala,Wayanad,Kalpetta APMC,Rubber,27-02-2025,12.5,Metric Tonnes,17700,Rs./Quintal
Kerala,Wayanad,Kalpetta APMC,Rubber,28-02-2025,12.4,Metric Tonnes,17700,Rs./Quintal
Kerala,Wayanad,Kalpetta APMC,Rubber,01-03-2025,12.3,Metric Tonnes,17600,Rs./Quintal
Kerala,Wayanad,Kalpetta APMC,Rubber,03-03-2025,12.4,Metric Tonnes,17700,Rs./Quintal
Kerala,Wayanad,Kalpetta APMC,Rubber,04-03-2025,12.5,Metric Tonnes,17600,Rs./Quintal
Kerala,Wayanad,Kalpetta APMC,Rubber,05-03-2025,12.4,Metric Tonnes,17800,Rs./Quintal
Kerala,Wayanad,Kalpetta APMC,Rubber,06-03-2025,12.5,Metric Tonnes,17800,Rs./Quintal
Kerala,Wayanad,Kalpetta APMC,Rubber,07-03-2025,12.6,Metric Tonnes,17800,Rs./Quintal
Kerala,Wayanad,Kalpetta APMC,Rubber,10-03-2025,12.5,Metric Tonnes,17800,Rs./Quintal
Kerala,Wayanad,Kalpetta APMC,Rubber,11-03-2025,12.6,Metric Tonnes,17800,Rs./Quintal
Kerala,Wayanad,Kalpetta APMC,Rubber,12-03-2025,22.7,Metric Tonnes,17900,Rs./Quintal
Kerala,Wayanad,Kalpetta APMC,Rubber,13-03-2025,12.8,Metric Tonnes,17800,Rs./Quintal
Kerala,Wayanad,Kalpetta APMC,Rubber,14-03-2025,12.9,Metric Tonnes,17900,Rs./Quintal
Kerala,Wayanad,Kalpetta APMC,Rubber,15-03-2025,12.4,Metric Tonnes,17900,Rs./Quintal
Kerala,Wayanad,Kalpetta APMC,Rubber,17-03-2025,12.8,Metric Tonnes,17800,Rs./Quintal
Kerala,Wayanad,Kalpetta APMC,Rubber,18-03-2025,12.8,Metric Tonnes,17800,Rs./Quintal
Kerala,Wayanad,Kalpetta APMC,Rubber,19-03-2025,12.9,Metric Tonnes,17900,Rs./Quintal
Kerala,Wayanad,Kalpetta APMC,Rubber,20-03-2025,13,Metric Tonnes,17900,Rs./Quintal
Kerala,Wayanad,Kalpetta APMC,Rubber,21-03-2025,12.7,Metric Tonnes,18000,Rs./Quintal
Kerala,Wayanad,Kalpetta APMC,Rubber,22-03-2025,12.5,Metric Tonnes,18000,Rs./Quintal
Kerala,Wayanad,Kalpetta APMC,Rubber,24-03-2025,12.3,Metric Tonnes,17900,Rs./Quintal
Kerala,Wayanad,Kalpetta APMC,Rubber,25-03-2025,12.2,Metric Tonnes,18000,Rs./Quintal
Kerala,Wayanad,Kalpetta APMC,Rubber,26-03-2025,12.4,Metric Tonnes,18100,Rs./Quintal
Kerala,Wayanad,Kalpetta APMC,Rubber,27-03-2025,12.5,Metric Tonnes,18200,Rs./Quintal
Kerala,Wayanad,Kalpetta APMC,Rubber,28-03-2025,12.6,Metric Tonnes,18300,Rs./Quintal
Kerala,Wayanad,Kalpetta APMC,Rubber,29-03-2025,12.5,Metric Tonnes,18300,Rs./Quintal
Kerala,Wayanad,Kalpetta APMC,Rubber,01-04-2025,12.6,Metric Tonnes,18400,Rs./Quintal
Kerala,Wayanad,Kalpetta APMC,Rubber,02-04-2025,12.4,Metric Tonnes,18500,Rs./Quintal
Kerala,Wayanad,Kalpetta APMC,Rubber,03-04-2025,12.5,Metric Tonnes,18700,Rs./Quintal
Kerala,Wayanad,Kalpetta APMC,Rubber,04-04-2025,12.5,Metric Tonnes,18700,Rs./Quintal
Kerala,Wayanad,Kalpetta APMC,Rubber,05-04-2025,12.6,Metric Tonnes,18800,Rs./Quintal
Kerala,Wayanad,Kalpetta APMC,Rubber,07-04-2025,12.3,Metric Tonnes,18600,Rs./Quintal
Kerala,Wayanad,Kalpetta APMC,Rubber,08-04-2025,12.2,Metric Tonnes,18700,Rs./Quintal
Kerala,Wayanad,Kalpetta APMC,Rubber,09-04-2025,12.1,Metric Tonnes,18600,Rs./Quintal
Kerala,Wayanad,Kalpetta APMC,Rubber,10-04-2025,12,Metric Tonnes,18500,Rs./Quintal
Kerala,Wayanad,Kalpetta APMC,Rubber,11-04-2025,11.8,Metric Tonnes,18300,Rs./Quintal
Kerala,Wayanad,Kalpetta APMC,Rubber,15-04-2025,11.7,Metric Tonnes,17900,Rs./Quintal
Kerala,Wayanad,Kalpetta APMC,Rubber,16-04-2025,11.8,Metric Tonnes,18000,Rs./Quintal
Kerala,Wayanad,Kalpetta APMC,Rubber,19-04-2025,12,Metric Tonnes,17900,Rs./Quintal
Kerala,Wayanad,Kalpetta APMC,Rubber,21-04-2025,12.1,Metric Tonnes,18000,Rs./Quintal
Kerala,Wayanad,Kalpetta APMC,Rubber,22-04-2025,12,Metric Tonnes,18000,Rs./Quintal
Kerala,Wayanad,Kalpetta APMC,Rubber,23-04-2025,11.8,Metric Tonnes,17900,Rs./Quintal
Kerala,Wayanad,Kalpetta APMC,Rubber,24-04-2025,11.7,Metric Tonnes,18000,Rs./Quintal
Kerala,Wayanad,Kalpetta APMC,Rubber,25-04-2025,11.8,Metric Tonnes,18000,Rs./Quintal
Kerala,Wayanad,Kalpetta APMC,Rubber,26-04-2025,11.9,Metric Tonnes,18000,Rs./Quintal
Kerala,Wayanad,Kalpetta APMC,Rubber,29-04-2025,12,Metric Tonnes,18000,Rs./Quintal
Kerala,Wayanad,Kalpetta APMC,Rubber,30-04-2025,12.1,Metric Tonnes,18100,Rs./Quintal
Kerala,Wayanad,Kalpetta APMC,Rubber,02-05-2025,12,Metric Tonnes,18300,Rs./Quintal
Kerala,Wayanad,Kalpetta APMC,Rubber,03-05-2025,11.8,Metric Tonnes,18300,Rs./Quintal
Kerala,Wayanad,Kalpetta APMC,Rubber,05-05-2025,11.7,Metric Tonnes,18200,Rs./Quintal
Kerala,Wayanad,Kalpetta APMC,Rubber,06-05-2025,11.5,Metric Tonnes,18200,Rs./Quintal
Kerala,Wayanad,Kalpetta APMC,Rubber,07-05-2025,11,Metric Tonnes,18200,Rs./Quintal
Kerala,Wayanad,Kalpetta APMC,Rubber,08-05-2025,11.1,Metric Tonnes,18200,Rs./Quintal
Kerala,Wayanad,Kalpetta APMC,Rubber,09-05-2025,11.2,Metric Tonnes,18200,Rs./Quintal
Kerala,Wayanad,Kalpetta APMC,Rubber,12-05-2025,11,Metric Tonnes,18100,Rs./Quintal
Kerala,Wayanad,Kalpetta APMC,Rubber,13-05-2025,11,Metric Tonnes,18000,Rs./Quintal
Kerala,Wayanad,Kalpetta APMC,Rubber,14-05-2025,10.9,Metric Tonnes,18000,Rs./Quintal
Kerala,Wayanad,Kalpetta APMC,Rubber,15-05-2025,10.8,Metric Tonnes,18000,Rs./Quintal
Kerala,Wayanad,Kalpetta APMC,Rubber,16-05-2025,10.9,Metric Tonnes,18100,Rs./Quintal
Kerala,Wayanad,Kalpetta APMC,Rubber,17-05-2025,10.8,Metric Tonnes,18200,Rs./Quintal
Kerala,Wayanad,Kalpetta APMC,Rubber,19-05-2025,10.6,Metric Tonnes,18100,Rs./Quintal
Kerala,Wayanad,Kalpetta APMC,Rubber,20-05-2025,10.5,Metric Tonnes,18300,Rs./Quintal
Kerala,Wayanad,Kalpetta APMC,Rubber,21-05-2025,10.6,Metric Tonnes,18300,Rs./Quintal
Kerala,Wayanad,Kalpetta APMC,Rubber,22-05-2025,10.7,Metric Tonnes,18200,Rs./Quintal
Kerala,Wayanad,Kalpetta APMC,Rubber,23-05-2025,10.6,Metric Tonnes,18300,Rs./Quintal
Kerala,Wayanad,Kalpetta APMC,Rubber,26-05-2025,10.3,Metric Tonnes,18200,Rs./Quintal
Kerala,Wayanad,Kalpetta APMC,Rubber,27-05-2025,10.5,Metric Tonnes,18200,Rs./Quintal
Kerala,Wayanad,Kalpetta APMC,Rubber,28-05-2025,10.2,Metric Tonnes,18300,Rs./Quintal
Kerala,Wayanad,Kalpetta APMC,Rubber,29-05-2025,10.3,Metric Tonnes,18400,Rs./Quintal
Kerala,Wayanad,Kalpetta APMC,Rubber,30-05-2025,10.2,Metric Tonnes,18500,Rs./Quintal
Kerala,Wayanad,Kalpetta APMC,Rubber,31-05-2025,10.3,Metric Tonnes,18500,Rs./Quintal
Kerala,Wayanad,Kalpetta APMC,Rubber,02-06-2025,10.2,Metric Tonnes,18500,Rs./Quintal
Kerala,Wayanad,Kalpetta APMC,Rubber,03-06-2025,10.3,Metric Tonnes,18500,Rs./Quintal
Kerala,Wayanad,Kalpetta APMC,Rubber,04-06-2025,10.2,Metric Tonnes,18500,Rs./Quintal
Kerala,Wayanad,Kalpetta APMC,Rubber,05-06-2025,10.4,Metric Tonnes,18600,Rs./Quintal
Kerala,Wayanad,Kalpetta APMC,Rubber,06-06-2025,10.5,Metric Tonnes,18500,Rs./Quintal
Kerala,Wayanad,Kalpetta APMC,Rubber,09-06-2025,10.6,Metric Tonnes,18500,Rs./Quintal
Kerala,Wayanad,Kalpetta APMC,Rubber,10-06-2025,10.7,Metric Tonnes,18500,Rs./Quintal
Kerala,Wayanad,Kalpetta APMC,Rubber,11-06-2025,10.8,Metric Tonnes,18500,Rs./Quintal
Kerala,Wayanad,Kalpetta APMC,Rubber,12-06-2025,10.9,Metric Tonnes,18400,Rs./Quintal
Kerala,Wayanad,Kalpetta APMC,Rubber,13-06-2025,11,Metric Tonnes,18400,Rs./Quintal
Kerala,Wayanad,Kalpetta APMC,Rubber,16-06-2025,10.9,Metric Tonnes,18500,Rs./Quintal
Kerala,Wayanad,Kalpetta APMC,Rubber,17-06-2025,11,Metric Tonnes,18400,Rs./Quintal
Kerala,Wayanad,Kalpetta APMC,Rubber,18-06-2025,11.1,Metric Tonnes,18400,Rs./Quintal
Kerala,Wayanad,Kalpetta APMC,Rubber,19-06-2025,11,Metric Tonnes,18400,Rs./Quintal
Kerala,Wayanad,Kalpetta APMC,Rubber,20-06-2025,10.9,Metric Tonnes,18400,Rs./Quintal
Kerala,Wayanad,Kalpetta APMC,Rubber,21-06-2025,10.8,Metric Tonnes,18400,Rs./Quintal
Kerala,Wayanad,Kalpetta APMC,Rubber,23-06-2025,10.7,Metric Tonnes,18400,Rs./Quintal
Kerala,Wayanad,Kalpetta APMC,Rubber,24-06-2025,10.8,Metric Tonnes,18400,Rs./Quintal
Kerala,Wayanad,Kalpetta APMC,Rubber,25-06-2025,10.9,Metric Tonnes,18500,Rs./Quintal
Kerala,Wayanad,Kalpetta APMC,Rubber,26-06-2025,11,Metric Tonnes,18500,Rs./Quintal
Kerala,Wayanad,Kalpetta APMC,Rubber,27-06-2025,11.2,Metric Tonnes,18400,Rs./Quintal
Kerala,Wayanad,Kalpetta APMC,Rubber,28-06-2025,11.3,Metric Tonnes,18400,Rs./Quintal
Kerala,Wayanad,Kalpetta APMC,Rubber,01-07-2025,11.1,Metric Tonnes,18500,Rs./Quintal
Kerala,Wayanad,Kalpetta APMC,Rubber,02-07-2025,11.2,Metric Tonnes,18500,Rs./Quintal
Kerala,Wayanad,Kalpetta APMC,Rubber,03-07-2025,11.3,Metric Tonnes,18500,Rs./Quintal
Kerala,Wayanad,Kalpetta APMC,Rubber,04-07-2025,11.4,Metric Tonnes,18500,Rs./Quintal
Kerala,Wayanad,Kalpetta APMC,Rubber,05-07-2025,11.3,Metric Tonnes,18500,Rs./Quintal
Kerala,Wayanad,Kalpetta APMC,Rubber,07-07-2025,11.5,Metric Tonnes,18600,Rs./Quintal
Kerala,Wayanad,Kalpetta APMC,Rubber,08-07-2025,11.6,Metric Tonnes,18500,Rs./Quintal
Kerala,Wayanad,Kalpetta APMC,Rubber,10-07-2025,11.5,Metric Tonnes,18600,Rs./Quintal
Kerala,Wayanad,Kalpetta APMC,Rubber,11-07-2025,12,Metric Tonnes,18500,Rs./Quintal
Kerala,Wayanad,Kalpetta APMC,Rubber,14-07-2025,12.1,Metric Tonnes,18400,Rs./Quintal
Kerala,Wayanad,Kalpetta APMC,Rubber,15-07-2025,12.2,Metric Tonnes,18600,Rs./Quintal
Kerala,Wayanad,Kalpetta APMC,Rubber,16-07-2025,12.3,Metric Tonnes,18700,Rs./Quintal
Kerala,Wayanad,Kalpetta APMC,Rubber,17-07-2025,12.4,Metric Tonnes,18700,Rs./Quintal
Kerala,Wayanad,Kalpetta APMC,Rubber,18-07-2025,12.5,Metric Tonnes,18700,Rs./Quintal
Kerala,Wayanad,Kalpetta APMC,Rubber,19-07-2025,12.6,Metric Tonnes,18700,Rs./Quintal
Kerala,Wayanad,Kalpetta APMC,Rubber,21-07-2025,12.5,Metric Tonnes,18600,Rs./Quintal
Kerala,Wayanad,Kalpetta APMC,Rubber,23-07-2025,12.6,Metric Tonnes,18700,Rs./Quintal
Kerala,Wayanad,Kalpetta APMC,Rubber,25-07-2025,12.4,Metric Tonnes,18900,Rs./Quintal
Kerala,Wayanad,Kalpetta APMC,Rubber,26-07-2025,12.5,Metric Tonnes,19000,Rs./Quintal
Kerala,Wayanad,Kalpetta APMC,Rubber,28-07-2025,12.6,Metric Tonnes,19300,Rs./Quintal
Kerala,Wayanad,Kalpetta APMC,Rubber,29-07-2025,12.7,Metric Tonnes,19300,Rs./Quintal
Kerala,Wayanad,Kalpetta APMC,Rubber,30-07-2025,12.6,Metric Tonnes,19300,Rs./Quintal
Kerala,Wayanad,Kalpetta APMC,Rubber,31-07-2025,12.7,Metric Tonnes,19300,Rs./Quintal
Kerala,Wayanad,Kalpetta APMC,Rubber,01-08-2025,12.8,Metric Tonnes,19000,Rs./Quintal
Kerala,Wayanad,Kalpetta APMC,Rubber,02-08-2025,12.9,Metric Tonnes,19300,Rs./Quintal
Kerala,Wayanad,Kalpetta APMC,Rubber,04-08-2025,13,Metric Tonnes,19300,Rs./Quintal
Kerala,Wayanad,Kalpetta APMC,Rubber,05-08-2025,12.7,Metric Tonnes,19400,Rs./Quintal
Kerala,Wayanad,Kalpetta APMC,Rubber,06-08-2025,12.8,Metric Tonnes,19300,Rs./Quintal
Kerala,Wayanad,Kalpetta APMC,Rubber,07-08-2025,12.9,Metric Tonnes,19100,Rs./Quintal
Kerala,Wayanad,Kalpetta APMC,Rubber,08-08-2025,13,Metric Tonnes,19000,Rs./Quintal
Kerala,Wayanad,Kalpetta APMC,Rubber,11-08-2025,13.1,Metric Tonnes,18800,Rs./Quintal
Kerala,Wayanad,Kalpetta APMC,Rubber,12-08-2025,12.9,Metric Tonnes,18900,Rs./Quintal
Kerala,Wayanad,Kalpetta APMC,Rubber,13-08-2025,12.8,Metric Tonnes,18600,Rs./Quintal
Kerala,Wayanad,Kalpetta APMC,Rubber,14-08-2025,12.7,Metric Tonnes,18600,Rs./Quintal
Kerala,Wayanad,Kalpetta APMC,Rubber,16-08-2025,12.8,Metric Tonnes,18400,Rs./Quintal
Kerala,Wayanad,Kalpetta APMC,Rubber,18-08-2025,12.9,Metric Tonnes,18500,Rs./Quintal
Kerala,Wayanad,Kalpetta APMC,Rubber,19-08-2025,13,Metric Tonnes,18600,Rs./Quintal
Kerala,Wayanad,Kalpetta APMC,Rubber,20-08-2025,13.1,Metric Tonnes,18700,Rs./Quintal
Kerala,Wayanad,Kalpetta APMC,Rubber,21-08-2025,12.9,Metric Tonnes,18400,Rs./Quintal
Kerala,Wayanad,Kalpetta APMC,Rubber,22-08-2025,13,Metric Tonnes,18300,Rs./Quintal
Kerala,Wayanad,Kalpetta APMC,Rubber,23-08-2025,13,Metric Tonnes,18300,Rs./Quintal
Kerala,Wayanad,Kalpetta APMC,Rubber,25-08-2025,12.8,Metric Tonnes,18400,Rs./Quintal
Kerala,Wayanad,Kalpetta APMC,Rubber,26-08-2025,12.9,Metric Tonnes,18400,Rs./Quintal
Kerala,Wayanad,Kalpetta APMC,Rubber,27-08-2025,13,Metric Tonnes,18300,Rs./Quintal
Kerala,Wayanad,Kalpetta APMC,Rubber,29-08-2025,12.9,Metric Tonnes,18100,Rs./Quintal
Kerala,Wayanad,Kalpetta APMC,Rubber,30-08-2025,13,Metric Tonnes,18000,Rs./Quintal
Kerala,Wayanad,Kalpetta APMC,Rubber,01-09-2025,12.9,Metric Tonnes,18200,Rs./Quintal
Kerala,Wayanad,Kalpetta APMC,Rubber,02-09-2025,13,Metric Tonnes,18100,Rs./Quintal
Kerala,Wayanad,Kalpetta APMC,Rubber,08-09-2025,12.8,Metric Tonnes,17700,Rs./Quintal
Kerala,Wayanad,Kalpetta APMC,Rubber,09-09-2025,12.9,Metric Tonnes,17700,Rs./Quintal
Kerala,Wayanad,Kalpetta APMC,Rubber,10-09-2025,13,Metric Tonnes,17700,Rs./Quintal
Kerala,Wayanad,Kalpetta APMC,Rubber,11-09-2025,13.1,Metric Tonnes,17800,Rs./Quintal
Kerala,Wayanad,Kalpetta APMC,Rubber,12-09-2025,13.2,Metric Tonnes,17900,Rs./Quintal
Kerala,Wayanad,Kalpetta APMC,Rubber,15-09-2025,13.1,Metric Tonnes,17600,Rs./Quintal
Kerala,Wayanad,Kalpetta APMC,Rubber,16-09-2025,13.2,Metric Tonnes,17400,Rs./Quintal
Kerala,Wayanad,Kalpetta APMC,Rubber,17-09-2025,13.1,Metric Tonnes,17300,Rs./Quintal
Kerala,Wayanad,Kalpetta APMC,Rubber,18-09-2025,13,Metric Tonnes,17300,Rs./Quintal
Kerala,Wayanad,Kalpetta APMC,Rubber,19-09-2025,13.1,Metric Tonnes,17300,Rs./Quintal
Kerala,Wayanad,Kalpetta APMC,Rubber,20-09-2025,13.2,Metric Tonnes,17300,Rs./Quintal
Kerala,Wayanad,Kalpetta APMC,Rubber,22-09-2025,13.1,Metric Tonnes,17400,Rs./Quintal
Kerala,Wayanad,Kalpetta APMC,Rubber,23-09-2025,13.2,Metric Tonnes,17300,Rs./Quintal
Kerala,Wayanad,Kalpetta APMC,Rubber,24-09-2025,13,Metric Tonnes,17300,Rs./Quintal
Kerala,Wayanad,Kalpetta APMC,Rubber,25-09-2025,13.1,Metric Tonnes,17300,Rs./Quintal
Kerala,Wayanad,Kalpetta APMC,Rubber,26-09-2025,13.2,Metric Tonnes,17300,Rs./Quintal
Kerala,Wayanad,Kalpetta APMC,Rubber,27-09-2025,13.1,Metric Tonnes,17300,Rs./Quintal
Kerala,Wayanad,Kalpetta APMC,Rubber,29-09-2025,13.2,Metric Tonnes,17300,Rs./Quintal
Kerala,Wayanad,Kalpetta APMC,Rubber,30-09-2025,13.3,Metric Tonnes,17300,Rs./Quintal
Kerala,Wayanad,Kalpetta APMC,Rubber,03-10-2025,13.4,Metric Tonnes,17300,Rs./Quintal
Kerala,Wayanad,Kalpetta APMC,Rubber,04-10-2025,13.3,Metric Tonnes,17300,Rs./Quintal
Kerala,Wayanad,Kalpetta APMC,Rubber,06-10-2025,13.2,Metric Tonnes,17400,Rs./Quintal
Kerala,Wayanad,Kalpetta APMC,Rubber,07-10-2025,13.3,Metric Tonnes,17300,Rs./Quintal
Kerala,Wayanad,Kalpetta APMC,Rubber,08-10-2025,13.4,Metric Tonnes,17400,Rs./Quintal
Kerala,Wayanad,Kalpetta APMC,Rubber,09-10-2025,13.5,Metric Tonnes,17400,Rs./Quintal
Kerala,Wayanad,Kalpetta APMC,Rubber,10-10-2025,13.4,Metric Tonnes,17400,Rs./Quintal
Kerala,Wayanad,Kalpetta APMC,Rubber,13-10-2025,13.3,Metric Tonnes,17500,Rs./Quintal
Kerala,Wayanad,Kalpetta APMC,Rubber,14-10-2025,13.4,Metric Tonnes,17400,Rs./Quintal
Kerala,Wayanad,Kalpetta APMC,Rubber,15-10-2025,13.5,Metric Tonnes,17300,Rs./Quintal
Kerala,Wayanad,Kalpetta APMC,Rubber,16-10-2025,13.4,Metric Tonnes,17300,Rs./Quintal
Kerala,Wayanad,Kalpetta APMC,Rubber,17-10-2025,13.5,Metric Tonnes,17400,Rs./Quintal
Kerala,Wayanad,Kalpetta APMC,Rubber,18-10-2025,13.4,Metric Tonnes,17300,Rs./Quintal
Kerala,Wayanad,Kalpetta APMC,Rubber,21-10-2025,13.3,Metric Tonnes,17400,Rs./Quintal
Kerala,Wayanad,Kalpetta APMC,Rubber,22-10-2025,13.4,Metric Tonnes,17400,Rs./Quintal
Kerala,Wayanad,Kalpetta APMC,Rubber,23-10-2025,13.5,Metric Tonnes,17500,Rs./Quintal
Kerala,Wayanad,Kalpetta APMC,Rubber,24-10-2025,13.3,Metric Tonnes,17500,Rs./Quintal
Kerala,Wayanad,Kalpetta APMC,Rubber,25-10-2025,13.4,Metric Tonnes,17500,Rs./Quintal
Kerala,Wayanad,Kalpetta APMC,Rubber,27-10-2025,13.2,Metric Tonnes,17400,Rs./Quintal
Kerala,Wayanad,Kalpetta APMC,Rubber,28-10-2025,13.1,Metric Tonnes,17400,Rs./Quintal
Kerala,Wayanad,Kalpetta APMC,Rubber,29-10-2025,13,Metric Tonnes,17400,Rs./Quintal
Kerala,Wayanad,Kalpetta APMC,Rubber,30-10-2025,12.9,Metric Tonnes,17500,Rs./Quintal
Kerala,Wayanad,Kalpetta APMC,Rubber,31-10-2025,13,Metric Tonnes,17600,Rs./Quintal
Kerala,Wayanad,Kalpetta APMC,Rubber,01-11-2025,13.1,Metric Tonnes,17500,Rs./Quintal
Kerala,Wayanad,Kalpetta APMC,Rubber,03-11-2025,13,Metric Tonnes,17400,Rs./Quintal
Kerala,Wayanad,Kalpetta APMC,Rubber,04-11-2025,13.1,Metric Tonnes,17500,Rs./Quintal
Kerala,Wayanad,Kalpetta APMC,Rubber,05-11-2025,13.2,Metric Tonnes,17400,Rs./Quintal
Kerala,Wayanad,Kalpetta APMC,Rubber,06-11-2025,13.3,Metric Tonnes,17300,Rs./Quintal
Kerala,Wayanad,Kalpetta APMC,Rubber,10-11-2025,13.2,Metric Tonnes,17400,Rs./Quintal
Kerala,Wayanad,Kalpetta APMC,Rubber,11-11-2025,13,Metric Tonnes,17500,Rs./Quintal
Kerala,Wayanad,Kalpetta APMC,Rubber,12-11-2025,12.9,Metric Tonnes,17500,Rs./Quintal
Kerala,Wayanad,Kalpetta APMC,Rubber,13-11-2025,13,Metric Tonnes,17300,Rs./Quintal
Kerala,Wayanad,Kalpetta APMC,Rubber,14-11-2025,13.1,Metric Tonnes,17200,Rs./Quintal
Kerala,Wayanad,Kalpetta APMC,Rubber,15-11-2025,13.2,Metric Tonnes,17200,Rs./Quintal
Kerala,Wayanad,Kalpetta APMC,Rubber,17-11-2025,13.1,Metric Tonnes,17200,Rs./Quintal
Kerala,Wayanad,Kalpetta APMC,Rubber,18-11-2025,12.9,Metric Tonnes,17200,Rs./Quintal
Kerala,Wayanad,Kalpetta APMC,Rubber,19-11-2025,12.8,Metric Tonnes,17300,Rs./Quintal
Kerala,Wayanad,Kalpetta APMC,Rubber,20-11-2025,12.9,Metric Tonnes,17300,Rs./Quintal
Kerala,Wayanad,Kalpetta APMC,Rubber,21-11-2025,12.9,Metric Tonnes,17300,Rs./Quintal
Kerala,Wayanad,Kalpetta APMC,Rubber,22-11-2025,13.1,Metric Tonnes,17300,Rs./Quintal
Kerala,Wayanad,Kalpetta APMC,Rubber,24-11-2025,13.2,Metric Tonnes,17300,Rs./Quintal
Kerala,Wayanad,Kalpetta APMC,Rubber,25-11-2025,13.3,Metric Tonnes,17400,Rs./Quintal
Kerala,Wayanad,Kalpetta APMC,Rubber,26-11-2025,13.2,Metric Tonnes,17400,Rs./Quintal
Kerala,Wayanad,Kalpetta APMC,Rubber,27-11-2025,13.3,Metric Tonnes,17400,Rs./Quintal
Kerala,Wayanad,Kalpetta APMC,Rubber,28-11-2025,13.2,Metric Tonnes,17400,Rs./Quintal
Kerala,Wayanad,Kalpetta APMC,Rubber,29-11-2025,13.1,Metric Tonnes,17400,Rs./Quintal
Kerala,Wayanad,Kalpetta APMC,Rubber,01-12-2025,13,Metric Tonnes,17500,Rs./Quintal
Kerala,Wayanad,Kalpetta APMC,Rubber,03-12-2025,13,Metric Tonnes,17400,Rs./Quintal
Kerala,Wayanad,Kalpetta APMC,Rubber,04-12-2025,13.1,Metric Tonnes,17300,Rs./Quintal
Kerala,Wayanad,Kalpetta APMC,Rubber,05-12-2025,13,Metric Tonnes,17300,Rs./Quintal
Kerala,Wayanad,Kalpetta APMC,Rubber,06-12-2025,12.9,Metric Tonnes,17400,Rs./Quintal
Kerala,Wayanad,Kalpetta APMC,Rubber,08-12-2025,13,Metric Tonnes,17300,Rs./Quintal
Kerala,Wayanad,Kalpetta APMC,Rubber,09-12-2025,13,Metric Tonnes,17300,Rs./Quintal
Kerala,Wayanad,Kalpetta APMC,Rubber,10-12-2025,13.1,Metric Tonnes,17300,Rs./Quintal
Kerala,Wayanad,Kalpetta APMC,Rubber,11-12-2025,13,Metric Tonnes,17300,Rs./Quintal
Kerala,Wayanad,Kalpetta APMC,Rubber,12-12-2025,13.1,Metric Tonnes,17300,Rs./Quintal
Kerala,Wayanad,Kalpetta APMC,Rubber,15-12-2025,13,Metric Tonnes,17400,Rs./Quintal
Kerala,Wayanad,Kalpetta APMC,Rubber,16-12-2025,13.1,Metric Tonnes,17400,Rs./Quintal
Kerala,Wayanad,Kalpetta APMC,Rubber,17-12-2025,13.3,Metric Tonnes,17200,Rs./Quintal
Kerala,Wayanad,Kalpetta APMC,Rubber,18-12-2025,13.4,Metric Tonnes,17200,Rs./Quintal
Kerala,Wayanad,Kalpetta APMC,Rubber,20-12-2025,13.1,Metric Tonnes,17300,Rs./Quintal
Kerala,Wayanad,Kalpetta APMC,Rubber,22-12-2025,13.2,Metric Tonnes,17400,Rs./Quintal
Kerala,Wayanad,Kalpetta APMC,Rubber,23-12-2025,13.1,Metric Tonnes,17400,Rs./Quintal
Kerala,Wayanad,Kalpetta APMC,Rubber,24-12-2025,13.2,Metric Tonnes,17300,Rs./Quintal
Kerala,Wayanad,Kalpetta APMC,Rubber,29-12-2025,13.3,Metric Tonnes,17300,Rs./Quintal
Kerala,Wayanad,Kalpetta APMC,Rubber,30-12-2025,13.4,Metric Tonnes,17400,Rs./Quintal
Kerala,Wayanad,Manathavady APMC,Rubber,06-01-2025,2.9,Metric Tonnes,17300,Rs./Quintal
Kerala,Wayanad,Manathavady APMC,Rubber,07-01-2025,2.9,Metric Tonnes,17900,Rs./Quintal
Kerala,Wayanad,Manathavady APMC,Rubber,10-01-2025,2.7,Metric Tonnes,18500,Rs./Quintal
Kerala,Wayanad,Manathavady APMC,Rubber,11-01-2025,2.7,Metric Tonnes,17800,Rs./Quintal
Kerala,Wayanad,Manathavady APMC,Rubber,12-01-2025,2.75,Metric Tonnes,17100,Rs./Quintal
Kerala,Wayanad,Manathavady APMC,Rubber,13-01-2025,2.85,Metric Tonnes,17200,Rs./Quintal
Kerala,Wayanad,Manathavady APMC,Rubber,14-01-2025,2.6,Metric Tonnes,17800,Rs./Quintal
Kerala,Wayanad,Manathavady APMC,Rubber,15-01-2025,2.8,Metric Tonnes,17300,Rs./Quintal
Kerala,Wayanad,Manathavady APMC,Rubber,16-01-2025,2.8,Metric Tonnes,17300,Rs./Quintal
Kerala,Wayanad,Manathavady APMC,Rubber,17-01-2025,2.6,Metric Tonnes,17900,Rs./Quintal
Kerala,Wayanad,Manathavady APMC,Rubber,18-01-2025,2.9,Metric Tonnes,18000,Rs./Quintal
Kerala,Wayanad,Manathavady APMC,Rubber,19-01-2025,2.9,Metric Tonnes,18000,Rs./Quintal
Kerala,Wayanad,Manathavady APMC,Rubber,20-01-2025,2.98,Metric Tonnes,18000,Rs./Quintal
Kerala,Wayanad,Manathavady APMC,Rubber,22-01-2025,2.9,Metric Tonnes,17900,Rs./Quintal
Kerala,Wayanad,Manathavady APMC,Rubber,23-01-2025,3,Metric Tonnes,18500,Rs./Quintal
Kerala,Wayanad,Manathavady APMC,Rubber,24-01-2025,3.2,Metric Tonnes,17800,Rs./Quintal
Kerala,Wayanad,Manathavady APMC,Rubber,25-01-2025,2.6,Metric Tonnes,17900,Rs./Quintal
Kerala,Wayanad,Manathavady APMC,Rubber,27-01-2025,3,Metric Tonnes,17800,Rs./Quintal
Kerala,Wayanad,Manathavady APMC,Rubber,28-01-2025,3.1,Metric Tonnes,17600,Rs./Quintal
Kerala,Wayanad,Manathavady APMC,Rubber,29-01-2025,2.6,Metric Tonnes,17800,Rs./Quintal
Kerala,Wayanad,Manathavady APMC,Rubber,30-01-2025,3.1,Metric Tonnes,17800,Rs./Quintal
Kerala,Wayanad,Manathavady APMC,Rubber,31-01-2025,3,Metric Tonnes,17700,Rs./Quintal
Kerala,Wayanad,Manathavady APMC,Rubber,01-02-2025,2.6,Metric Tonnes,17700,Rs./Quintal
Kerala,Wayanad,Manathavady APMC,Rubber,03-02-2025,3,Metric Tonnes,17700,Rs./Quintal
Kerala,Wayanad,Manathavady APMC,Rubber,04-02-2025,2.9,Metric Tonnes,17700,Rs./Quintal
Kerala,Wayanad,Manathavady APMC,Rubber,05-02-2025,3,Metric Tonnes,17600,Rs./Quintal
Kerala,Wayanad,Manathavady APMC,Rubber,06-02-2025,3,Metric Tonnes,17800,Rs./Quintal
Kerala,Wayanad,Manathavady APMC,Rubber,07-02-2025,3,Metric Tonnes,17700,Rs./Quintal
Kerala,Wayanad,Manathavady APMC,Rubber,08-02-2025,3,Metric Tonnes,17500,Rs./Quintal
Kerala,Wayanad,Manathavady APMC,Rubber,10-02-2025,2.9,Metric Tonnes,18700,Rs./Quintal
Kerala,Wayanad,Manathavady APMC,Rubber,11-02-2025,3.1,Metric Tonnes,17700,Rs./Quintal
Kerala,Wayanad,Manathavady APMC,Rubber,12-02-2025,2.8,Metric Tonnes,18300,Rs./Quintal
Kerala,Wayanad,Manathavady APMC,Rubber,14-02-2025,2.8,Metric Tonnes,17600,Rs./Quintal
Kerala,Wayanad,Manathavady APMC,Rubber,15-02-2025,2.8,Metric Tonnes,17900,Rs./Quintal
Kerala,Wayanad,Manathavady APMC,Rubber,16-02-2025,2.9,Metric Tonnes,17700,Rs./Quintal
Kerala,Wayanad,Manathavady APMC,Rubber,17-02-2025,3.1,Metric Tonnes,17900,Rs./Quintal
Kerala,Wayanad,Manathavady APMC,Rubber,18-02-2025,3.2,Metric Tonnes,17700,Rs./Quintal
Kerala,Wayanad,Manathavady APMC,Rubber,21-02-2025,2.8,Metric Tonnes,17700,Rs./Quintal
Kerala,Wayanad,Manathavady APMC,Rubber,22-02-2025,3.1,Metric Tonnes,17700,Rs./Quintal
Kerala,Wayanad,Manathavady APMC,Rubber,23-02-2025,3.1,Metric Tonnes,17600,Rs./Quintal
Kerala,Wayanad,Manathavady APMC,Rubber,24-02-2025,3.2,Metric Tonnes,17700,Rs./Quintal
Kerala,Wayanad,Manathavady APMC,Rubber,25-02-2025,3.5,Metric Tonnes,17800,Rs./Quintal
Kerala,Wayanad,Manathavady APMC,Rubber,26-02-2025,3.2,Metric Tonnes,17600,Rs./Quintal
Kerala,Wayanad,Manathavady APMC,Rubber,27-02-2025,2.4,Metric Tonnes,17700,Rs./Quintal
Kerala,Wayanad,Manathavady APMC,Rubber,28-02-2025,3.4,Metric Tonnes,17800,Rs./Quintal
Kerala,Wayanad,Manathavady APMC,Rubber,01-03-2025,3.4,Metric Tonnes,17700,Rs./Quintal
Kerala,Wayanad,Manathavady APMC,Rubber,03-03-2025,3.2,Metric Tonnes,17600,Rs./Quintal
Kerala,Wayanad,Manathavady APMC,Rubber,04-03-2025,3.5,Metric Tonnes,17600,Rs./Quintal
Kerala,Wayanad,Manathavady APMC,Rubber,06-03-2025,3.3,Metric Tonnes,17700,Rs./Quintal
Kerala,Wayanad,Manathavady APMC,Rubber,07-03-2025,3.5,Metric Tonnes,17700,Rs./Quintal
Kerala,Wayanad,Manathavady APMC,Rubber,10-03-2025,2.9,Metric Tonnes,17900,Rs./Quintal
Kerala,Wayanad,Manathavady APMC,Rubber,11-03-2025,3,Metric Tonnes,17700,Rs./Quintal
Kerala,Wayanad,Manathavady APMC,Rubber,12-03-2025,2.9,Metric Tonnes,18000,Rs./Quintal
Kerala,Wayanad,Manathavady APMC,Rubber,13-03-2025,3.7,Metric Tonnes,17700,Rs./Quintal
Kerala,Wayanad,Manathavady APMC,Rubber,14-03-2025,3.6,Metric Tonnes,17700,Rs./Quintal
Kerala,Wayanad,Manathavady APMC,Rubber,17-03-2025,3.5,Metric Tonnes,17900,Rs./Quintal
Kerala,Wayanad,Manathavady APMC,Rubber,20-03-2025,3.6,Metric Tonnes,17900,Rs./Quintal
Kerala,Wayanad,Manathavady APMC,Rubber,21-03-2025,3.3,Metric Tonnes,18100,Rs./Quintal
Kerala,Wayanad,Manathavady APMC,Rubber,22-03-2025,3.6,Metric Tonnes,18000,Rs./Quintal
Kerala,Wayanad,Manathavady APMC,Rubber,23-03-2025,4,Metric Tonnes,17900,Rs./Quintal
Kerala,Wayanad,Manathavady APMC,Rubber,24-03-2025,3.2,Metric Tonnes,17900,Rs./Quintal
Kerala,Wayanad,Manathavady APMC,Rubber,25-03-2025,3.6,Metric Tonnes,17900,Rs./Quintal
Kerala,Wayanad,Manathavady APMC,Rubber,26-03-2025,4,Metric Tonnes,18100,Rs./Quintal
Kerala,Wayanad,Manathavady APMC,Rubber,28-03-2025,3.2,Metric Tonnes,18600,Rs./Quintal
Kerala,Wayanad,Manathavady APMC,Rubber,29-03-2025,3.4,Metric Tonnes,18300,Rs./Quintal
Kerala,Wayanad,Manathavady APMC,Rubber,30-03-2025,3.2,Metric Tonnes,18500,Rs./Quintal
Kerala,Wayanad,Manathavady APMC,Rubber,31-03-2025,3,Metric Tonnes,18200,Rs./Quintal
Kerala,Wayanad,Manathavady APMC,Rubber,01-04-2025,3.7,Metric Tonnes,19600,Rs./Quintal
Kerala,Wayanad,Manathavady APMC,Rubber,02-04-2025,3.2,Metric Tonnes,20000,Rs./Quintal
Kerala,Wayanad,Manathavady APMC,Rubber,03-04-2025,3.2,Metric Tonnes,20000,Rs./Quintal
Kerala,Wayanad,Manathavady APMC,Rubber,04-04-2025,4,Metric Tonnes,20000,Rs./Quintal
Kerala,Wayanad,Manathavady APMC,Rubber,05-04-2025,3.1,Metric Tonnes,18000,Rs./Quintal
Kerala,Wayanad,Manathavady APMC,Rubber,07-04-2025,3.6,Metric Tonnes,19700,Rs./Quintal
Kerala,Wayanad,Manathavady APMC,Rubber,08-04-2025,3.6,Metric Tonnes,18700,Rs./Quintal
Kerala,Wayanad,Manathavady APMC,Rubber,09-04-2025,3.4,Metric Tonnes,18400,Rs./Quintal
Kerala,Wayanad,Manathavady APMC,Rubber,10-04-2025,3.6,Metric Tonnes,18500,Rs./Quintal
Kerala,Wayanad,Manathavady APMC,Rubber,11-04-2025,3.1,Metric Tonnes,19500,Rs./Quintal
Kerala,Wayanad,Manathavady APMC,Rubber,12-04-2025,3.6,Metric Tonnes,19700,Rs./Quintal
Kerala,Wayanad,Manathavady APMC,Rubber,15-04-2025,3.6,Metric Tonnes,20000,Rs./Quintal
Kerala,Wayanad,Manathavady APMC,Rubber,19-04-2025,3,Metric Tonnes,18000,Rs./Quintal
Kerala,Wayanad,Manathavady APMC,Rubber,20-04-2025,3.6,Metric Tonnes,17900,Rs./Quintal
Kerala,Wayanad,Manathavady APMC,Rubber,21-04-2025,3.7,Metric Tonnes,18000,Rs./Quintal
Kerala,Wayanad,Manathavady APMC,Rubber,23-04-2025,3.9,Metric Tonnes,18000,Rs./Quintal
Kerala,Wayanad,Manathavady APMC,Rubber,24-04-2025,4,Metric Tonnes,18000,Rs./Quintal
Kerala,Wayanad,Manathavady APMC,Rubber,25-04-2025,4,Metric Tonnes,18000,Rs./Quintal
Kerala,Wayanad,Manathavady APMC,Rubber,26-04-2025,4,Metric Tonnes,18100,Rs./Quintal
Kerala,Wayanad,Manathavady APMC,Rubber,27-04-2025,3.9,Metric Tonnes,18000,Rs./Quintal
Kerala,Wayanad,Manathavady APMC,Rubber,28-04-2025,3.9,Metric Tonnes,18200,Rs./Quintal
Kerala,Wayanad,Manathavady APMC,Rubber,29-04-2025,3.8,Metric Tonnes,18000,Rs./Quintal
Kerala,Wayanad,Manathavady APMC,Rubber,30-04-2025,4.2,Metric Tonnes,18100,Rs./Quintal
Kerala,Wayanad,Manathavady APMC,Rubber,03-05-2025,3.6,Metric Tonnes,18200,Rs./Quintal
Kerala,Wayanad,Manathavady APMC,Rubber,05-05-2025,3.6,Metric Tonnes,18200,Rs./Quintal
Kerala,Wayanad,Manathavady APMC,Rubber,06-05-2025,4.1,Metric Tonnes,18500,Rs./Quintal
Kerala,Wayanad,Manathavady APMC,Rubber,07-05-2025,4,Metric Tonnes,18200,Rs./Quintal
Kerala,Wayanad,Manathavady APMC,Rubber,08-05-2025,4.3,Metric Tonnes,18200,Rs./Quintal
Kerala,Wayanad,Manathavady APMC,Rubber,09-05-2025,3.7,Metric Tonnes,18200,Rs./Quintal
Kerala,Wayanad,Manathavady APMC,Rubber,10-05-2025,3.6,Metric Tonnes,18000,Rs./Quintal
Kerala,Wayanad,Manathavady APMC,Rubber,11-05-2025,4.2,Metric Tonnes,18000,Rs./Quintal
Kerala,Wayanad,Manathavady APMC,Rubber,12-05-2025,4.1,Metric Tonnes,18000,Rs./Quintal
Kerala,Wayanad,Manathavady APMC,Rubber,13-05-2025,4.2,Metric Tonnes,18000,Rs./Quintal
Kerala,Wayanad,Manathavady APMC,Rubber,14-05-2025,4.6,Metric Tonnes,18000,Rs./Quintal
Kerala,Wayanad,Manathavady APMC,Rubber,15-05-2025,4.2,Metric Tonnes,18000,Rs./Quintal
Kerala,Wayanad,Manathavady APMC,Rubber,16-05-2025,4.3,Metric Tonnes,18200,Rs./Quintal
Kerala,Wayanad,Manathavady APMC,Rubber,17-05-2025,3.8,Metric Tonnes,18200,Rs./Quintal
Kerala,Wayanad,Manathavady APMC,Rubber,18-05-2025,3.8,Metric Tonnes,18200,Rs./Quintal
Kerala,Wayanad,Manathavady APMC,Rubber,19-05-2025,4.1,Metric Tonnes,18300,Rs./Quintal
Kerala,Wayanad,Manathavady APMC,Rubber,20-05-2025,3.9,Metric Tonnes,18200,Rs./Quintal
Kerala,Wayanad,Manathavady APMC,Rubber,21-05-2025,4.1,Metric Tonnes,18300,Rs./Quintal
Kerala,Wayanad,Manathavady APMC,Rubber,26-05-2025,3.6,Metric Tonnes,18300,Rs./Quintal
Kerala,Wayanad,Manathavady APMC,Rubber,27-05-2025,4,Metric Tonnes,18300,Rs./Quintal
Kerala,Wayanad,Manathavady APMC,Rubber,29-05-2025,3.8,Metric Tonnes,18500,Rs./Quintal
Kerala,Wayanad,Manathavady APMC,Rubber,30-05-2025,4.1,Metric Tonnes,18500,Rs./Quintal
Kerala,Wayanad,Manathavady APMC,Rubber,31-05-2025,4,Metric Tonnes,18300,Rs./Quintal
Kerala,Wayanad,Manathavady APMC,Rubber,01-06-2025,4,Metric Tonnes,18200,Rs./Quintal
Kerala,Wayanad,Manathavady APMC,Rubber,02-06-2025,4.1,Metric Tonnes,18400,Rs./Quintal
Kerala,Wayanad,Manathavady APMC,Rubber,04-06-2025,3.2,Metric Tonnes,16600,Rs./Quintal
Kerala,Wayanad,Manathavady APMC,Rubber,05-06-2025,3.9,Metric Tonnes,17500,Rs./Quintal
Kerala,Wayanad,Manathavady APMC,Rubber,06-06-2025,3.9,Metric Tonnes,18500,Rs./Quintal
Kerala,Wayanad,Manathavady APMC,Rubber,07-06-2025,3.6,Metric Tonnes,18500,Rs./Quintal
Kerala,Wayanad,Manathavady APMC,Rubber,09-06-2025,3.8,Metric Tonnes,18500,Rs./Quintal
Kerala,Wayanad,Manathavady APMC,Rubber,10-06-2025,4,Metric Tonnes,18500,Rs./Quintal
Kerala,Wayanad,Manathavady APMC,Rubber,11-06-2025,4.1,Metric Tonnes,18500,Rs./Quintal
Kerala,Wayanad,Manathavady APMC,Rubber,13-06-2025,4.2,Metric Tonnes,18500,Rs./Quintal
Kerala,Wayanad,Manathavady APMC,Rubber,14-06-2025,3.6,Metric Tonnes,18200,Rs./Quintal
Kerala,Wayanad,Manathavady APMC,Rubber,16-06-2025,3.6,Metric Tonnes,18300,Rs./Quintal
Kerala,Wayanad,Manathavady APMC,Rubber,17-06-2025,3.8,Metric Tonnes,18300,Rs./Quintal
Kerala,Wayanad,Manathavady APMC,Rubber,27-06-2025,3.8,Metric Tonnes,18400,Rs./Quintal
Kerala,Wayanad,Manathavady APMC,Rubber,28-06-2025,3.8,Metric Tonnes,18400,Rs./Quintal
Kerala,Wayanad,Manathavady APMC,Rubber,01-07-2025,3.7,Metric Tonnes,18600,Rs./Quintal
Kerala,Wayanad,Manathavady APMC,Rubber,03-07-2025,3.1,Metric Tonnes,18600,Rs./Quintal
Kerala,Wayanad,Manathavady APMC,Rubber,04-07-2025,3.8,Metric Tonnes,18600,Rs./Quintal
Kerala,Wayanad,Manathavady APMC,Rubber,05-07-2025,4,Metric Tonnes,18600,Rs./Quintal
Kerala,Wayanad,Manathavady APMC,Rubber,06-07-2025,3.6,Metric Tonnes,18600,Rs./Quintal
Kerala,Wayanad,Manathavady APMC,Rubber,07-07-2025,4,Metric Tonnes,18500,Rs./Quintal
Kerala,Wayanad,Manathavady APMC,Rubber,11-07-2025,4,Metric Tonnes,18700,Rs./Quintal
Kerala,Wayanad,Manathavady APMC,Rubber,12-07-2025,3.2,Metric Tonnes,18600,Rs./Quintal
Kerala,Wayanad,Manathavady APMC,Rubber,13-07-2025,3.8,Metric Tonnes,18500,Rs./Quintal
Kerala,Wayanad,Manathavady APMC,Rubber,14-07-2025,3.1,Metric Tonnes,18600,Rs./Quintal
Kerala,Wayanad,Manathavady APMC,Rubber,15-07-2025,4.1,Metric Tonnes,18700,Rs./Quintal
Kerala,Wayanad,Manathavady APMC,Rubber,16-07-2025,3.6,Metric Tonnes,18700,Rs./Quintal
Kerala,Wayanad,Manathavady APMC,Rubber,17-07-2025,3.9,Metric Tonnes,18700,Rs./Quintal
Kerala,Wayanad,Manathavady APMC,Rubber,18-07-2025,4.1,Metric Tonnes,18700,Rs./Quintal
Kerala,Wayanad,Manathavady APMC,Rubber,23-07-2025,4,Metric Tonnes,19800,Rs./Quintal
Kerala,Wayanad,Manathavady APMC,Rubber,24-07-2025,4.2,Metric Tonnes,19600,Rs./Quintal
Kerala,Wayanad,Manathavady APMC,Rubber,25-07-2025,3.6,Metric Tonnes,19800,Rs./Quintal
Kerala,Wayanad,Manathavady APMC,Rubber,26-07-2025,4.1,Metric Tonnes,19700,Rs./Quintal
Kerala,Wayanad,Manathavady APMC,Rubber,27-07-2025,4.2,Metric Tonnes,19700,Rs./Quintal
Kerala,Wayanad,Manathavady APMC,Rubber,28-07-2025,4.1,Metric Tonnes,19500,Rs./Quintal
Kerala,Wayanad,Manathavady APMC,Rubber,29-07-2025,4.2,Metric Tonnes,19200,Rs./Quintal
Kerala,Wayanad,Manathavady APMC,Rubber,30-07-2025,4.3,Metric Tonnes,19600,Rs./Quintal
Kerala,Wayanad,Manathavady APMC,Rubber,31-07-2025,4.3,Metric Tonnes,19300,Rs./Quintal
Kerala,Wayanad,Manathavady APMC,Rubber,01-08-2025,4.6,Metric Tonnes,19300,Rs./Quintal
Kerala,Wayanad,Manathavady APMC,Rubber,02-08-2025,4.2,Metric Tonnes,19300,Rs./Quintal
Kerala,Wayanad,Manathavady APMC,Rubber,04-08-2025,4.1,Metric Tonnes,19300,Rs./Quintal
Kerala,Wayanad,Manathavady APMC,Rubber,05-08-2025,4.2,Metric Tonnes,19000,Rs./Quintal
Kerala,Wayanad,Manathavady APMC,Rubber,06-08-2025,4.2,Metric Tonnes,18800,Rs./Quintal
Kerala,Wayanad,Manathavady APMC,Rubber,07-08-2025,4.1,Metric Tonnes,18800,Rs./Quintal
Kerala,Wayanad,Manathavady APMC,Rubber,08-08-2025,4.6,Metric Tonnes,18700,Rs./Quintal
Kerala,Wayanad,Manathavady APMC,Rubber,09-08-2025,4.1,Metric Tonnes,18800,Rs./Quintal
Kerala,Wayanad,Manathavady APMC,Rubber,11-08-2025,4.2,Metric Tonnes,18700,Rs./Quintal
Kerala,Wayanad,Manathavady APMC,Rubber,12-08-2025,4.3,Metric Tonnes,18800,Rs./Quintal
Kerala,Wayanad,Manathavady APMC,Rubber,13-08-2025,4.8,Metric Tonnes,18600,Rs./Quintal
Kerala,Wayanad,Manathavady APMC,Rubber,14-08-2025,4.3,Metric Tonnes,18800,Rs./Quintal
Kerala,Wayanad,Manathavady APMC,Rubber,15-08-2025,3.2,Metric Tonnes,18400,Rs./Quintal
Kerala,Wayanad,Manathavady APMC,Rubber,16-08-2025,4.1,Metric Tonnes,18400,Rs./Quintal
Kerala,Wayanad,Manathavady APMC,Rubber,18-08-2025,4.1,Metric Tonnes,18600,Rs./Quintal
Kerala,Wayanad,Manathavady APMC,Rubber,19-08-2025,4.1,Metric Tonnes,18600,Rs./Quintal
Kerala,Wayanad,Manathavady APMC,Rubber,20-08-2025,4.2,Metric Tonnes,18500,Rs./Quintal
Kerala,Wayanad,Manathavady APMC,Rubber,21-08-2025,3.7,Metric Tonnes,18200,Rs./Quintal
Kerala,Wayanad,Manathavady APMC,Rubber,22-08-2025,4.2,Metric Tonnes,18300,Rs./Quintal
Kerala,Wayanad,Manathavady APMC,Rubber,23-08-2025,3.8,Metric Tonnes,18400,Rs./Quintal
Kerala,Wayanad,Manathavady APMC,Rubber,25-08-2025,4.2,Metric Tonnes,18000,Rs./Quintal
Kerala,Wayanad,Manathavady APMC,Rubber,27-08-2025,4.1,Metric Tonnes,18200,Rs./Quintal
Kerala,Wayanad,Manathavady APMC,Rubber,05-09-2025,3.8,Metric Tonnes,17500,Rs./Quintal
Kerala,Wayanad,Manathavady APMC,Rubber,06-09-2025,4.1,Metric Tonnes,17500,Rs./Quintal
Kerala,Wayanad,Manathavady APMC,Rubber,11-09-2025,4.1,Metric Tonnes,17600,Rs./Quintal
Kerala,Wayanad,Manathavady APMC,Rubber,12-09-2025,4.2,Metric Tonnes,17500,Rs./Quintal
Kerala,Wayanad,Manathavady APMC,Rubber,16-09-2025,4.1,Metric Tonnes,17600,Rs./Quintal
Kerala,Wayanad,Manathavady APMC,Rubber,17-09-2025,4.6,Metric Tonnes,17600,Rs./Quintal
Kerala,Wayanad,Manathavady APMC,Rubber,18-09-2025,3.8,Metric Tonnes,17800,Rs./Quintal
Kerala,Wayanad,Manathavady APMC,Rubber,19-09-2025,4,Metric Tonnes,17500,Rs./Quintal
Kerala,Wayanad,Manathavady APMC,Rubber,21-09-2025,3.75,Metric Tonnes,17300,Rs./Quintal
Kerala,Wayanad,Manathavady APMC,Rubber,22-09-2025,4.1,Metric Tonnes,17500,Rs./Quintal
Kerala,Wayanad,Manathavady APMC,Rubber,23-09-2025,3.9,Metric Tonnes,17400,Rs./Quintal
Kerala,Wayanad,Manathavady APMC,Rubber,24-09-2025,3.9,Metric Tonnes,17300,Rs./Quintal
Kerala,Wayanad,Manathavady APMC,Rubber,26-09-2025,3.8,Metric Tonnes,17300,Rs./Quintal
Kerala,Wayanad,Manathavady APMC,Rubber,27-09-2025,3.6,Metric Tonnes,17500,Rs./Quintal
Kerala,Wayanad,Manathavady APMC,Rubber,28-09-2025,4.1,Metric Tonnes,17400,Rs./Quintal
Kerala,Wayanad,Manathavady APMC,Rubber,29-09-2025,4.1,Metric Tonnes,17500,Rs./Quintal
Kerala,Wayanad,Manathavady APMC,Rubber,30-09-2025,4.1,Metric Tonnes,17400,Rs./Quintal
Kerala,Wayanad,Manathavady APMC,Rubber,02-10-2025,3.6,Metric Tonnes,17500,Rs./Quintal
Kerala,Wayanad,Manathavady APMC,Rubber,03-10-2025,3.2,Metric Tonnes,17600,Rs./Quintal
Kerala,Wayanad,Manathavady APMC,Rubber,04-10-2025,3.8,Metric Tonnes,17500,Rs./Quintal
Kerala,Wayanad,Manathavady APMC,Rubber,06-10-2025,3.8,Metric Tonnes,17400,Rs./Quintal
Kerala,Wayanad,Manathavady APMC,Rubber,07-10-2025,4.1,Metric Tonnes,17500,Rs./Quintal
Kerala,Wayanad,Manathavady APMC,Rubber,08-10-2025,3.9,Metric Tonnes,17500,Rs./Quintal
Kerala,Wayanad,Manathavady APMC,Rubber,09-10-2025,4.2,Metric Tonnes,17600,Rs./Quintal
Kerala,Wayanad,Manathavady APMC,Rubber,10-10-2025,4.1,Metric Tonnes,17400,Rs./Quintal
Kerala,Wayanad,Manathavady APMC,Rubber,11-10-2025,4.6,Metric Tonnes,17200,Rs./Quintal
Kerala,Wayanad,Manathavady APMC,Rubber,13-10-2025,3.8,Metric Tonnes,17400,Rs./Quintal
Kerala,Wayanad,Manathavady APMC,Rubber,14-10-2025,4.1,Metric Tonnes,17400,Rs./Quintal
Kerala,Wayanad,Manathavady APMC,Rubber,21-10-2025,3.9,Metric Tonnes,17500,Rs./Quintal
Kerala,Wayanad,Manathavady APMC,Rubber,22-10-2025,3.8,Metric Tonnes,17400,Rs./Quintal
Kerala,Wayanad,Manathavady APMC,Rubber,23-10-2025,4.2,Metric Tonnes,18200,Rs./Quintal
Kerala,Wayanad,Manathavady APMC,Rubber,24-10-2025,4.1,Metric Tonnes,17500,Rs./Quintal
Kerala,Wayanad,Manathavady APMC,Rubber,25-10-2025,3.8,Metric Tonnes,17600,Rs./Quintal
Kerala,Wayanad,Manathavady APMC,Rubber,26-10-2025,4.1,Metric Tonnes,17600,Rs./Quintal
Kerala,Wayanad,Manathavady APMC,Rubber,27-10-2025,4.1,Metric Tonnes,17600,Rs./Quintal
Kerala,Wayanad,Manathavady APMC,Rubber,29-10-2025,4.1,Metric Tonnes,17500,Rs./Quintal
Kerala,Wayanad,Manathavady APMC,Rubber,30-10-2025,4.2,Metric Tonnes,17500,Rs./Quintal
Kerala,Wayanad,Manathavady APMC,Rubber,31-10-2025,4.1,Metric Tonnes,17500,Rs./Quintal
Kerala,Wayanad,Manathavady APMC,Rubber,03-11-2025,4.2,Metric Tonnes,17300,Rs./Quintal
Kerala,Wayanad,Manathavady APMC,Rubber,04-11-2025,4.2,Metric Tonnes,17300,Rs./Quintal
Kerala,Wayanad,Manathavady APMC,Rubber,10-11-2025,3.2,Metric Tonnes,17100,Rs./Quintal
Kerala,Wayanad,Manathavady APMC,Rubber,11-11-2025,3.9,Metric Tonnes,17200,Rs./Quintal
Kerala,Wayanad,Manathavady APMC,Rubber,12-11-2025,4.2,Metric Tonnes,17300,Rs./Quintal
Kerala,Wayanad,Manathavady APMC,Rubber,13-11-2025,4.1,Metric Tonnes,17300,Rs./Quintal
Kerala,Wayanad,Manathavady APMC,Rubber,14-11-2025,4.1,Metric Tonnes,17200,Rs./Quintal
Kerala,Wayanad,Manathavady APMC,Rubber,15-11-2025,4.1,Metric Tonnes,17200,Rs./Quintal
Kerala,Wayanad,Manathavady APMC,Rubber,16-11-2025,3.9,Metric Tonnes,17200,Rs./Quintal
Kerala,Wayanad,Manathavady APMC,Rubber,17-11-2025,3.8,Metric Tonnes,17300,Rs./Quintal
Kerala,Wayanad,Manathavady APMC,Rubber,18-11-2025,4.2,Metric Tonnes,17300,Rs./Quintal
Kerala,Wayanad,Manathavady APMC,Rubber,19-11-2025,3.7,Metric Tonnes,17200,Rs./Quintal
Kerala,Wayanad,Manathavady APMC,Rubber,20-11-2025,4.2,Metric Tonnes,17300,Rs./Quintal
Kerala,Wayanad,Manathavady APMC,Rubber,21-11-2025,4,Metric Tonnes,17200,Rs./Quintal
Kerala,Wayanad,Manathavady APMC,Rubber,22-11-2025,4.2,Metric Tonnes,17300,Rs./Quintal
Kerala,Wayanad,Manathavady APMC,Rubber,23-11-2025,4.1,Metric Tonnes,17200,Rs./Quintal
Kerala,Wayanad,Manathavady APMC,Rubber,24-11-2025,4.2,Metric Tonnes,17200,Rs./Quintal
Kerala,Wayanad,Manathavady APMC,Rubber,25-11-2025,4.2,Metric Tonnes,17300,Rs./Quintal
Kerala,Wayanad,Manathavady APMC,Rubber,26-11-2025,4,Metric Tonnes,17200,Rs./Quintal
Kerala,Wayanad,Manathavady APMC,Rubber,27-11-2025,4.1,Metric Tonnes,17300,Rs./Quintal
Kerala,Wayanad,Manathavady APMC,Rubber,28-11-2025,4.1,Metric Tonnes,17300,Rs./Quintal
Kerala,Wayanad,Manathavady APMC,Rubber,29-11-2025,4.1,Metric Tonnes,17300,Rs./Quintal
Kerala,Wayanad,Manathavady APMC,Rubber,01-12-2025,4.1,Metric Tonnes,17200,Rs./Quintal
Kerala,Wayanad,Manathavady APMC,Rubber,02-12-2025,4.6,Metric Tonnes,17300,Rs./Quintal
Kerala,Wayanad,Manathavady APMC,Rubber,03-12-2025,4.1,Metric Tonnes,17300,Rs./Quintal
Kerala,Wayanad,Manathavady APMC,Rubber,04-12-2025,4.2,Metric Tonnes,17300,Rs./Quintal
Kerala,Wayanad,Manathavady APMC,Rubber,05-12-2025,4.1,Metric Tonnes,17300,Rs./Quintal
Kerala,Wayanad,Manathavady APMC,Rubber,07-12-2025,4.2,Metric Tonnes,17200,Rs./Quintal
Kerala,Wayanad,Manathavady APMC,Rubber,08-12-2025,4.2,Metric Tonnes,17100,Rs./Quintal
Kerala,Wayanad,Manathavady APMC,Rubber,09-12-2025,3.8,Metric Tonnes,17200,Rs./Quintal
Kerala,Wayanad,Manathavady APMC,Rubber,10-12-2025,4.1,Metric Tonnes,17200,Rs./Quintal
Kerala,Wayanad,Manathavady APMC,Rubber,11-12-2025,4.1,Metric Tonnes,17200,Rs./Quintal
Kerala,Wayanad,Manathavady APMC,Rubber,12-12-2025,4.1,Metric Tonnes,17200,Rs./Quintal
Kerala,Wayanad,Manathavady APMC,Rubber,15-12-2025,4.2,Metric Tonnes,17200,Rs./Quintal
Kerala,Wayanad,Manathavady APMC,Rubber,16-12-2025,4.1,Metric Tonnes,17200,Rs./Quintal
Kerala,Wayanad,Manathavady APMC,Rubber,17-12-2025,4.1,Metric Tonnes,17200,Rs./Quintal
Kerala,Wayanad,Manathavady APMC,Rubber,18-12-2025,4.1,Metric Tonnes,17200,Rs./Quintal
Kerala,Wayanad,Manathavady APMC,Rubber,19-12-2025,4.1,Metric Tonnes,17200,Rs./Quintal
Kerala,Wayanad,Manathavady APMC,Rubber,20-12-2025,4,Metric Tonnes,17200,Rs./Quintal
Kerala,Wayanad,Manathavady APMC,Rubber,22-12-2025,4.1,Metric Tonnes,17200,Rs./Quintal
Kerala,Wayanad,Manathavady APMC,Rubber,23-12-2025,4.1,Metric Tonnes,17200,Rs./Quintal
Kerala,Wayanad,Manathavady APMC,Rubber,26-12-2025,4.2,Metric Tonnes,17200,Rs./Quintal
Kerala,Wayanad,Manathavady APMC,Rubber,29-12-2025,4.2,Metric Tonnes,17200,Rs./Quintal
Kerala,Wayanad,Manathavady APMC,Rubber,30-12-2025,4.2,Metric Tonnes,17300,Rs./Quintal
Kerala,Wayanad,Manathavady APMC,Rubber,31-12-2025,4.1,Metric Tonnes,17300,Rs./Quintal
Kerala,Wayanad,Pulpally APMC,Rubber,04-01-2025,5,Metric Tonnes,1680,Rs./Quintal
Kerala,Wayanad,Pulpally APMC,Rubber,06-01-2025,3,Metric Tonnes,17300,Rs./Quintal
Kerala,Wayanad,Pulpally APMC,Rubber,07-01-2025,5,Metric Tonnes,17900,Rs./Quintal
Kerala,Wayanad,Pulpally APMC,Rubber,08-01-2025,5,Metric Tonnes,17900,Rs./Quintal
Kerala,Wayanad,Pulpally APMC,Rubber,10-01-2025,6,Metric Tonnes,18600,Rs./Quintal
Kerala,Wayanad,Pulpally APMC,Rubber,11-01-2025,6,Metric Tonnes,17600,Rs./Quintal
Kerala,Wayanad,Pulpally APMC,Rubber,13-01-2025,6,Metric Tonnes,16900,Rs./Quintal
Kerala,Wayanad,Pulpally APMC,Rubber,14-01-2025,5,Metric Tonnes,16600,Rs./Quintal
Kerala,Wayanad,Pulpally APMC,Rubber,15-01-2025,6,Metric Tonnes,17900,Rs./Quintal
Kerala,Wayanad,Pulpally APMC,Rubber,17-01-2025,5,Metric Tonnes,17900,Rs./Quintal
Kerala,Wayanad,Pulpally APMC,Rubber,18-01-2025,6,Metric Tonnes,17900,Rs./Quintal
Kerala,Wayanad,Pulpally APMC,Rubber,20-01-2025,5,Metric Tonnes,17600,Rs./Quintal
Kerala,Wayanad,Pulpally APMC,Rubber,21-01-2025,4,Metric Tonnes,17900,Rs./Quintal
Kerala,Wayanad,Pulpally APMC,Rubber,22-01-2025,6,Metric Tonnes,17900,Rs./Quintal
Kerala,Wayanad,Pulpally APMC,Rubber,23-01-2025,5,Metric Tonnes,18600,Rs./Quintal
Kerala,Wayanad,Pulpally APMC,Rubber,24-01-2025,4,Metric Tonnes,17900,Rs./Quintal
Kerala,Wayanad,Pulpally APMC,Rubber,25-01-2025,3,Metric Tonnes,17900,Rs./Quintal
Kerala,Wayanad,Pulpally APMC,Rubber,27-01-2025,6,Metric Tonnes,17900,Rs./Quintal
Kerala,Wayanad,Pulpally APMC,Rubber,28-01-2025,8,Metric Tonnes,17000,Rs./Quintal
Kerala,Wayanad,Pulpally APMC,Rubber,29-01-2025,6,Metric Tonnes,17700,Rs./Quintal
Kerala,Wayanad,Pulpally APMC,Rubber,30-01-2025,3,Metric Tonnes,17900,Rs./Quintal
Kerala,Wayanad,Pulpally APMC,Rubber,03-02-2025,60,Metric Tonnes,17900,Rs./Quintal
Kerala,Wayanad,Pulpally APMC,Rubber,04-02-2025,3,Metric Tonnes,17800,Rs./Quintal
Kerala,Wayanad,Pulpally APMC,Rubber,05-02-2025,5,Metric Tonnes,17900,Rs./Quintal
Kerala,Wayanad,Pulpally APMC,Rubber,06-02-2025,6,Metric Tonnes,18100,Rs./Quintal
Kerala,Wayanad,Pulpally APMC,Rubber,07-02-2025,7,Metric Tonnes,1860,Rs./Quintal
Kerala,Wayanad,Pulpally APMC,Rubber,08-02-2025,2,Metric Tonnes,17500,Rs./Quintal
Kerala,Wayanad,Pulpally APMC,Rubber,10-02-2025,9,Metric Tonnes,18700,Rs./Quintal
Kerala,Wayanad,Pulpally APMC,Rubber,11-02-2025,4,Metric Tonnes,1790,Rs./Quintal
Kerala,Wayanad,Pulpally APMC,Rubber,12-02-2025,3,Metric Tonnes,18500,Rs./Quintal
Kerala,Wayanad,Pulpally APMC,Rubber,14-02-2025,5,Metric Tonnes,17900,Rs./Quintal
Kerala,Wayanad,Pulpally APMC,Rubber,15-02-2025,5,Metric Tonnes,1790,Rs./Quintal
Kerala,Wayanad,Pulpally APMC,Rubber,17-02-2025,5,Metric Tonnes,17900,Rs./Quintal
Kerala,Wayanad,Pulpally APMC,Rubber,18-02-2025,5,Metric Tonnes,17300,Rs./Quintal
Kerala,Wayanad,Pulpally APMC,Rubber,19-02-2025,4,Metric Tonnes,17900,Rs./Quintal
Kerala,Wayanad,Pulpally APMC,Rubber,20-02-2025,6,Metric Tonnes,17500,Rs./Quintal
Kerala,Wayanad,Pulpally APMC,Rubber,22-02-2025,6,Metric Tonnes,17600,Rs./Quintal
Kerala,Wayanad,Pulpally APMC,Rubber,23-02-2025,3,Metric Tonnes,1790,Rs./Quintal
Kerala,Wayanad,Pulpally APMC,Rubber,24-02-2025,5,Metric Tonnes,17900,Rs./Quintal
Kerala,Wayanad,Pulpally APMC,Rubber,25-02-2025,3,Metric Tonnes,17800,Rs./Quintal
Kerala,Wayanad,Pulpally APMC,Rubber,26-02-2025,6,Metric Tonnes,1790,Rs./Quintal
Kerala,Wayanad,Pulpally APMC,Rubber,27-02-2025,6,Metric Tonnes,17800,Rs./Quintal
Kerala,Wayanad,Pulpally APMC,Rubber,28-02-2025,6,Metric Tonnes,1790,Rs./Quintal
Kerala,Wayanad,Pulpally APMC,Rubber,03-03-2025,3,Metric Tonnes,1760,Rs./Quintal
Kerala,Wayanad,Pulpally APMC,Rubber,04-03-2025,5,Metric Tonnes,17600,Rs./Quintal
Kerala,Wayanad,Pulpally APMC,Rubber,05-03-2025,3,Metric Tonnes,17800,Rs./Quintal
Kerala,Wayanad,Pulpally APMC,Rubber,06-03-2025,5,Metric Tonnes,1750,Rs./Quintal
Kerala,Wayanad,Pulpally APMC,Rubber,07-03-2025,3,Metric Tonnes,16600,Rs./Quintal
Kerala,Wayanad,Pulpally APMC,Rubber,10-03-2025,6,Metric Tonnes,17900,Rs./Quintal
Kerala,Wayanad,Pulpally APMC,Rubber,11-03-2025,5,Metric Tonnes,17900,Rs./Quintal
Kerala,Wayanad,Pulpally APMC,Rubber,12-03-2025,3,Metric Tonnes,18300,Rs./Quintal
Kerala,Wayanad,Pulpally APMC,Rubber,13-03-2025,5,Metric Tonnes,17900,Rs./Quintal
Kerala,Wayanad,Pulpally APMC,Rubber,14-03-2025,3,Metric Tonnes,17800,Rs./Quintal
Kerala,Wayanad,Pulpally APMC,Rubber,15-03-2025,3,Metric Tonnes,17900,Rs./Quintal
Kerala,Wayanad,Pulpally APMC,Rubber,17-03-2025,6,Metric Tonnes,17900,Rs./Quintal
Kerala,Wayanad,Pulpally APMC,Rubber,18-03-2025,4,Metric Tonnes,17900,Rs./Quintal
Kerala,Wayanad,Pulpally APMC,Rubber,19-03-2025,3,Metric Tonnes,17900,Rs./Quintal
Kerala,Wayanad,Pulpally APMC,Rubber,20-03-2025,4,Metric Tonnes,17900,Rs./Quintal
Kerala,Wayanad,Pulpally APMC,Rubber,21-03-2025,2,Metric Tonnes,17900,Rs./Quintal
Kerala,Wayanad,Pulpally APMC,Rubber,22-03-2025,2,Metric Tonnes,17900,Rs./Quintal
Kerala,Wayanad,Pulpally APMC,Rubber,24-03-2025,5,Metric Tonnes,17900,Rs./Quintal
Kerala,Wayanad,Pulpally APMC,Rubber,25-03-2025,5,Metric Tonnes,17900,Rs./Quintal
Kerala,Wayanad,Pulpally APMC,Rubber,27-03-2025,5,Metric Tonnes,17900,Rs./Quintal
Kerala,Wayanad,Pulpally APMC,Rubber,28-03-2025,3,Metric Tonnes,17900,Rs./Quintal
Kerala,Wayanad,Pulpally APMC,Rubber,29-03-2025,4,Metric Tonnes,18800,Rs./Quintal
Kerala,Wayanad,Pulpally APMC,Rubber,01-04-2025,6,Metric Tonnes,1970,Rs./Quintal
Kerala,Wayanad,Pulpally APMC,Rubber,02-04-2025,6,Metric Tonnes,19900,Rs./Quintal
Kerala,Wayanad,Pulpally APMC,Rubber,03-04-2025,5,Metric Tonnes,19900,Rs./Quintal
Kerala,Wayanad,Pulpally APMC,Rubber,04-04-2025,2,Metric Tonnes,19700,Rs./Quintal
Kerala,Wayanad,Pulpally APMC,Rubber,05-04-2025,2,Metric Tonnes,17900,Rs./Quintal
Kerala,Wayanad,Pulpally APMC,Rubber,07-04-2025,5,Metric Tonnes,19700,Rs./Quintal
Kerala,Wayanad,Pulpally APMC,Rubber,08-04-2025,4,Metric Tonnes,19800,Rs./Quintal
Kerala,Wayanad,Pulpally APMC,Rubber,10-04-2025,3,Metric Tonnes,18900,Rs./Quintal
Kerala,Wayanad,Pulpally APMC,Rubber,11-04-2025,2,Metric Tonnes,19800,Rs./Quintal
Kerala,Wayanad,Pulpally APMC,Rubber,14-04-2025,6,Metric Tonnes,1990,Rs./Quintal
Kerala,Wayanad,Pulpally APMC,Rubber,15-04-2025,6,Metric Tonnes,19900,Rs./Quintal
Kerala,Wayanad,Pulpally APMC,Rubber,16-04-2025,6,Metric Tonnes,18900,Rs./Quintal
Kerala,Wayanad,Pulpally APMC,Rubber,18-04-2025,7,Metric Tonnes,1900,Rs./Quintal
Kerala,Wayanad,Pulpally APMC,Rubber,19-04-2025,9,Metric Tonnes,19000,Rs./Quintal
Kerala,Wayanad,Pulpally APMC,Rubber,21-04-2025,6,Metric Tonnes,17900,Rs./Quintal
Kerala,Wayanad,Pulpally APMC,Rubber,22-04-2025,3,Metric Tonnes,19700,Rs./Quintal
Kerala,Wayanad,Pulpally APMC,Rubber,23-04-2025,5,Metric Tonnes,18100,Rs./Quintal
Kerala,Wayanad,Pulpally APMC,Rubber,24-04-2025,3,Metric Tonnes,18600,Rs./Quintal
Kerala,Wayanad,Pulpally APMC,Rubber,25-04-2025,3,Metric Tonnes,19500,Rs./Quintal
Kerala,Wayanad,Pulpally APMC,Rubber,26-04-2025,6,Metric Tonnes,1900,Rs./Quintal
Kerala,Wayanad,Pulpally APMC,Rubber,28-04-2025,6,Metric Tonnes,18300,Rs./Quintal
Kerala,Wayanad,Pulpally APMC,Rubber,29-04-2025,2,Metric Tonnes,18900,Rs./Quintal
Kerala,Wayanad,Pulpally APMC,Rubber,30-04-2025,3,Metric Tonnes,17900,Rs./Quintal
Kerala,Wayanad,Pulpally APMC,Rubber,02-05-2025,5,Metric Tonnes,18900,Rs./Quintal
Kerala,Wayanad,Pulpally APMC,Rubber,03-05-2025,3,Metric Tonnes,18600,Rs./Quintal
Kerala,Wayanad,Pulpally APMC,Rubber,05-05-2025,3,Metric Tonnes,18200,Rs./Quintal
Kerala,Wayanad,Pulpally APMC,Rubber,06-05-2025,5,Metric Tonnes,17900,Rs./Quintal
Kerala,Wayanad,Pulpally APMC,Rubber,08-05-2025,6,Metric Tonnes,1790,Rs./Quintal
Kerala,Wayanad,Pulpally APMC,Rubber,09-05-2025,5,Metric Tonnes,17900,Rs./Quintal
Kerala,Wayanad,Pulpally APMC,Rubber,12-05-2025,3,Metric Tonnes,17900,Rs./Quintal
Kerala,Wayanad,Pulpally APMC,Rubber,13-05-2025,5,Metric Tonnes,17900,Rs./Quintal
Kerala,Wayanad,Pulpally APMC,Rubber,15-05-2025,3,Metric Tonnes,1790,Rs./Quintal
Kerala,Wayanad,Pulpally APMC,Rubber,21-05-2025,6,Metric Tonnes,17600,Rs./Quintal
Kerala,Wayanad,Pulpally APMC,Rubber,22-05-2025,21,Metric Tonnes,17500,Rs./Quintal
Kerala,Wayanad,Pulpally APMC,Rubber,23-05-2025,3,Metric Tonnes,17900,Rs./Quintal
Kerala,Wayanad,Pulpally APMC,Rubber,24-05-2025,6,Metric Tonnes,17900,Rs./Quintal
Kerala,Wayanad,Pulpally APMC,Rubber,25-05-2025,3,Metric Tonnes,17600,Rs./Quintal
Kerala,Wayanad,Pulpally APMC,Rubber,26-05-2025,3,Metric Tonnes,17800,Rs./Quintal
Kerala,Wayanad,Pulpally APMC,Rubber,27-05-2025,6,Metric Tonnes,17900,Rs./Quintal
Kerala,Wayanad,Pulpally APMC,Rubber,28-05-2025,3,Metric Tonnes,1660,Rs./Quintal
Kerala,Wayanad,Pulpally APMC,Rubber,29-05-2025,5,Metric Tonnes,17800,Rs./Quintal
Kerala,Wayanad,Pulpally APMC,Rubber,30-05-2025,3,Metric Tonnes,17600,Rs./Quintal
Kerala,Wayanad,Pulpally APMC,Rubber,31-05-2025,3,Metric Tonnes,17500,Rs./Quintal
Kerala,Wayanad,Pulpally APMC,Rubber,02-06-2025,4,Metric Tonnes,16600,Rs./Quintal
Kerala,Wayanad,Pulpally APMC,Rubber,03-06-2025,3,Metric Tonnes,17900,Rs./Quintal
Kerala,Wayanad,Pulpally APMC,Rubber,04-06-2025,3,Metric Tonnes,16600,Rs./Quintal
Kerala,Wayanad,Pulpally APMC,Rubber,05-06-2025,3,Metric Tonnes,17500,Rs./Quintal
Kerala,Wayanad,Pulpally APMC,Rubber,06-06-2025,1,Metric Tonnes,17500,Rs./Quintal
Kerala,Wayanad,Pulpally APMC,Rubber,07-06-2025,4,Metric Tonnes,16900,Rs./Quintal
Kerala,Wayanad,Pulpally APMC,Rubber,09-06-2025,4,Metric Tonnes,1570,Rs./Quintal
Kerala,Wayanad,Pulpally APMC,Rubber,10-06-2025,3,Metric Tonnes,17600,Rs./Quintal
Kerala,Wayanad,Pulpally APMC,Rubber,11-06-2025,4,Metric Tonnes,17600,Rs./Quintal
Kerala,Wayanad,Pulpally APMC,Rubber,12-06-2025,6,Metric Tonnes,17300,Rs./Quintal
Kerala,Wayanad,Pulpally APMC,Rubber,13-06-2025,2,Metric Tonnes,1790,Rs./Quintal
Kerala,Wayanad,Pulpally APMC,Rubber,17-06-2025,6,Metric Tonnes,1750,Rs./Quintal
Kerala,Wayanad,Pulpally APMC,Rubber,18-06-2025,3,Metric Tonnes,17500,Rs./Quintal
Kerala,Wayanad,Pulpally APMC,Rubber,19-06-2025,4,Metric Tonnes,17500,Rs./Quintal
Kerala,Wayanad,Pulpally APMC,Rubber,20-06-2025,4,Metric Tonnes,18500,Rs./Quintal
Kerala,Wayanad,Pulpally APMC,Rubber,21-06-2025,4,Metric Tonnes,1830,Rs./Quintal
Kerala,Wayanad,Pulpally APMC,Rubber,23-06-2025,1,Metric Tonnes,19500,Rs./Quintal
Kerala,Wayanad,Pulpally APMC,Rubber,25-06-2025,2,Metric Tonnes,19900,Rs./Quintal
Kerala,Wayanad,Pulpally APMC,Rubber,26-06-2025,3,Metric Tonnes,19500,Rs./Quintal
Kerala,Wayanad,Pulpally APMC,Rubber,27-06-2025,3,Metric Tonnes,19500,Rs./Quintal
Kerala,Wayanad,Pulpally APMC,Rubber,30-06-2025,2,Metric Tonnes,1950,Rs./Quintal
Kerala,Wayanad,Pulpally APMC,Rubber,01-07-2025,2,Metric Tonnes,19500,Rs./Quintal
Kerala,Wayanad,Pulpally APMC,Rubber,02-07-2025,5,Metric Tonnes,19500,Rs./Quintal
Kerala,Wayanad,Pulpally APMC,Rubber,03-07-2025,5,Metric Tonnes,1960,Rs./Quintal
Kerala,Wayanad,Pulpally APMC,Rubber,04-07-2025,1,Metric Tonnes,19500,Rs./Quintal
Kerala,Wayanad,Pulpally APMC,Rubber,07-07-2025,6,Metric Tonnes,14600,Rs./Quintal
Kerala,Wayanad,Pulpally APMC,Rubber,08-07-2025,4,Metric Tonnes,18500,Rs./Quintal
Kerala,Wayanad,Pulpally APMC,Rubber,09-07-2025,4,Metric Tonnes,19300,Rs./Quintal
Kerala,Wayanad,Pulpally APMC,Rubber,11-07-2025,4,Metric Tonnes,19600,Rs./Quintal
Kerala,Wayanad,Pulpally APMC,Rubber,14-07-2025,2,Metric Tonnes,1930,Rs./Quintal
Kerala,Wayanad,Pulpally APMC,Rubber,15-07-2025,5,Metric Tonnes,19500,Rs./Quintal
Kerala,Wayanad,Pulpally APMC,Rubber,16-07-2025,5,Metric Tonnes,19500,Rs./Quintal
Kerala,Wayanad,Pulpally APMC,Rubber,18-07-2025,5,Metric Tonnes,18700,Rs./Quintal
Kerala,Wayanad,Pulpally APMC,Rubber,19-07-2025,5,Metric Tonnes,19500,Rs./Quintal
Kerala,Wayanad,Pulpally APMC,Rubber,21-07-2025,1,Metric Tonnes,1780,Rs./Quintal
Kerala,Wayanad,Pulpally APMC,Rubber,25-07-2025,2,Metric Tonnes,19500,Rs./Quintal
Kerala,Wayanad,Pulpally APMC,Rubber,26-07-2025,1,Metric Tonnes,1850,Rs./Quintal
Kerala,Wayanad,Pulpally APMC,Rubber,28-07-2025,3,Metric Tonnes,18600,Rs./Quintal
Kerala,Wayanad,Pulpally APMC,Rubber,29-07-2025,3,Metric Tonnes,18500,Rs./Quintal
Kerala,Wayanad,Pulpally APMC,Rubber,30-07-2025,7,Metric Tonnes,19500,Rs./Quintal
Kerala,Wayanad,Pulpally APMC,Rubber,31-07-2025,3,Metric Tonnes,17600,Rs./Quintal
Kerala,Wayanad,Pulpally APMC,Rubber,01-08-2025,6,Metric Tonnes,18500,Rs./Quintal
Kerala,Wayanad,Pulpally APMC,Rubber,02-08-2025,3,Metric Tonnes,1870,Rs./Quintal
Kerala,Wayanad,Pulpally APMC,Rubber,03-08-2025,3,Metric Tonnes,18600,Rs./Quintal
Kerala,Wayanad,Pulpally APMC,Rubber,05-08-2025,2,Metric Tonnes,17500,Rs./Quintal
Kerala,Wayanad,Pulpally APMC,Rubber,06-08-2025,4,Metric Tonnes,18700,Rs./Quintal
Kerala,Wayanad,Pulpally APMC,Rubber,07-08-2025,2,Metric Tonnes,18500,Rs./Quintal
Kerala,Wayanad,Pulpally APMC,Rubber,08-08-2025,2,Metric Tonnes,18800,Rs./Quintal
Kerala,Wayanad,Pulpally APMC,Rubber,09-08-2025,5,Metric Tonnes,1850,Rs./Quintal
Kerala,Wayanad,Pulpally APMC,Rubber,11-08-2025,2,Metric Tonnes,18500,Rs./Quintal
Kerala,Wayanad,Pulpally APMC,Rubber,12-08-2025,2,Metric Tonnes,18500,Rs./Quintal
Kerala,Wayanad,Pulpally APMC,Rubber,13-08-2025,1,Metric Tonnes,18500,Rs./Quintal
Kerala,Wayanad,Pulpally APMC,Rubber,14-08-2025,2,Metric Tonnes,18700,Rs./Quintal
Kerala,Wayanad,Pulpally APMC,Rubber,16-08-2025,3,Metric Tonnes,18500,Rs./Quintal
Kerala,Wayanad,Pulpally APMC,Rubber,18-08-2025,5,Metric Tonnes,18700,Rs./Quintal
Kerala,Wayanad,Pulpally APMC,Rubber,19-08-2025,4,Metric Tonnes,18700,Rs./Quintal
Kerala,Wayanad,Pulpally APMC,Rubber,20-08-2025,6,Metric Tonnes,17600,Rs./Quintal
Kerala,Wayanad,Pulpally APMC,Rubber,21-08-2025,6,Metric Tonnes,1750,Rs./Quintal
Kerala,Wayanad,Pulpally APMC,Rubber,22-08-2025,5,Metric Tonnes,17900,Rs./Quintal
Kerala,Wayanad,Pulpally APMC,Rubber,23-08-2025,2,Metric Tonnes,17900,Rs./Quintal
Kerala,Wayanad,Pulpally APMC,Rubber,25-08-2025,3,Metric Tonnes,18600,Rs./Quintal
Kerala,Wayanad,Pulpally APMC,Rubber,26-08-2025,3,Metric Tonnes,16600,Rs./Quintal
Kerala,Wayanad,Pulpally APMC,Rubber,27-08-2025,6,Metric Tonnes,18500,Rs./Quintal
Kerala,Wayanad,Pulpally APMC,Rubber,29-08-2025,3,Metric Tonnes,18600,Rs./Quintal
Kerala,Wayanad,Pulpally APMC,Rubber,30-08-2025,2,Metric Tonnes,17600,Rs./Quintal
Kerala,Wayanad,Pulpally APMC,Rubber,01-09-2025,3,Metric Tonnes,17900,Rs./Quintal
Kerala,Wayanad,Pulpally APMC,Rubber,02-09-2025,2,Metric Tonnes,18000,Rs./Quintal
Kerala,Wayanad,Pulpally APMC,Rubber,08-09-2025,6,Metric Tonnes,1900,Rs./Quintal
Kerala,Wayanad,Pulpally APMC,Rubber,09-09-2025,2,Metric Tonnes,18700,Rs./Quintal
Kerala,Wayanad,Pulpally APMC,Rubber,10-09-2025,3,Metric Tonnes,17900,Rs./Quintal
Kerala,Wayanad,Pulpally APMC,Rubber,12-09-2025,6,Metric Tonnes,17600,Rs./Quintal
Kerala,Wayanad,Pulpally APMC,Rubber,15-09-2025,3,Metric Tonnes,1760,Rs./Quintal
Kerala,Wayanad,Pulpally APMC,Rubber,16-09-2025,3,Metric Tonnes,17700,Rs./Quintal
Kerala,Wayanad,Pulpally APMC,Rubber,17-09-2025,3,Metric Tonnes,17600,Rs./Quintal
Kerala,Wayanad,Pulpally APMC,Rubber,18-09-2025,5,Metric Tonnes,18700,Rs./Quintal
Kerala,Wayanad,Pulpally APMC,Rubber,19-09-2025,8,Metric Tonnes,18700,Rs./Quintal
Kerala,Wayanad,Pulpally APMC,Rubber,20-09-2025,6,Metric Tonnes,18600,Rs./Quintal
Kerala,Wayanad,Pulpally APMC,Rubber,21-09-2025,2,Metric Tonnes,18800,Rs./Quintal
Kerala,Wayanad,Pulpally APMC,Rubber,22-09-2025,2,Metric Tonnes,18700,Rs./Quintal
Kerala,Wayanad,Pulpally APMC,Rubber,23-09-2025,3,Metric Tonnes,18600,Rs./Quintal
Kerala,Wayanad,Pulpally APMC,Rubber,24-09-2025,5,Metric Tonnes,1870,Rs./Quintal
Kerala,Wayanad,Pulpally APMC,Rubber,25-09-2025,6,Metric Tonnes,17600,Rs./Quintal
Kerala,Wayanad,Pulpally APMC,Rubber,26-09-2025,1,Metric Tonnes,16600,Rs./Quintal
Kerala,Wayanad,Pulpally APMC,Rubber,02-10-2025,3,Metric Tonnes,1760,Rs./Quintal
Kerala,Wayanad,Pulpally APMC,Rubber,03-10-2025,2,Metric Tonnes,17600,Rs./Quintal
Kerala,Wayanad,Pulpally APMC,Rubber,06-10-2025,3,Metric Tonnes,18700,Rs./Quintal
Kerala,Wayanad,Pulpally APMC,Rubber,07-10-2025,6,Metric Tonnes,1870,Rs./Quintal
Kerala,Wayanad,Pulpally APMC,Rubber,08-10-2025,6,Metric Tonnes,18500,Rs./Quintal
Kerala,Wayanad,Pulpally APMC,Rubber,09-10-2025,4,Metric Tonnes,17900,Rs./Quintal
Kerala,Wayanad,Pulpally APMC,Rubber,11-10-2025,3,Metric Tonnes,17900,Rs./Quintal
Kerala,Wayanad,Pulpally APMC,Rubber,12-10-2025,6,Metric Tonnes,17700,Rs./Quintal
Kerala,Wayanad,Pulpally APMC,Rubber,13-10-2025,6,Metric Tonnes,17900,Rs./Quintal
Kerala,Wayanad,Pulpally APMC,Rubber,14-10-2025,2,Metric Tonnes,18700,Rs./Quintal
Kerala,Wayanad,Pulpally APMC,Rubber,15-10-2025,4,Metric Tonnes,17600,Rs./Quintal
Kerala,Wayanad,Pulpally APMC,Rubber,16-10-2025,4,Metric Tonnes,17900,Rs./Quintal
Kerala,Wayanad,Pulpally APMC,Rubber,17-10-2025,8,Metric Tonnes,18500,Rs./Quintal
Kerala,Wayanad,Pulpally APMC,Rubber,18-10-2025,4,Metric Tonnes,17900,Rs./Quintal
Kerala,Wayanad,Pulpally APMC,Rubber,20-10-2025,8,Metric Tonnes,17600,Rs./Quintal
Kerala,Wayanad,Pulpally APMC,Rubber,21-10-2025,4,Metric Tonnes,1760,Rs./Quintal
Kerala,Wayanad,Pulpally APMC,Rubber,22-10-2025,4,Metric Tonnes,18800,Rs./Quintal
Kerala,Wayanad,Pulpally APMC,Rubber,23-10-2025,4,Metric Tonnes,18600,Rs./Quintal
Kerala,Wayanad,Pulpally APMC,Rubber,24-10-2025,5,Metric Tonnes,18600,Rs./Quintal
Kerala,Wayanad,Pulpally APMC,Rubber,27-10-2025,3,Metric Tonnes,17500,Rs./Quintal
Kerala,Wayanad,Pulpally APMC,Rubber,31-10-2025,20,Metric Tonnes,17900,Rs./Quintal
Kerala,Wayanad,Pulpally APMC,Rubber,01-11-2025,4,Metric Tonnes,17600,Rs./Quintal
Kerala,Wayanad,Pulpally APMC,Rubber,02-11-2025,3,Metric Tonnes,17700,Rs./Quintal
Kerala,Wayanad,Pulpally APMC,Rubber,03-11-2025,3,Metric Tonnes,16600,Rs./Quintal
Kerala,Wayanad,Pulpally APMC,Rubber,04-11-2025,5,Metric Tonnes,17600,Rs./Quintal
Kerala,Wayanad,Pulpally APMC,Rubber,05-11-2025,4,Metric Tonnes,19600,Rs./Quintal
Kerala,Wayanad,Pulpally APMC,Rubber,06-11-2025,4,Metric Tonnes,1760,Rs./Quintal
Kerala,Wayanad,Pulpally APMC,Rubber,09-11-2025,1,Metric Tonnes,17600,Rs./Quintal
Kerala,Wayanad,Pulpally APMC,Rubber,10-11-2025,10,Metric Tonnes,17500,Rs./Quintal
Kerala,Wayanad,Pulpally APMC,Rubber,11-11-2025,2,Metric Tonnes,17500,Rs./Quintal
Kerala,Wayanad,Pulpally APMC,Rubber,12-11-2025,3,Metric Tonnes,17500,Rs./Quintal
Kerala,Wayanad,Pulpally APMC,Rubber,13-11-2025,2,Metric Tonnes,17500,Rs./Quintal
Kerala,Wayanad,Pulpally APMC,Rubber,14-11-2025,1.5,Metric Tonnes,17500,Rs./Quintal
Kerala,Wayanad,Pulpally APMC,Rubber,15-11-2025,3,Metric Tonnes,17600,Rs./Quintal
Kerala,Wayanad,Pulpally APMC,Rubber,17-11-2025,2,Metric Tonnes,17500,Rs./Quintal
Kerala,Wayanad,Pulpally APMC,Rubber,18-11-2025,3,Metric Tonnes,17600,Rs./Quintal
Kerala,Wayanad,Pulpally APMC,Rubber,19-11-2025,2,Metric Tonnes,17500,Rs./Quintal
Kerala,Wayanad,Pulpally APMC,Rubber,20-11-2025,2,Metric Tonnes,17700,Rs./Quintal
Kerala,Wayanad,Pulpally APMC,Rubber,21-11-2025,4,Metric Tonnes,18500,Rs./Quintal
Kerala,Wayanad,Pulpally APMC,Rubber,22-11-2025,2,Metric Tonnes,17600,Rs./Quintal
Kerala,Wayanad,Pulpally APMC,Rubber,24-11-2025,2,Metric Tonnes,17500,Rs./Quintal
Kerala,Wayanad,Pulpally APMC,Rubber,26-11-2025,1.3,Metric Tonnes,17500,Rs./Quintal
Kerala,Wayanad,Pulpally APMC,Rubber,27-11-2025,1,Metric Tonnes,17500,Rs./Quintal
Kerala,Wayanad,Pulpally APMC,Rubber,28-11-2025,1.3,Metric Tonnes,17500,Rs./Quintal
Kerala,Wayanad,Pulpally APMC,Rubber,01-12-2025,3,Metric Tonnes,17600,Rs./Quintal
Kerala,Wayanad,Pulpally APMC,Rubber,02-12-2025,3,Metric Tonnes,17500,Rs./Quintal
Kerala,Wayanad,Pulpally APMC,Rubber,03-12-2025,3,Metric Tonnes,17600,Rs./Quintal
Kerala,Wayanad,Pulpally APMC,Rubber,04-12-2025,2,Metric Tonnes,17500,Rs./Quintal
Kerala,Wayanad,Pulpally APMC,Rubber,05-12-2025,2,Metric Tonnes,17500,Rs./Quintal
Kerala,Wayanad,Pulpally APMC,Rubber,06-12-2025,2,Metric Tonnes,17500,Rs./Quintal
Kerala,Wayanad,Pulpally APMC,Rubber,08-12-2025,1,Metric Tonnes,17500,Rs./Quintal
Kerala,Wayanad,Pulpally APMC,Rubber,09-12-2025,2,Metric Tonnes,17500,Rs./Quintal
Kerala,Wayanad,Pulpally APMC,Rubber,11-12-2025,2,Metric Tonnes,17500,Rs./Quintal
Kerala,Wayanad,Pulpally APMC,Rubber,12-12-2025,2,Metric Tonnes,17500,Rs./Quintal
Kerala,Wayanad,Pulpally APMC,Rubber,15-12-2025,3,Metric Tonnes,17500,Rs./Quintal
Kerala,Wayanad,Pulpally APMC,Rubber,16-12-2025,2,Metric Tonnes,17500,Rs./Quintal
Kerala,Wayanad,Pulpally APMC,Rubber,17-12-2025,2,Metric Tonnes,17500,Rs./Quintal
Kerala,Wayanad,Pulpally APMC,Rubber,18-12-2025,2,Metric Tonnes,17500,Rs./Quintal
Kerala,Wayanad,Pulpally APMC,Rubber,20-12-2025,3,Metric Tonnes,17600,Rs./Quintal
Kerala,Wayanad,Pulpally APMC,Rubber,22-12-2025,1,Metric Tonnes,17500,Rs./Quintal
Kerala,Wayanad,Pulpally APMC,Rubber,23-12-2025,2,Metric Tonnes,17500,Rs./Quintal
Kerala,Wayanad,Pulpally APMC,Rubber,25-12-2025,2,Metric Tonnes,17500,Rs./Quintal
Kerala,Wayanad,Pulpally APMC,Rubber,26-12-2025,3,Metric Tonnes,17500,Rs./Quintal
Kerala,Wayanad,Pulpally APMC,Rubber,27-12-2025,1,Metric Tonnes,17500,Rs./Quintal
Kerala,Wayanad,Pulpally APMC,Rubber,28-12-2025,4,Metric Tonnes,17600,Rs./Quintal
Kerala,Wayanad,Pulpally APMC,Rubber,29-12-2025,3,Metric Tonnes,17500,Rs./Quintal
Kerala,Wayanad,Pulpally APMC,Rubber,30-12-2025,2,Metric Tonnes,17500,Rs./Quintal
Kerala,Wayanad,Pulpally APMC,Rubber,31-12-2025,1,Metric Tonnes,17500,Rs./Quintal
,,,,,,,,
Note:,,,,,,,,
Weighted Average Price = ���(arrival quantity * modal price) / ���arri,,,,,,,,
