State,District,Market,Commodity,Date,Arrival_Quantity,Arrival_Unit,Modal_Price,Price_Unit
Kerala,Idukki,Kattappana APMC,Rubber,06-08-2024,4.8,Metric Tonnes,20000,Rs./Quintal
Kerala,Idukki,Kattappana APMC,Rubber,29-10-2024,1.1,Metric Tonnes,20000,Rs./Quintal
Kerala,Idukki,Thodupuzha APMC,Rubber,01-01-2024,1,Metric Tonnes,14700,Rs./Quintal
Kerala,Idukki,Thodupuzha APMC,Rubber,04-01-2024,1,Metric Tonnes,14700,Rs./Quintal
Kerala,Idukki,Thodupuzha APMC,Rubber,05-01-2024,1,Metric Tonnes,14700,Rs./Quintal
Kerala,Idukki,Thodupuzha APMC,Rubber,06-01-2024,1,Metric Tonnes,14700,Rs./Quintal
Kerala,Idukki,Thodupuzha APMC,Rubber,08-01-2024,1,Metric Tonnes,14700,Rs./Quintal
Kerala,Idukki,Thodupuzha APMC,Rubber,10-01-2024,1,Metric Tonnes,14750,Rs./Quintal
Kerala,Idukki,Thodupuzha APMC,Rubber,11-01-2024,1,Metric Tonnes,14750,Rs./Quintal
Kerala,Idukki,Thodupuzha APMC,Rubber,12-01-2024,1,Metric Tonnes,14700,Rs./Quintal
Kerala,Idukki,Thodupuzha APMC,Rubber,15-01-2024,1,Metric Tonnes,14700,Rs./Quintal
Kerala,Idukki,Thodupuzha APMC,Rubber,17-01-2024,1,Metric Tonnes,14900,Rs./Quintal
Kerala,Idukki,Thodupuzha APMC,Rubber,18-01-2024,1,Metric Tonnes,14900,Rs./Quintal
Kerala,Idukki,Thodupuzha APMC,Rubber,19-01-2024,1,Metric Tonnes,14900,Rs./Quintal
Kerala,Idukki,Thodupuzha APMC,Rubber,20-01-2024,1,Metric Tonnes,14900,Rs./Quintal
Kerala,Idukki,Thodupuzha APMC,Rubber,22-01-2024,1,Metric Tonnes,14900,Rs./Quintal
Kerala,Idukki,Thodupuzha APMC,Rubber,24-01-2024,1,Metric Tonnes,14900,Rs./Quintal
Kerala,Idukki,Thodupuzha APMC,Rubber,25-01-2024,1,Metric Tonnes,14900,Rs./Quintal
Kerala,Idukki,Thodupuzha APMC,Rubber,27-01-2024,1,Metric Tonnes,14900,Rs./Quintal
Kerala,Idukki,Thodupuzha APMC,Rubber,29-01-2024,1,Metric Tonnes,15000,Rs./Quintal
Kerala,Idukki,Thodupuzha APMC,Rubber,30-01-2024,1,Metric Tonnes,15000,Rs./Quintal
Kerala,Idukki,Thodupuzha APMC,Rubber,31-01-2024,1,Metric Tonnes,15000,Rs./Quintal
Kerala,Idukki,Thodupuzha APMC,Rubber,01-02-2024,1,Metric Tonnes,15000,Rs./Quintal
Kerala,Idukki,Thodupuzha APMC,Rubber,02-02-2024,1,Metric Tonnes,15000,Rs./Quintal
Kerala,Idukki,Thodupuzha APMC,Rubber,03-02-2024,1,Metric Tonnes,15000,Rs./Quintal
Kerala,Idukki,Thodupuzha APMC,Rubber,05-02-2024,1,Metric Tonnes,15200,Rs./Quintal
Kerala,Idukki,Thodupuzha APMC,Rubber,06-02-2024,1,Metric Tonnes,15000,Rs./Quintal
Kerala,Idukki,Thodupuzha APMC,Rubber,07-02-2024,1,Metric Tonnes,15000,Rs./Quintal
Kerala,Idukki,Thodupuzha APMC,Rubber,08-02-2024,1,Metric Tonnes,15200,Rs./Quintal
Kerala,Idukki,Thodupuzha APMC,Rubber,09-02-2024,1,Metric Tonnes,15200,Rs./Quintal
Kerala,Idukki,Thodupuzha APMC,Rubber,10-02-2024,1,Metric Tonnes,15000,Rs./Quintal
Kerala,Idukki,Thodupuzha APMC,Rubber,14-02-2024,1,Metric Tonnes,15000,Rs./Quintal
Kerala,Idukki,Thodupuzha APMC,Rubber,15-02-2024,1,Metric Tonnes,15000,Rs./Quintal
Kerala,Idukki,Thodupuzha APMC,Rubber,16-02-2024,1,Metric Tonnes,15000,Rs./Quintal
Kerala,Idukki,Thodupuzha APMC,Rubber,17-02-2024,1,Metric Tonnes,15000,Rs./Quintal
Kerala,Idukki,Thodupuzha APMC,Rubber,19-02-2024,1,Metric Tonnes,15000,Rs./Quintal
Kerala,Idukki,Thodupuzha APMC,Rubber,20-02-2024,1,Metric Tonnes,15000,Rs./Quintal
Kerala,Idukki,Thodupuzha APMC,Rubber,21-02-2024,1,Metric Tonnes,15000,Rs./Quintal
Kerala,Idukki,Thodupuzha APMC,Rubber,22-02-2024,1,Metric Tonnes,15250,Rs./Quintal
Kerala,Idukki,Thodupuzha APMC,Rubber,23-02-2024,1,Metric Tonnes,15200,Rs./Quintal
Kerala,Idukki,Thodupuzha APMC,Rubber,24-02-2024,1,Metric Tonnes,15000,Rs./Quintal
Kerala,Idukki,Thodupuzha APMC,Rubber,26-02-2024,1,Metric Tonnes,15200,Rs./Quintal
Kerala,Idukki,Thodupuzha APMC,Rubber,27-02-2024,1,Metric Tonnes,15300,Rs./Quintal
Kerala,Idukki,Thodupuzha APMC,Rubber,28-02-2024,1,Metric Tonnes,15300,Rs./Quintal
Kerala,Idukki,Thodupuzha APMC,Rubber,29-02-2024,1,Metric Tonnes,15300,Rs./Quintal
Kerala,Idukki,Thodupuzha APMC,Rubber,01-03-2024,1,Metric Tonnes,15300,Rs./Quintal
Kerala,Idukki,Thodupuzha APMC,Rubber,02-03-2024,1,Metric Tonnes,15300,Rs./Quintal
Kerala,Idukki,Thodupuzha APMC,Rubber,04-03-2024,1,Metric Tonnes,15300,Rs./Quintal
Kerala,Idukki,Thodupuzha APMC,Rubber,05-03-2024,1,Metric Tonnes,15300,Rs./Quintal
Kerala,Idukki,Thodupuzha APMC,Rubber,06-03-2024,1,Metric Tonnes,14800,Rs./Quintal
Kerala,Idukki,Thodupuzha APMC,Rubber,07-03-2024,1,Metric Tonnes,15300,Rs./Quintal
Kerala,Idukki,Thodupuzha APMC,Rubber,11-03-2024,1,Metric Tonnes,15600,Rs./Quintal
Kerala,Idukki,Thodupuzha APMC,Rubber,12-03-2024,1,Metric Tonnes,15600,Rs./Quintal
Kerala,Idukki,Thodupuzha APMC,Rubber,14-03-2024,1,Metric Tonnes,15600,Rs./Quintal
Kerala,Idukki,Thodupuzha APMC,Rubber,15-03-2024,1,Metric Tonnes,15600,Rs./Quintal
Kerala,Idukki,Thodupuzha APMC,Rubber,16-03-2024,1,Metric Tonnes,15600,Rs./Quintal
Kerala,Idukki,Thodupuzha APMC,Rubber,18-03-2024,1,Metric Tonnes,17400,Rs./Quintal
Kerala,Idukki,Thodupuzha APMC,Rubber,19-03-2024,1,Metric Tonnes,17400,Rs./Quintal
Kerala,Idukki,Thodupuzha APMC,Rubber,20-03-2024,1,Metric Tonnes,17400,Rs./Quintal
Kerala,Idukki,Thodupuzha APMC,Rubber,21-03-2024,1,Metric Tonnes,17400,Rs./Quintal
Kerala,Idukki,Thodupuzha APMC,Rubber,23-03-2024,1,Metric Tonnes,17400,Rs./Quintal
Kerala,Idukki,Thodupuzha APMC,Rubber,25-03-2024,1,Metric Tonnes,16800,Rs./Quintal
Kerala,Idukki,Thodupuzha APMC,Rubber,26-03-2024,1,Metric Tonnes,16800,Rs./Quintal
Kerala,Idukki,Thodupuzha APMC,Rubber,27-03-2024,1,Metric Tonnes,16800,Rs./Quintal
Kerala,Idukki,Thodupuzha APMC,Rubber,30-03-2024,50,Metric Tonnes,16800,Rs./Quintal
Kerala,Idukki,Thodupuzha APMC,Rubber,01-04-2024,1,Metric Tonnes,16800,Rs./Quintal
Kerala,Idukki,Thodupuzha APMC,Rubber,03-04-2024,1,Metric Tonnes,16750,Rs./Quintal
Kerala,Idukki,Thodupuzha APMC,Rubber,04-04-2024,1,Metric Tonnes,16800,Rs./Quintal
Kerala,Idukki,Thodupuzha APMC,Rubber,05-04-2024,1,Metric Tonnes,16800,Rs./Quintal
Kerala,Idukki,Thodupuzha APMC,Rubber,06-04-2024,1,Metric Tonnes,16800,Rs./Quintal
Kerala,Idukki,Thodupuzha APMC,Rubber,08-04-2024,1,Metric Tonnes,16800,Rs./Quintal
Kerala,Idukki,Thodupuzha APMC,Rubber,09-04-2024,1,Metric Tonnes,16800,Rs./Quintal
Kerala,Idukki,Thodupuzha APMC,Rubber,11-04-2024,1,Metric Tonnes,16800,Rs./Quintal
Kerala,Idukki,Thodupuzha APMC,Rubber,12-04-2024,1,Metric Tonnes,16800,Rs./Quintal
Kerala,Idukki,Thodupuzha APMC,Rubber,13-04-2024,1,Metric Tonnes,17500,Rs./Quintal
Kerala,Idukki,Thodupuzha APMC,Rubber,15-04-2024,1,Metric Tonnes,17500,Rs./Quintal
Kerala,Idukki,Thodupuzha APMC,Rubber,16-04-2024,1,Metric Tonnes,17600,Rs./Quintal
Kerala,Idukki,Thodupuzha APMC,Rubber,17-04-2024,1,Metric Tonnes,17600,Rs./Quintal
Kerala,Idukki,Thodupuzha APMC,Rubber,18-04-2024,1,Metric Tonnes,17600,Rs./Quintal
Kerala,Idukki,Thodupuzha APMC,Rubber,22-04-2024,1,Metric Tonnes,17500,Rs./Quintal
Kerala,Idukki,Thodupuzha APMC,Rubber,23-04-2024,1,Metric Tonnes,17300,Rs./Quintal
Kerala,Idukki,Thodupuzha APMC,Rubber,24-04-2024,1,Metric Tonnes,16700,Rs./Quintal
Kerala,Idukki,Thodupuzha APMC,Rubber,27-04-2024,1,Metric Tonnes,17200,Rs./Quintal
Kerala,Idukki,Thodupuzha APMC,Rubber,29-04-2024,1,Metric Tonnes,17150,Rs./Quintal
Kerala,Idukki,Thodupuzha APMC,Rubber,30-04-2024,1,Metric Tonnes,17100,Rs./Quintal
Kerala,Idukki,Thodupuzha APMC,Rubber,02-05-2024,1,Metric Tonnes,17100,Rs./Quintal
Kerala,Idukki,Thodupuzha APMC,Rubber,03-05-2024,1,Metric Tonnes,17200,Rs./Quintal
Kerala,Idukki,Thodupuzha APMC,Rubber,04-05-2024,1,Metric Tonnes,17000,Rs./Quintal
Kerala,Idukki,Thodupuzha APMC,Rubber,06-05-2024,1,Metric Tonnes,17000,Rs./Quintal
Kerala,Idukki,Thodupuzha APMC,Rubber,07-05-2024,1,Metric Tonnes,17150,Rs./Quintal
Kerala,Idukki,Thodupuzha APMC,Rubber,08-05-2024,1,Metric Tonnes,17150,Rs./Quintal
Kerala,Idukki,Thodupuzha APMC,Rubber,09-05-2024,1,Metric Tonnes,17200,Rs./Quintal
Kerala,Idukki,Thodupuzha APMC,Rubber,10-05-2024,1,Metric Tonnes,17000,Rs./Quintal
Kerala,Idukki,Thodupuzha APMC,Rubber,15-05-2024,1,Metric Tonnes,16450,Rs./Quintal
Kerala,Idukki,Thodupuzha APMC,Rubber,16-05-2024,1,Metric Tonnes,16450,Rs./Quintal
Kerala,Idukki,Thodupuzha APMC,Rubber,17-05-2024,1,Metric Tonnes,16500,Rs./Quintal
Kerala,Idukki,Thodupuzha APMC,Rubber,18-05-2024,1,Metric Tonnes,16500,Rs./Quintal
Kerala,Idukki,Thodupuzha APMC,Rubber,20-05-2024,1,Metric Tonnes,17600,Rs./Quintal
Kerala,Idukki,Thodupuzha APMC,Rubber,21-05-2024,1,Metric Tonnes,17600,Rs./Quintal
Kerala,Idukki,Thodupuzha APMC,Rubber,22-05-2024,1,Metric Tonnes,17600,Rs./Quintal
Kerala,Idukki,Thodupuzha APMC,Rubber,23-05-2024,1,Metric Tonnes,17600,Rs./Quintal
Kerala,Idukki,Thodupuzha APMC,Rubber,24-05-2024,1,Metric Tonnes,17600,Rs./Quintal
Kerala,Idukki,Thodupuzha APMC,Rubber,25-05-2024,1,Metric Tonnes,17600,Rs./Quintal
Kerala,Idukki,Thodupuzha APMC,Rubber,27-05-2024,1,Metric Tonnes,17600,Rs./Quintal
Kerala,Idukki,Thodupuzha APMC,Rubber,28-05-2024,1,Metric Tonnes,17600,Rs./Quintal
Kerala,Idukki,Thodupuzha APMC,Rubber,29-05-2024,1,Metric Tonnes,17500,Rs./Quintal
Kerala,Idukki,Thodupuzha APMC,Rubber,30-05-2024,1,Metric Tonnes,16800,Rs./Quintal
Kerala,Idukki,Thodupuzha APMC,Rubber,31-05-2024,1,Metric Tonnes,17500,Rs./Quintal
Kerala,Idukki,Thodupuzha APMC,Rubber,01-06-2024,1,Metric Tonnes,17500,Rs./Quintal
Kerala,Idukki,Thodupuzha APMC,Rubber,03-06-2024,1,Metric Tonnes,18600,Rs./Quintal
Kerala,Idukki,Thodupuzha APMC,Rubber,04-06-2024,1,Metric Tonnes,18600,Rs./Quintal
Kerala,Idukki,Thodupuzha APMC,Rubber,05-06-2024,1,Metric Tonnes,18600,Rs./Quintal
Kerala,Idukki,Thodupuzha APMC,Rubber,06-06-2024,1,Metric Tonnes,18600,Rs./Quintal
Kerala,Idukki,Thodupuzha APMC,Rubber,07-06-2024,1,Metric Tonnes,18600,Rs./Quintal
Kerala,Idukki,Thodupuzha APMC,Rubber,11-06-2024,1,Metric Tonnes,19000,Rs./Quintal
Kerala,Idukki,Thodupuzha APMC,Rubber,12-06-2024,1,Metric Tonnes,19000,Rs./Quintal
Kerala,Idukki,Thodupuzha APMC,Rubber,13-06-2024,1,Metric Tonnes,19000,Rs./Quintal
Kerala,Idukki,Thodupuzha APMC,Rubber,14-06-2024,1,Metric Tonnes,19000,Rs./Quintal
Kerala,Idukki,Thodupuzha APMC,Rubber,15-06-2024,1,Metric Tonnes,19000,Rs./Quintal
Kerala,Idukki,Thodupuzha APMC,Rubber,18-06-2024,1,Metric Tonnes,19400,Rs./Quintal
Kerala,Idukki,Thodupuzha APMC,Rubber,19-06-2024,1,Metric Tonnes,19500,Rs./Quintal
Kerala,Idukki,Thodupuzha APMC,Rubber,20-06-2024,1,Metric Tonnes,19000,Rs./Quintal
Kerala,Idukki,Thodupuzha APMC,Rubber,21-06-2024,1,Metric Tonnes,19000,Rs./Quintal
Kerala,Idukki,Thodupuzha APMC,Rubber,22-06-2024,1,Metric Tonnes,19000,Rs./Quintal
Kerala,Idukki,Thodupuzha APMC,Rubber,24-06-2024,1,Metric Tonnes,19600,Rs./Quintal
Kerala,Idukki,Thodupuzha APMC,Rubber,25-06-2024,1,Metric Tonnes,19600,Rs./Quintal
Kerala,Idukki,Thodupuzha APMC,Rubber,27-06-2024,1,Metric Tonnes,19600,Rs./Quintal
Kerala,Idukki,Thodupuzha APMC,Rubber,28-06-2024,1,Metric Tonnes,19500,Rs./Quintal
Kerala,Idukki,Thodupuzha APMC,Rubber,29-06-2024,1,Metric Tonnes,19500,Rs./Quintal
Kerala,Idukki,Thodupuzha APMC,Rubber,01-07-2024,1,Metric Tonnes,19600,Rs./Quintal
Kerala,Idukki,Thodupuzha APMC,Rubber,02-07-2024,1,Metric Tonnes,19600,Rs./Quintal
Kerala,Idukki,Thodupuzha APMC,Rubber,03-07-2024,1,Metric Tonnes,19600,Rs./Quintal
Kerala,Idukki,Thodupuzha APMC,Rubber,04-07-2024,1,Metric Tonnes,19600,Rs./Quintal
Kerala,Idukki,Thodupuzha APMC,Rubber,05-07-2024,1,Metric Tonnes,19600,Rs./Quintal
Kerala,Idukki,Thodupuzha APMC,Rubber,06-07-2024,1,Metric Tonnes,19600,Rs./Quintal
Kerala,Idukki,Thodupuzha APMC,Rubber,08-07-2024,1,Metric Tonnes,19800,Rs./Quintal
Kerala,Idukki,Thodupuzha APMC,Rubber,09-07-2024,1,Metric Tonnes,19700,Rs./Quintal
Kerala,Idukki,Thodupuzha APMC,Rubber,10-07-2024,1,Metric Tonnes,19700,Rs./Quintal
Kerala,Idukki,Thodupuzha APMC,Rubber,11-07-2024,1,Metric Tonnes,19800,Rs./Quintal
Kerala,Idukki,Thodupuzha APMC,Rubber,12-07-2024,1,Metric Tonnes,19800,Rs./Quintal
Kerala,Idukki,Thodupuzha APMC,Rubber,15-07-2024,1,Metric Tonnes,19800,Rs./Quintal
Kerala,Idukki,Thodupuzha APMC,Rubber,17-07-2024,1,Metric Tonnes,19800,Rs./Quintal
Kerala,Idukki,Thodupuzha APMC,Rubber,18-07-2024,1,Metric Tonnes,19900,Rs./Quintal
Kerala,Idukki,Thodupuzha APMC,Rubber,20-07-2024,1,Metric Tonnes,19800,Rs./Quintal
Kerala,Idukki,Thodupuzha APMC,Rubber,22-07-2024,1,Metric Tonnes,19800,Rs./Quintal
Kerala,Idukki,Thodupuzha APMC,Rubber,23-07-2024,1,Metric Tonnes,20050,Rs./Quintal
Kerala,Idukki,Thodupuzha APMC,Rubber,24-07-2024,1,Metric Tonnes,19950,Rs./Quintal
Kerala,Idukki,Thodupuzha APMC,Rubber,25-07-2024,1,Metric Tonnes,20100,Rs./Quintal
Kerala,Idukki,Thodupuzha APMC,Rubber,26-07-2024,1,Metric Tonnes,20050,Rs./Quintal
Kerala,Idukki,Thodupuzha APMC,Rubber,27-07-2024,1,Metric Tonnes,20050,Rs./Quintal
Kerala,Idukki,Thodupuzha APMC,Rubber,29-07-2024,1,Metric Tonnes,20400,Rs./Quintal
Kerala,Idukki,Thodupuzha APMC,Rubber,30-07-2024,1,Metric Tonnes,20400,Rs./Quintal
Kerala,Idukki,Thodupuzha APMC,Rubber,31-07-2024,1,Metric Tonnes,20400,Rs./Quintal
Kerala,Idukki,Thodupuzha APMC,Rubber,01-08-2024,1,Metric Tonnes,20400,Rs./Quintal
Kerala,Idukki,Thodupuzha APMC,Rubber,02-08-2024,1,Metric Tonnes,20400,Rs./Quintal
Kerala,Idukki,Thodupuzha APMC,Rubber,05-08-2024,1,Metric Tonnes,20350,Rs./Quintal
Kerala,Idukki,Thodupuzha APMC,Rubber,06-08-2024,1,Metric Tonnes,20350,Rs./Quintal
Kerala,Idukki,Thodupuzha APMC,Rubber,07-08-2024,1,Metric Tonnes,20350,Rs./Quintal
Kerala,Idukki,Thodupuzha APMC,Rubber,08-08-2024,1,Metric Tonnes,20100,Rs./Quintal
Kerala,Idukki,Thodupuzha APMC,Rubber,09-08-2024,1,Metric Tonnes,21850,Rs./Quintal
Kerala,Idukki,Thodupuzha APMC,Rubber,10-08-2024,1,Metric Tonnes,24250,Rs./Quintal
Kerala,Idukki,Thodupuzha APMC,Rubber,12-08-2024,1,Metric Tonnes,24200,Rs./Quintal
Kerala,Idukki,Thodupuzha APMC,Rubber,13-08-2024,1,Metric Tonnes,24200,Rs./Quintal
Kerala,Idukki,Thodupuzha APMC,Rubber,16-08-2024,1,Metric Tonnes,24200,Rs./Quintal
Kerala,Idukki,Thodupuzha APMC,Rubber,17-08-2024,1,Metric Tonnes,24200,Rs./Quintal
Kerala,Idukki,Thodupuzha APMC,Rubber,19-08-2024,1,Metric Tonnes,21850,Rs./Quintal
Kerala,Idukki,Thodupuzha APMC,Rubber,21-08-2024,1,Metric Tonnes,23000,Rs./Quintal
Kerala,Idukki,Thodupuzha APMC,Rubber,22-08-2024,1,Metric Tonnes,21850,Rs./Quintal
Kerala,Idukki,Thodupuzha APMC,Rubber,23-08-2024,1,Metric Tonnes,21850,Rs./Quintal
Kerala,Idukki,Thodupuzha APMC,Rubber,26-08-2024,1,Metric Tonnes,22650,Rs./Quintal
Kerala,Idukki,Thodupuzha APMC,Rubber,27-08-2024,1,Metric Tonnes,22650,Rs./Quintal
Kerala,Idukki,Thodupuzha APMC,Rubber,28-08-2024,1,Metric Tonnes,22650,Rs./Quintal
Kerala,Idukki,Thodupuzha APMC,Rubber,29-08-2024,1,Metric Tonnes,22650,Rs./Quintal
Kerala,Idukki,Thodupuzha APMC,Rubber,30-08-2024,1,Metric Tonnes,22650,Rs./Quintal
Kerala,Idukki,Thodupuzha APMC,Rubber,31-08-2024,1,Metric Tonnes,22650,Rs./Quintal
Kerala,Idukki,Thodupuzha APMC,Rubber,03-09-2024,1,Metric Tonnes,17500,Rs./Quintal
Kerala,Idukki,Thodupuzha APMC,Rubber,04-09-2024,1,Metric Tonnes,22500,Rs./Quintal
Kerala,Idukki,Thodupuzha APMC,Rubber,05-09-2024,1,Metric Tonnes,12500,Rs./Quintal
Kerala,Idukki,Thodupuzha APMC,Rubber,06-09-2024,1,Metric Tonnes,12500,Rs./Quintal
Kerala,Idukki,Thodupuzha APMC,Rubber,07-09-2024,1,Metric Tonnes,12500,Rs./Quintal
Kerala,Idukki,Thodupuzha APMC,Rubber,09-09-2024,1,Metric Tonnes,22100,Rs./Quintal
Kerala,Idukki,Thodupuzha APMC,Rubber,10-09-2024,1,Metric Tonnes,22100,Rs./Quintal
Kerala,Idukki,Thodupuzha APMC,Rubber,11-09-2024,1,Metric Tonnes,22100,Rs./Quintal
Kerala,Idukki,Thodupuzha APMC,Rubber,12-09-2024,1,Metric Tonnes,12150,Rs./Quintal
Kerala,Idukki,Thodupuzha APMC,Rubber,13-09-2024,1,Metric Tonnes,12300,Rs./Quintal
Kerala,Idukki,Thodupuzha APMC,Rubber,14-09-2024,1,Metric Tonnes,22350,Rs./Quintal
Kerala,Idukki,Thodupuzha APMC,Rubber,17-09-2024,1,Metric Tonnes,22400,Rs./Quintal
Kerala,Idukki,Thodupuzha APMC,Rubber,18-09-2024,1,Metric Tonnes,12400,Rs./Quintal
Kerala,Idukki,Thodupuzha APMC,Rubber,19-09-2024,1,Metric Tonnes,22400,Rs./Quintal
Kerala,Idukki,Thodupuzha APMC,Rubber,20-09-2024,1,Metric Tonnes,22400,Rs./Quintal
Kerala,Idukki,Thodupuzha APMC,Rubber,21-09-2024,1,Metric Tonnes,17200,Rs./Quintal
Kerala,Idukki,Thodupuzha APMC,Rubber,23-09-2024,1,Metric Tonnes,22100,Rs./Quintal
Kerala,Idukki,Thodupuzha APMC,Rubber,24-09-2024,1,Metric Tonnes,22100,Rs./Quintal
Kerala,Idukki,Thodupuzha APMC,Rubber,25-09-2024,1,Metric Tonnes,22100,Rs./Quintal
Kerala,Idukki,Thodupuzha APMC,Rubber,26-09-2024,1,Metric Tonnes,22100,Rs./Quintal
Kerala,Idukki,Thodupuzha APMC,Rubber,27-09-2024,1,Metric Tonnes,22200,Rs./Quintal
Kerala,Idukki,Thodupuzha APMC,Rubber,28-09-2024,1,Metric Tonnes,22100,Rs./Quintal
Kerala,Idukki,Thodupuzha APMC,Rubber,30-09-2024,1,Metric Tonnes,22100,Rs./Quintal
Kerala,Idukki,Thodupuzha APMC,Rubber,01-10-2024,1,Metric Tonnes,22100,Rs./Quintal
Kerala,Idukki,Thodupuzha APMC,Rubber,02-10-2024,1,Metric Tonnes,21500,Rs./Quintal
Kerala,Idukki,Thodupuzha APMC,Rubber,03-10-2024,1,Metric Tonnes,21500,Rs./Quintal
Kerala,Idukki,Thodupuzha APMC,Rubber,04-10-2024,1,Metric Tonnes,21500,Rs./Quintal
Kerala,Idukki,Thodupuzha APMC,Rubber,05-10-2024,1,Metric Tonnes,21500,Rs./Quintal
Kerala,Idukki,Thodupuzha APMC,Rubber,07-10-2024,1,Metric Tonnes,20500,Rs./Quintal
Kerala,Idukki,Thodupuzha APMC,Rubber,08-10-2024,1,Metric Tonnes,20500,Rs./Quintal
Kerala,Idukki,Thodupuzha APMC,Rubber,10-10-2024,1,Metric Tonnes,20500,Rs./Quintal
Kerala,Idukki,Thodupuzha APMC,Rubber,11-10-2024,1,Metric Tonnes,20500,Rs./Quintal
Kerala,Idukki,Thodupuzha APMC,Rubber,14-10-2024,1,Metric Tonnes,19100,Rs./Quintal
Kerala,Idukki,Thodupuzha APMC,Rubber,15-10-2024,1,Metric Tonnes,19100,Rs./Quintal
Kerala,Idukki,Thodupuzha APMC,Rubber,16-10-2024,1,Metric Tonnes,19100,Rs./Quintal
Kerala,Idukki,Thodupuzha APMC,Rubber,17-10-2024,1,Metric Tonnes,19100,Rs./Quintal
Kerala,Idukki,Thodupuzha APMC,Rubber,18-10-2024,1,Metric Tonnes,19100,Rs./Quintal
Kerala,Idukki,Thodupuzha APMC,Rubber,19-10-2024,1,Metric Tonnes,19100,Rs./Quintal
Kerala,Idukki,Thodupuzha APMC,Rubber,21-10-2024,1,Metric Tonnes,18150,Rs./Quintal
Kerala,Idukki,Thodupuzha APMC,Rubber,22-10-2024,1,Metric Tonnes,18100,Rs./Quintal
Kerala,Idukki,Thodupuzha APMC,Rubber,23-10-2024,1,Metric Tonnes,18150,Rs./Quintal
Kerala,Idukki,Thodupuzha APMC,Rubber,24-10-2024,1,Metric Tonnes,18150,Rs./Quintal
Kerala,Idukki,Thodupuzha APMC,Rubber,25-10-2024,1,Metric Tonnes,18150,Rs./Quintal
Kerala,Idukki,Thodupuzha APMC,Rubber,26-10-2024,1,Metric Tonnes,18150,Rs./Quintal
Kerala,Idukki,Thodupuzha APMC,Rubber,01-11-2024,1,Metric Tonnes,17500,Rs./Quintal
Kerala,Idukki,Thodupuzha APMC,Rubber,02-11-2024,1,Metric Tonnes,17500,Rs./Quintal
Kerala,Idukki,Thodupuzha APMC,Rubber,04-11-2024,1,Metric Tonnes,17500,Rs./Quintal
Kerala,Idukki,Thodupuzha APMC,Rubber,05-11-2024,1,Metric Tonnes,17500,Rs./Quintal
Kerala,Idukki,Thodupuzha APMC,Rubber,08-11-2024,1,Metric Tonnes,17500,Rs./Quintal
Kerala,Idukki,Thodupuzha APMC,Rubber,09-11-2024,1,Metric Tonnes,17500,Rs./Quintal
Kerala,Idukki,Thodupuzha APMC,Rubber,11-11-2024,1,Metric Tonnes,17500,Rs./Quintal
Kerala,Idukki,Thodupuzha APMC,Rubber,12-11-2024,1,Metric Tonnes,17500,Rs./Quintal
Kerala,Idukki,Thodupuzha APMC,Rubber,13-11-2024,1,Metric Tonnes,17500,Rs./Quintal
Kerala,Idukki,Thodupuzha APMC,Rubber,15-11-2024,1,Metric Tonnes,17500,Rs./Quintal
Kerala,Idukki,Thodupuzha APMC,Rubber,16-11-2024,1,Metric Tonnes,17500,Rs./Quintal
Kerala,Idukki,Thodupuzha APMC,Rubber,18-11-2024,1,Metric Tonnes,17600,Rs./Quintal
Kerala,Idukki,Thodupuzha APMC,Rubber,19-11-2024,1,Metric Tonnes,17600,Rs./Quintal
Kerala,Idukki,Thodupuzha APMC,Rubber,23-11-2024,1,Metric Tonnes,17600,Rs./Quintal
Kerala,Idukki,Thodupuzha APMC,Rubber,03-12-2024,1,Metric Tonnes,18500,Rs./Quintal
Kerala,Idukki,Thodupuzha APMC,Rubber,06-12-2024,1,Metric Tonnes,18500,Rs./Quintal
Kerala,Idukki,Thodupuzha APMC,Rubber,12-12-2024,4,Metric Tonnes,18800,Rs./Quintal
Kerala,Idukki,Thodupuzha APMC,Rubber,15-12-2024,1,Metric Tonnes,18500,Rs./Quintal
Kerala,Idukki,Thodupuzha APMC,Rubber,16-12-2024,5,Metric Tonnes,18600,Rs./Quintal
Kerala,Idukki,Thodupuzha APMC,Rubber,17-12-2024,2,Metric Tonnes,18600,Rs./Quintal
Kerala,Idukki,Thodupuzha APMC,Rubber,18-12-2024,2,Metric Tonnes,18500,Rs./Quintal
Kerala,Idukki,Thodupuzha APMC,Rubber,19-12-2024,2,Metric Tonnes,18600,Rs./Quintal
Kerala,Idukki,Thodupuzha APMC,Rubber,20-12-2024,2,Metric Tonnes,18600,Rs./Quintal
Kerala,Idukki,Thodupuzha APMC,Rubber,21-12-2024,1,Metric Tonnes,18600,Rs./Quintal
Kerala,Idukki,Thodupuzha APMC,Rubber,26-12-2024,1,Metric Tonnes,18100,Rs./Quintal
Kerala,Idukki,Thodupuzha APMC,Rubber,27-12-2024,3,Metric Tonnes,18100,Rs./Quintal
Kerala,Idukki,Thodupuzha APMC,Rubber,28-12-2024,2,Metric Tonnes,18050,Rs./Quintal
Kerala,Idukki,Thodupuzha APMC,Rubber,30-12-2024,2,Metric Tonnes,18100,Rs./Quintal
Kerala,Kannur,Irikkur APMC,Rubber,04-01-2024,3.5,Metric Tonnes,15200,Rs./Quintal
Kerala,Kannur,Irikkur APMC,Rubber,07-01-2024,0.2,Metric Tonnes,15200,Rs./Quintal
Kerala,Kannur,Irikkur APMC,Rubber,08-01-2024,2.1,Metric Tonnes,15200,Rs./Quintal
Kerala,Kannur,Irikkur APMC,Rubber,10-01-2024,0.3,Metric Tonnes,15200,Rs./Quintal
Kerala,Kannur,Irikkur APMC,Rubber,11-01-2024,2.9,Metric Tonnes,15200,Rs./Quintal
Kerala,Kannur,Irikkur APMC,Rubber,15-01-2024,3.2,Metric Tonnes,15800,Rs./Quintal
Kerala,Kannur,Irikkur APMC,Rubber,16-01-2024,2.3,Metric Tonnes,15800,Rs./Quintal
Kerala,Kannur,Irikkur APMC,Rubber,17-01-2024,3.6,Metric Tonnes,15800,Rs./Quintal
Kerala,Kannur,Irikkur APMC,Rubber,18-01-2024,2.2,Metric Tonnes,15800,Rs./Quintal
Kerala,Kannur,Irikkur APMC,Rubber,20-01-2024,1.9,Metric Tonnes,15800,Rs./Quintal
Kerala,Kannur,Irikkur APMC,Rubber,21-01-2024,2.7,Metric Tonnes,15800,Rs./Quintal
Kerala,Kannur,Irikkur APMC,Rubber,22-01-2024,3.8,Metric Tonnes,15800,Rs./Quintal
Kerala,Kannur,Irikkur APMC,Rubber,23-01-2024,3.1,Metric Tonnes,15800,Rs./Quintal
Kerala,Kannur,Irikkur APMC,Rubber,26-01-2024,2.9,Metric Tonnes,15800,Rs./Quintal
Kerala,Kannur,Irikkur APMC,Rubber,27-01-2024,0.1,Metric Tonnes,15800,Rs./Quintal
Kerala,Kannur,Irikkur APMC,Rubber,28-01-2024,3.4,Metric Tonnes,15800,Rs./Quintal
Kerala,Kannur,Irikkur APMC,Rubber,30-01-2024,0.6,Metric Tonnes,15800,Rs./Quintal
Kerala,Kannur,Irikkur APMC,Rubber,31-01-2024,5.1,Metric Tonnes,16100,Rs./Quintal
Kerala,Kannur,Irikkur APMC,Rubber,02-02-2024,4.4,Metric Tonnes,16100,Rs./Quintal
Kerala,Kannur,Irikkur APMC,Rubber,04-02-2024,3.2,Metric Tonnes,16100,Rs./Quintal
Kerala,Kannur,Irikkur APMC,Rubber,06-02-2024,4.1,Metric Tonnes,16100,Rs./Quintal
Kerala,Kannur,Irikkur APMC,Rubber,09-02-2024,5.5,Metric Tonnes,16100,Rs./Quintal
Kerala,Kannur,Irikkur APMC,Rubber,11-02-2024,3.3,Metric Tonnes,16100,Rs./Quintal
Kerala,Kannur,Irikkur APMC,Rubber,12-02-2024,3.9,Metric Tonnes,16100,Rs./Quintal
Kerala,Kannur,Irikkur APMC,Rubber,13-02-2024,4.1,Metric Tonnes,16100,Rs./Quintal
Kerala,Kannur,Irikkur APMC,Rubber,14-02-2024,5.2,Metric Tonnes,16000,Rs./Quintal
Kerala,Kannur,Irikkur APMC,Rubber,17-02-2024,4.1,Metric Tonnes,16000,Rs./Quintal
Kerala,Kannur,Irikkur APMC,Rubber,19-02-2024,5.9,Metric Tonnes,16100,Rs./Quintal
Kerala,Kannur,Irikkur APMC,Rubber,20-02-2024,5.3,Metric Tonnes,16100,Rs./Quintal
Kerala,Kannur,Irikkur APMC,Rubber,21-02-2024,9.7,Metric Tonnes,16100,Rs./Quintal
Kerala,Kannur,Irikkur APMC,Rubber,22-02-2024,6.2,Metric Tonnes,16100,Rs./Quintal
Kerala,Kannur,Irikkur APMC,Rubber,24-02-2024,2.7,Metric Tonnes,16100,Rs./Quintal
Kerala,Kannur,Irikkur APMC,Rubber,25-02-2024,4.3,Metric Tonnes,16100,Rs./Quintal
Kerala,Kannur,Irikkur APMC,Rubber,26-02-2024,3.5,Metric Tonnes,16100,Rs./Quintal
Kerala,Kannur,Irikkur APMC,Rubber,27-02-2024,5.1,Metric Tonnes,16100,Rs./Quintal
Kerala,Kannur,Irikkur APMC,Rubber,28-02-2024,9.2,Metric Tonnes,16100,Rs./Quintal
Kerala,Kannur,Irikkur APMC,Rubber,29-02-2024,4.7,Metric Tonnes,16100,Rs./Quintal
Kerala,Kannur,Irikkur APMC,Rubber,02-03-2024,3.3,Metric Tonnes,16100,Rs./Quintal
Kerala,Kannur,Irikkur APMC,Rubber,03-03-2024,5.3,Metric Tonnes,16100,Rs./Quintal
Kerala,Kannur,Irikkur APMC,Rubber,04-03-2024,5.8,Metric Tonnes,16300,Rs./Quintal
Kerala,Kannur,Irikkur APMC,Rubber,07-03-2024,5.2,Metric Tonnes,16300,Rs./Quintal
Kerala,Kannur,Irikkur APMC,Rubber,09-03-2024,4.1,Metric Tonnes,16300,Rs./Quintal
Kerala,Kannur,Irikkur APMC,Rubber,10-03-2024,6.2,Metric Tonnes,16300,Rs./Quintal
Kerala,Kannur,Irikkur APMC,Rubber,11-03-2024,7.2,Metric Tonnes,16700,Rs./Quintal
Kerala,Kannur,Irikkur APMC,Rubber,14-03-2024,9.9,Metric Tonnes,16700,Rs./Quintal
Kerala,Kannur,Irikkur APMC,Rubber,16-03-2024,5.1,Metric Tonnes,17600,Rs./Quintal
Kerala,Kannur,Irikkur APMC,Rubber,18-03-2024,9.1,Metric Tonnes,17600,Rs./Quintal
Kerala,Kannur,Irikkur APMC,Rubber,19-03-2024,5.1,Metric Tonnes,17600,Rs./Quintal
Kerala,Kannur,Irikkur APMC,Rubber,22-03-2024,4.6,Metric Tonnes,17600,Rs./Quintal
Kerala,Kannur,Irikkur APMC,Rubber,23-03-2024,5.1,Metric Tonnes,17600,Rs./Quintal
Kerala,Kannur,Irikkur APMC,Rubber,26-03-2024,9.3,Metric Tonnes,17700,Rs./Quintal
Kerala,Kannur,Irikkur APMC,Rubber,27-03-2024,14.5,Metric Tonnes,17700,Rs./Quintal
Kerala,Kannur,Irikkur APMC,Rubber,28-03-2024,8.9,Metric Tonnes,17700,Rs./Quintal
Kerala,Kannur,Irikkur APMC,Rubber,29-03-2024,7.2,Metric Tonnes,17700,Rs./Quintal
Kerala,Kannur,Irikkur APMC,Rubber,31-03-2024,13.9,Metric Tonnes,17700,Rs./Quintal
Kerala,Kannur,Irikkur APMC,Rubber,01-04-2024,9.5,Metric Tonnes,17700,Rs./Quintal
Kerala,Kannur,Irikkur APMC,Rubber,06-04-2024,6.4,Metric Tonnes,18000,Rs./Quintal
Kerala,Kannur,Irikkur APMC,Rubber,08-04-2024,12.4,Metric Tonnes,18000,Rs./Quintal
Kerala,Kannur,Irikkur APMC,Rubber,09-04-2024,16.5,Metric Tonnes,18000,Rs./Quintal
Kerala,Kannur,Irikkur APMC,Rubber,13-04-2024,9.9,Metric Tonnes,18000,Rs./Quintal
Kerala,Kannur,Irikkur APMC,Rubber,15-04-2024,0.6,Metric Tonnes,18000,Rs./Quintal
Kerala,Kannur,Irikkur APMC,Rubber,16-04-2024,3.2,Metric Tonnes,18000,Rs./Quintal
Kerala,Kannur,Irikkur APMC,Rubber,17-04-2024,7.6,Metric Tonnes,17600,Rs./Quintal
Kerala,Kannur,Irikkur APMC,Rubber,19-04-2024,9.4,Metric Tonnes,17600,Rs./Quintal
Kerala,Kannur,Irikkur APMC,Rubber,21-04-2024,7.6,Metric Tonnes,17600,Rs./Quintal
Kerala,Kannur,Irikkur APMC,Rubber,22-04-2024,9.2,Metric Tonnes,17500,Rs./Quintal
Kerala,Kannur,Irikkur APMC,Rubber,24-04-2024,8.6,Metric Tonnes,17500,Rs./Quintal
Kerala,Kannur,Irikkur APMC,Rubber,29-04-2024,5.1,Metric Tonnes,17500,Rs./Quintal
Kerala,Kannur,Irikkur APMC,Rubber,03-05-2024,12.3,Metric Tonnes,17600,Rs./Quintal
Kerala,Kannur,Irikkur APMC,Rubber,09-05-2024,7.3,Metric Tonnes,17600,Rs./Quintal
Kerala,Kannur,Irikkur APMC,Rubber,14-05-2024,7.5,Metric Tonnes,17600,Rs./Quintal
Kerala,Kannur,Irikkur APMC,Rubber,16-05-2024,9.1,Metric Tonnes,17600,Rs./Quintal
Kerala,Kannur,Irikkur APMC,Rubber,17-05-2024,12.1,Metric Tonnes,17600,Rs./Quintal
Kerala,Kannur,Irikkur APMC,Rubber,20-05-2024,8.1,Metric Tonnes,17600,Rs./Quintal
Kerala,Kannur,Irikkur APMC,Rubber,21-05-2024,5.6,Metric Tonnes,17600,Rs./Quintal
Kerala,Kannur,Irikkur APMC,Rubber,23-05-2024,7.2,Metric Tonnes,18000,Rs./Quintal
Kerala,Kannur,Irikkur APMC,Rubber,24-05-2024,5.1,Metric Tonnes,18000,Rs./Quintal
Kerala,Kannur,Irikkur APMC,Rubber,25-05-2024,4.2,Metric Tonnes,18000,Rs./Quintal
Kerala,Kannur,Irikkur APMC,Rubber,30-05-2024,8.2,Metric Tonnes,18000,Rs./Quintal
Kerala,Kannur,Irikkur APMC,Rubber,31-05-2024,6.1,Metric Tonnes,18000,Rs./Quintal
Kerala,Kannur,Irikkur APMC,Rubber,04-06-2024,8.3,Metric Tonnes,18900,Rs./Quintal
Kerala,Kannur,Irikkur APMC,Rubber,06-06-2024,9.6,Metric Tonnes,18900,Rs./Quintal
Kerala,Kannur,Irikkur APMC,Rubber,09-06-2024,7.3,Metric Tonnes,18900,Rs./Quintal
Kerala,Kannur,Irikkur APMC,Rubber,10-06-2024,5.1,Metric Tonnes,18900,Rs./Quintal
Kerala,Kannur,Irikkur APMC,Rubber,11-06-2024,6.5,Metric Tonnes,18900,Rs./Quintal
Kerala,Kannur,Irikkur APMC,Rubber,12-06-2024,9.1,Metric Tonnes,18900,Rs./Quintal
Kerala,Kannur,Irikkur APMC,Rubber,13-06-2024,11.2,Metric Tonnes,18900,Rs./Quintal
Kerala,Kannur,Irikkur APMC,Rubber,16-06-2024,4.2,Metric Tonnes,18900,Rs./Quintal
Kerala,Kannur,Irikkur APMC,Rubber,18-06-2024,7.3,Metric Tonnes,18900,Rs./Quintal
Kerala,Kannur,Irikkur APMC,Rubber,20-06-2024,6.1,Metric Tonnes,20000,Rs./Quintal
Kerala,Kannur,Irikkur APMC,Rubber,23-06-2024,0.2,Metric Tonnes,20000,Rs./Quintal
Kerala,Kannur,Irikkur APMC,Rubber,24-06-2024,5.4,Metric Tonnes,20000,Rs./Quintal
Kerala,Kannur,Irikkur APMC,Rubber,25-06-2024,8.6,Metric Tonnes,20200,Rs./Quintal
Kerala,Kannur,Irikkur APMC,Rubber,27-06-2024,0.8,Metric Tonnes,20200,Rs./Quintal
Kerala,Kannur,Irikkur APMC,Rubber,28-06-2024,6.1,Metric Tonnes,20200,Rs./Quintal
Kerala,Kannur,Irikkur APMC,Rubber,29-06-2024,0.9,Metric Tonnes,20200,Rs./Quintal
Kerala,Kannur,Irikkur APMC,Rubber,04-07-2024,5.4,Metric Tonnes,20200,Rs./Quintal
Kerala,Kannur,Irikkur APMC,Rubber,05-07-2024,7.1,Metric Tonnes,20200,Rs./Quintal
Kerala,Kannur,Irikkur APMC,Rubber,08-07-2024,8.3,Metric Tonnes,20200,Rs./Quintal
Kerala,Kannur,Irikkur APMC,Rubber,09-07-2024,0.5,Metric Tonnes,20200,Rs./Quintal
Kerala,Kannur,Irikkur APMC,Rubber,15-07-2024,6.5,Metric Tonnes,20400,Rs./Quintal
Kerala,Kannur,Irikkur APMC,Rubber,17-07-2024,0.5,Metric Tonnes,20400,Rs./Quintal
Kerala,Kannur,Irikkur APMC,Rubber,22-07-2024,6.5,Metric Tonnes,20200,Rs./Quintal
Kerala,Kannur,Irikkur APMC,Rubber,23-07-2024,3.4,Metric Tonnes,20200,Rs./Quintal
Kerala,Kannur,Irikkur APMC,Rubber,25-07-2024,8.4,Metric Tonnes,20600,Rs./Quintal
Kerala,Kannur,Irikkur APMC,Rubber,26-07-2024,8.3,Metric Tonnes,20600,Rs./Quintal
Kerala,Kannur,Irikkur APMC,Rubber,27-07-2024,3.4,Metric Tonnes,20600,Rs./Quintal
Kerala,Kannur,Irikkur APMC,Rubber,28-07-2024,4.1,Metric Tonnes,20600,Rs./Quintal
Kerala,Kannur,Irikkur APMC,Rubber,30-07-2024,5.6,Metric Tonnes,21000,Rs./Quintal
Kerala,Kannur,Irikkur APMC,Rubber,31-07-2024,7.1,Metric Tonnes,21000,Rs./Quintal
Kerala,Kannur,Irikkur APMC,Rubber,04-08-2024,4.9,Metric Tonnes,21000,Rs./Quintal
Kerala,Kannur,Irikkur APMC,Rubber,05-08-2024,6.1,Metric Tonnes,21000,Rs./Quintal
Kerala,Kannur,Irikkur APMC,Rubber,06-08-2024,15.09,Metric Tonnes,23000,Rs./Quintal
Kerala,Kannur,Irikkur APMC,Rubber,07-08-2024,8.9,Metric Tonnes,23000,Rs./Quintal
Kerala,Kannur,Irikkur APMC,Rubber,09-08-2024,10.9,Metric Tonnes,23000,Rs./Quintal
Kerala,Kannur,Irikkur APMC,Rubber,10-08-2024,9.6,Metric Tonnes,24000,Rs./Quintal
Kerala,Kannur,Irikkur APMC,Rubber,11-08-2024,7.5,Metric Tonnes,24000,Rs./Quintal
Kerala,Kannur,Irikkur APMC,Rubber,12-08-2024,9.9,Metric Tonnes,24000,Rs./Quintal
Kerala,Kannur,Irikkur APMC,Rubber,13-08-2024,7.4,Metric Tonnes,24000,Rs./Quintal
Kerala,Kannur,Irikkur APMC,Rubber,17-08-2024,0.4,Metric Tonnes,22500,Rs./Quintal
Kerala,Kannur,Irikkur APMC,Rubber,18-08-2024,9.8,Metric Tonnes,22500,Rs./Quintal
Kerala,Kannur,Irikkur APMC,Rubber,20-08-2024,0.8,Metric Tonnes,22500,Rs./Quintal
Kerala,Kannur,Irikkur APMC,Rubber,23-08-2024,6.4,Metric Tonnes,22500,Rs./Quintal
Kerala,Kannur,Irikkur APMC,Rubber,24-08-2024,12.1,Metric Tonnes,22500,Rs./Quintal
Kerala,Kannur,Irikkur APMC,Rubber,27-08-2024,8.5,Metric Tonnes,21530,Rs./Quintal
Kerala,Kannur,Irikkur APMC,Rubber,28-08-2024,0.9,Metric Tonnes,21530,Rs./Quintal
Kerala,Kannur,Irikkur APMC,Rubber,31-08-2024,8.2,Metric Tonnes,21530,Rs./Quintal
Kerala,Kannur,Irikkur APMC,Rubber,02-09-2024,9.6,Metric Tonnes,23200,Rs./Quintal
Kerala,Kannur,Irikkur APMC,Rubber,05-09-2024,14.7,Metric Tonnes,23200,Rs./Quintal
Kerala,Kannur,Irikkur APMC,Rubber,06-09-2024,0.7,Metric Tonnes,23200,Rs./Quintal
Kerala,Kannur,Irikkur APMC,Rubber,09-09-2024,9.6,Metric Tonnes,23200,Rs./Quintal
Kerala,Kannur,Irikkur APMC,Rubber,11-09-2024,7.4,Metric Tonnes,23200,Rs./Quintal
Kerala,Kannur,Irikkur APMC,Rubber,12-09-2024,18.6,Metric Tonnes,23200,Rs./Quintal
Kerala,Kannur,Irikkur APMC,Rubber,14-09-2024,0.14,Metric Tonnes,23200,Rs./Quintal
Kerala,Kannur,Irikkur APMC,Rubber,15-09-2024,0.2,Metric Tonnes,23200,Rs./Quintal
Kerala,Kannur,Irikkur APMC,Rubber,16-09-2024,9.6,Metric Tonnes,23200,Rs./Quintal
Kerala,Kannur,Irikkur APMC,Rubber,17-09-2024,0.7,Metric Tonnes,23000,Rs./Quintal
Kerala,Kannur,Irikkur APMC,Rubber,18-09-2024,9.8,Metric Tonnes,23200,Rs./Quintal
Kerala,Kannur,Irikkur APMC,Rubber,19-09-2024,18.9,Metric Tonnes,22800,Rs./Quintal
Kerala,Kannur,Irikkur APMC,Rubber,20-09-2024,9.9,Metric Tonnes,22800,Rs./Quintal
Kerala,Kannur,Irikkur APMC,Rubber,21-09-2024,16.3,Metric Tonnes,22800,Rs./Quintal
Kerala,Kannur,Irikkur APMC,Rubber,22-09-2024,7.1,Metric Tonnes,22800,Rs./Quintal
Kerala,Kannur,Irikkur APMC,Rubber,24-09-2024,9.3,Metric Tonnes,22800,Rs./Quintal
Kerala,Kannur,Irikkur APMC,Rubber,26-09-2024,0.7,Metric Tonnes,22500,Rs./Quintal
Kerala,Kannur,Irikkur APMC,Rubber,27-09-2024,12.5,Metric Tonnes,22500,Rs./Quintal
Kerala,Kannur,Irikkur APMC,Rubber,28-09-2024,9.9,Metric Tonnes,22500,Rs./Quintal
Kerala,Kannur,Irikkur APMC,Rubber,29-09-2024,0.8,Metric Tonnes,22500,Rs./Quintal
Kerala,Kannur,Irikkur APMC,Rubber,30-09-2024,12.1,Metric Tonnes,22500,Rs./Quintal
Kerala,Kannur,Irikkur APMC,Rubber,01-10-2024,9.6,Metric Tonnes,22500,Rs./Quintal
Kerala,Kannur,Irikkur APMC,Rubber,02-10-2024,5.8,Metric Tonnes,22500,Rs./Quintal
Kerala,Kannur,Irikkur APMC,Rubber,04-10-2024,14.2,Metric Tonnes,22500,Rs./Quintal
Kerala,Kannur,Irikkur APMC,Rubber,05-10-2024,0.8,Metric Tonnes,21000,Rs./Quintal
Kerala,Kannur,Irikkur APMC,Rubber,06-10-2024,9.4,Metric Tonnes,21000,Rs./Quintal
Kerala,Kannur,Irikkur APMC,Rubber,07-10-2024,0.4,Metric Tonnes,21000,Rs./Quintal
Kerala,Kannur,Irikkur APMC,Rubber,10-10-2024,0.9,Metric Tonnes,20000,Rs./Quintal
Kerala,Kannur,Irikkur APMC,Rubber,11-10-2024,8.7,Metric Tonnes,20000,Rs./Quintal
Kerala,Kannur,Irikkur APMC,Rubber,14-10-2024,8.8,Metric Tonnes,20000,Rs./Quintal
Kerala,Kannur,Irikkur APMC,Rubber,15-10-2024,5.2,Metric Tonnes,20000,Rs./Quintal
Kerala,Kannur,Irikkur APMC,Rubber,18-10-2024,14.5,Metric Tonnes,19000,Rs./Quintal
Kerala,Kannur,Irikkur APMC,Rubber,19-10-2024,8.2,Metric Tonnes,19000,Rs./Quintal
Kerala,Kannur,Irikkur APMC,Rubber,20-10-2024,9.4,Metric Tonnes,19000,Rs./Quintal
Kerala,Kannur,Irikkur APMC,Rubber,22-10-2024,8.2,Metric Tonnes,19000,Rs./Quintal
Kerala,Kannur,Irikkur APMC,Rubber,24-10-2024,9.5,Metric Tonnes,19000,Rs./Quintal
Kerala,Kannur,Irikkur APMC,Rubber,25-10-2024,0.8,Metric Tonnes,19000,Rs./Quintal
Kerala,Kannur,Irikkur APMC,Rubber,26-10-2024,14.2,Metric Tonnes,19000,Rs./Quintal
Kerala,Kannur,Irikkur APMC,Rubber,27-10-2024,13.6,Metric Tonnes,19000,Rs./Quintal
Kerala,Kannur,Irikkur APMC,Rubber,28-10-2024,8.2,Metric Tonnes,19000,Rs./Quintal
Kerala,Kannur,Irikkur APMC,Rubber,29-10-2024,0.8,Metric Tonnes,19000,Rs./Quintal
Kerala,Kannur,Irikkur APMC,Rubber,30-10-2024,9.1,Metric Tonnes,19000,Rs./Quintal
Kerala,Kannur,Irikkur APMC,Rubber,31-10-2024,0.5,Metric Tonnes,17600,Rs./Quintal
Kerala,Kannur,Irikkur APMC,Rubber,03-11-2024,9.4,Metric Tonnes,17600,Rs./Quintal
Kerala,Kannur,Irikkur APMC,Rubber,11-11-2024,9.7,Metric Tonnes,18300,Rs./Quintal
Kerala,Kannur,Irikkur APMC,Rubber,12-11-2024,8.2,Metric Tonnes,18300,Rs./Quintal
Kerala,Kannur,Irikkur APMC,Rubber,13-11-2024,9.9,Metric Tonnes,18300,Rs./Quintal
Kerala,Kannur,Irikkur APMC,Rubber,14-11-2024,14.1,Metric Tonnes,18000,Rs./Quintal
Kerala,Kannur,Irikkur APMC,Rubber,26-11-2024,8.3,Metric Tonnes,18500,Rs./Quintal
Kerala,Kannur,Irikkur APMC,Rubber,27-11-2024,14.1,Metric Tonnes,18500,Rs./Quintal
Kerala,Kannur,Irikkur APMC,Rubber,28-11-2024,0.9,Metric Tonnes,18500,Rs./Quintal
Kerala,Kannur,Irikkur APMC,Rubber,29-11-2024,9.9,Metric Tonnes,18500,Rs./Quintal
Kerala,Kannur,Irikkur APMC,Rubber,02-12-2024,13.2,Metric Tonnes,19000,Rs./Quintal
Kerala,Kannur,Irikkur APMC,Rubber,03-12-2024,9.7,Metric Tonnes,19000,Rs./Quintal
Kerala,Kannur,Irikkur APMC,Rubber,04-12-2024,15.1,Metric Tonnes,19000,Rs./Quintal
Kerala,Kannur,Irikkur APMC,Rubber,05-12-2024,9.6,Metric Tonnes,19000,Rs./Quintal
Kerala,Kannur,Irikkur APMC,Rubber,06-12-2024,16.5,Metric Tonnes,19400,Rs./Quintal
Kerala,Kannur,Irikkur APMC,Rubber,08-12-2024,11.2,Metric Tonnes,19400,Rs./Quintal
Kerala,Kannur,Irikkur APMC,Rubber,09-12-2024,9.1,Metric Tonnes,19400,Rs./Quintal
Kerala,Kannur,Irikkur APMC,Rubber,11-12-2024,13.4,Metric Tonnes,19000,Rs./Quintal
Kerala,Kannur,Irikkur APMC,Rubber,12-12-2024,0.9,Metric Tonnes,19000,Rs./Quintal
Kerala,Kannur,Irikkur APMC,Rubber,13-12-2024,12.6,Metric Tonnes,18500,Rs./Quintal
Kerala,Kannur,Irikkur APMC,Rubber,14-12-2024,12.7,Metric Tonnes,18500,Rs./Quintal
Kerala,Kannur,Irikkur APMC,Rubber,15-12-2024,9.9,Metric Tonnes,18500,Rs./Quintal
Kerala,Kannur,Irikkur APMC,Rubber,16-12-2024,12.6,Metric Tonnes,18500,Rs./Quintal
Kerala,Kannur,Irikkur APMC,Rubber,17-12-2024,15.1,Metric Tonnes,18800,Rs./Quintal
Kerala,Kannur,Irikkur APMC,Rubber,18-12-2024,17.4,Metric Tonnes,18800,Rs./Quintal
Kerala,Kannur,Irikkur APMC,Rubber,19-12-2024,10.3,Metric Tonnes,18800,Rs./Quintal
Kerala,Kannur,Irikkur APMC,Rubber,20-12-2024,9.9,Metric Tonnes,18800,Rs./Quintal
Kerala,Kannur,Irikkur APMC,Rubber,23-12-2024,8.8,Metric Tonnes,18400,Rs./Quintal
Kerala,Kannur,Irikkur APMC,Rubber,24-12-2024,14.3,Metric Tonnes,18400,Rs./Quintal
Kerala,Kannur,Irikkur APMC,Rubber,25-12-2024,16.8,Metric Tonnes,18400,Rs./Quintal
Kerala,Kannur,Irikkur APMC,Rubber,26-12-2024,0.15,Metric Tonnes,18500,Rs./Quintal
Kerala,Kannur,Irikkur APMC,Rubber,27-12-2024,0.9,Metric Tonnes,18500,Rs./Quintal
Kerala,Kannur,Irikkur APMC,Rubber,29-12-2024,13.4,Metric Tonnes,18500,Rs./Quintal
Kerala,Kannur,Irikkur APMC,Rubber,30-12-2024,12.4,Metric Tonnes,18500,Rs./Quintal
Kerala,Kannur,Irikkur APMC,Rubber,31-12-2024,8.7,Metric Tonnes,18500,Rs./Quintal
Kerala,Kannur,Irityy APMC,Rubber,17-01-2024,1,Metric Tonnes,14000,Rs./Quintal
Kerala,Kannur,Irityy APMC,Rubber,18-01-2024,1,Metric Tonnes,14000,Rs./Quintal
Kerala,Kannur,Irityy APMC,Rubber,22-01-2024,2,Metric Tonnes,14200,Rs./Quintal
Kerala,Kannur,Irityy APMC,Rubber,30-01-2024,1,Metric Tonnes,14900,Rs./Quintal
Kerala,Kannur,Irityy APMC,Rubber,02-02-2024,2,Metric Tonnes,14600,Rs./Quintal
Kerala,Kannur,Irityy APMC,Rubber,03-02-2024,1,Metric Tonnes,14500,Rs./Quintal
Kerala,Kannur,Irityy APMC,Rubber,05-02-2024,2,Metric Tonnes,14600,Rs./Quintal
Kerala,Kannur,Irityy APMC,Rubber,10-02-2024,1,Metric Tonnes,14600,Rs./Quintal
Kerala,Kannur,Irityy APMC,Rubber,12-02-2024,1,Metric Tonnes,14500,Rs./Quintal
Kerala,Kannur,Irityy APMC,Rubber,16-02-2024,1,Metric Tonnes,14500,Rs./Quintal
Kerala,Kannur,Irityy APMC,Rubber,20-02-2024,1,Metric Tonnes,14600,Rs./Quintal
Kerala,Kannur,Irityy APMC,Rubber,21-02-2024,1,Metric Tonnes,14500,Rs./Quintal
Kerala,Kannur,Irityy APMC,Rubber,23-02-2024,1,Metric Tonnes,14500,Rs./Quintal
Kerala,Kannur,Irityy APMC,Rubber,01-03-2024,1,Metric Tonnes,14500,Rs./Quintal
Kerala,Kannur,Irityy APMC,Rubber,02-03-2024,1,Metric Tonnes,14500,Rs./Quintal
Kerala,Kannur,Irityy APMC,Rubber,05-03-2024,1,Metric Tonnes,14500,Rs./Quintal
Kerala,Kannur,Irityy APMC,Rubber,15-03-2024,1,Metric Tonnes,15000,Rs./Quintal
Kerala,Kannur,Irityy APMC,Rubber,16-03-2024,1,Metric Tonnes,15000,Rs./Quintal
Kerala,Kannur,Irityy APMC,Rubber,18-03-2024,1,Metric Tonnes,15000,Rs./Quintal
Kerala,Kannur,Irityy APMC,Rubber,20-03-2024,1,Metric Tonnes,15000,Rs./Quintal
Kerala,Kannur,Irityy APMC,Rubber,25-03-2024,1,Metric Tonnes,14500,Rs./Quintal
Kerala,Kannur,Irityy APMC,Rubber,27-03-2024,1,Metric Tonnes,14500,Rs./Quintal
Kerala,Kannur,Irityy APMC,Rubber,29-03-2024,1,Metric Tonnes,14500,Rs./Quintal
Kerala,Kannur,Irityy APMC,Rubber,08-04-2024,2,Metric Tonnes,16000,Rs./Quintal
Kerala,Kannur,Irityy APMC,Rubber,12-04-2024,1,Metric Tonnes,16000,Rs./Quintal
Kerala,Kannur,Irityy APMC,Rubber,22-04-2024,1,Metric Tonnes,16000,Rs./Quintal
Kerala,Kannur,Irityy APMC,Rubber,24-04-2024,1,Metric Tonnes,16000,Rs./Quintal
Kerala,Kannur,Irityy APMC,Rubber,30-04-2024,1,Metric Tonnes,16000,Rs./Quintal
Kerala,Kannur,Irityy APMC,Rubber,02-05-2024,1,Metric Tonnes,16000,Rs./Quintal
Kerala,Kannur,Irityy APMC,Rubber,09-05-2024,1,Metric Tonnes,16500,Rs./Quintal
Kerala,Kannur,Irityy APMC,Rubber,20-05-2024,1,Metric Tonnes,16000,Rs./Quintal
Kerala,Kannur,Irityy APMC,Rubber,21-05-2024,1,Metric Tonnes,17000,Rs./Quintal
Kerala,Kannur,Irityy APMC,Rubber,22-05-2024,2,Metric Tonnes,17000,Rs./Quintal
Kerala,Kannur,Irityy APMC,Rubber,02-06-2024,1,Metric Tonnes,19000,Rs./Quintal
Kerala,Kannur,Irityy APMC,Rubber,06-06-2024,0.2,Metric Tonnes,19600,Rs./Quintal
Kerala,Kannur,Irityy APMC,Rubber,10-06-2024,1,Metric Tonnes,20000,Rs./Quintal
Kerala,Kannur,Irityy APMC,Rubber,11-06-2024,0.2,Metric Tonnes,20000,Rs./Quintal
Kerala,Kannur,Irityy APMC,Rubber,13-06-2024,0.5,Metric Tonnes,20000,Rs./Quintal
Kerala,Kannur,Irityy APMC,Rubber,15-06-2024,0.2,Metric Tonnes,9200,Rs./Quintal
Kerala,Kannur,Irityy APMC,Rubber,18-06-2024,0.2,Metric Tonnes,25000,Rs./Quintal
Kerala,Kannur,Irityy APMC,Rubber,19-06-2024,0.2,Metric Tonnes,25000,Rs./Quintal
Kerala,Kannur,Irityy APMC,Rubber,20-06-2024,0.5,Metric Tonnes,20000,Rs./Quintal
Kerala,Kannur,Irityy APMC,Rubber,24-06-2024,0.1,Metric Tonnes,20000,Rs./Quintal
Kerala,Kannur,Irityy APMC,Rubber,25-06-2024,0.5,Metric Tonnes,20000,Rs./Quintal
Kerala,Kannur,Irityy APMC,Rubber,27-06-2024,0.5,Metric Tonnes,20700,Rs./Quintal
Kerala,Kannur,Irityy APMC,Rubber,28-06-2024,0.2,Metric Tonnes,20200,Rs./Quintal
Kerala,Kannur,Irityy APMC,Rubber,01-07-2024,0.5,Metric Tonnes,20200,Rs./Quintal
Kerala,Kannur,Irityy APMC,Rubber,02-07-2024,0.5,Metric Tonnes,20200,Rs./Quintal
Kerala,Kannur,Irityy APMC,Rubber,03-07-2024,0.5,Metric Tonnes,20200,Rs./Quintal
Kerala,Kannur,Irityy APMC,Rubber,04-07-2024,0.2,Metric Tonnes,20300,Rs./Quintal
Kerala,Kannur,Irityy APMC,Rubber,05-07-2024,0.5,Metric Tonnes,20400,Rs./Quintal
Kerala,Kannur,Irityy APMC,Rubber,09-07-2024,0.1,Metric Tonnes,20300,Rs./Quintal
Kerala,Kannur,Irityy APMC,Rubber,15-07-2024,1,Metric Tonnes,20100,Rs./Quintal
Kerala,Kannur,Irityy APMC,Rubber,16-07-2024,1,Metric Tonnes,20700,Rs./Quintal
Kerala,Kannur,Irityy APMC,Rubber,27-07-2024,3,Metric Tonnes,20500,Rs./Quintal
Kerala,Kannur,Irityy APMC,Rubber,29-07-2024,2,Metric Tonnes,20500,Rs./Quintal
Kerala,Kannur,Irityy APMC,Rubber,23-08-2024,1,Metric Tonnes,23100,Rs./Quintal
Kerala,Kannur,Irityy APMC,Rubber,05-10-2024,1,Metric Tonnes,20700,Rs./Quintal
Kerala,Kannur,Irityy APMC,Rubber,09-10-2024,0.2,Metric Tonnes,20400,Rs./Quintal
Kerala,Kannur,Irityy APMC,Rubber,10-10-2024,1,Metric Tonnes,20600,Rs./Quintal
Kerala,Kannur,Irityy APMC,Rubber,12-10-2024,1,Metric Tonnes,21200,Rs./Quintal
Kerala,Kannur,Irityy APMC,Rubber,15-10-2024,0.5,Metric Tonnes,20300,Rs./Quintal
Kerala,Kannur,Irityy APMC,Rubber,20-10-2024,1,Metric Tonnes,20300,Rs./Quintal
Kerala,Kannur,Irityy APMC,Rubber,24-11-2024,1,Metric Tonnes,18000,Rs./Quintal
Kerala,Kannur,Irityy APMC,Rubber,03-12-2024,1,Metric Tonnes,19700,Rs./Quintal
Kerala,Kannur,Irityy APMC,Rubber,11-12-2024,1,Metric Tonnes,18800,Rs./Quintal
Kerala,Kannur,Irityy APMC,Rubber,12-12-2024,2,Metric Tonnes,18700,Rs./Quintal
Kerala,Kannur,Irityy APMC,Rubber,17-12-2024,3,Metric Tonnes,18700,Rs./Quintal
Kerala,Kannur,Irityy APMC,Rubber,27-12-2024,2,Metric Tonnes,18500,Rs./Quintal
Kerala,Kannur,Irityy APMC,Rubber,28-12-2024,1,Metric Tonnes,18600,Rs./Quintal
Kerala,Kannur,Irityy APMC,Rubber,29-12-2024,1,Metric Tonnes,18600,Rs./Quintal
Kerala,Kannur,Irityy APMC,Rubber,30-12-2024,1,Metric Tonnes,18600,Rs./Quintal
Kerala,Kannur,Taliparamba APMC,Rubber,02-01-2024,1.7,Metric Tonnes,15300,Rs./Quintal
Kerala,Kannur,Taliparamba APMC,Rubber,03-01-2024,1.7,Metric Tonnes,15300,Rs./Quintal
Kerala,Kannur,Taliparamba APMC,Rubber,04-01-2024,1.7,Metric Tonnes,15300,Rs./Quintal
Kerala,Kannur,Taliparamba APMC,Rubber,05-01-2024,1.7,Metric Tonnes,15300,Rs./Quintal
Kerala,Kannur,Taliparamba APMC,Rubber,06-01-2024,1.7,Metric Tonnes,15300,Rs./Quintal
Kerala,Kannur,Taliparamba APMC,Rubber,08-01-2024,1.7,Metric Tonnes,15300,Rs./Quintal
Kerala,Kannur,Taliparamba APMC,Rubber,09-01-2024,1.7,Metric Tonnes,15300,Rs./Quintal
Kerala,Kannur,Taliparamba APMC,Rubber,10-01-2024,1.7,Metric Tonnes,15300,Rs./Quintal
Kerala,Kannur,Taliparamba APMC,Rubber,11-01-2024,1.7,Metric Tonnes,15300,Rs./Quintal
Kerala,Kannur,Taliparamba APMC,Rubber,15-01-2024,1.7,Metric Tonnes,15300,Rs./Quintal
Kerala,Kannur,Taliparamba APMC,Rubber,16-01-2024,1.7,Metric Tonnes,15300,Rs./Quintal
Kerala,Kannur,Taliparamba APMC,Rubber,17-01-2024,1.7,Metric Tonnes,15800,Rs./Quintal
Kerala,Kannur,Taliparamba APMC,Rubber,18-01-2024,1.7,Metric Tonnes,15800,Rs./Quintal
Kerala,Kannur,Taliparamba APMC,Rubber,19-01-2024,1.7,Metric Tonnes,15800,Rs./Quintal
Kerala,Kannur,Taliparamba APMC,Rubber,20-01-2024,1.7,Metric Tonnes,15800,Rs./Quintal
Kerala,Kannur,Taliparamba APMC,Rubber,22-01-2024,1.7,Metric Tonnes,15800,Rs./Quintal
Kerala,Kannur,Taliparamba APMC,Rubber,23-01-2024,1.7,Metric Tonnes,15800,Rs./Quintal
Kerala,Kannur,Taliparamba APMC,Rubber,24-01-2024,1.7,Metric Tonnes,15800,Rs./Quintal
Kerala,Kannur,Taliparamba APMC,Rubber,25-01-2024,1.7,Metric Tonnes,15800,Rs./Quintal
Kerala,Kottayam,Pampady APMC,Rubber,02-01-2024,10,Metric Tonnes,15000,Rs./Quintal
Kerala,Kottayam,Pampady APMC,Rubber,03-01-2024,10,Metric Tonnes,15000,Rs./Quintal
Kerala,Kottayam,Pampady APMC,Rubber,04-01-2024,10,Metric Tonnes,15000,Rs./Quintal
Kerala,Kottayam,Pampady APMC,Rubber,05-01-2024,10,Metric Tonnes,15000,Rs./Quintal
Kerala,Kottayam,Pampady APMC,Rubber,09-01-2024,10,Metric Tonnes,15000,Rs./Quintal
Kerala,Kottayam,Pampady APMC,Rubber,10-01-2024,2,Metric Tonnes,15000,Rs./Quintal
Kerala,Kottayam,Pampady APMC,Rubber,11-01-2024,10,Metric Tonnes,15000,Rs./Quintal
Kerala,Kottayam,Pampady APMC,Rubber,12-01-2024,10,Metric Tonnes,14700,Rs./Quintal
Kerala,Kottayam,Pampady APMC,Rubber,13-01-2024,10,Metric Tonnes,15000,Rs./Quintal
Kerala,Kottayam,Pampady APMC,Rubber,14-01-2024,10,Metric Tonnes,15000,Rs./Quintal
Kerala,Kottayam,Pampady APMC,Rubber,15-01-2024,10,Metric Tonnes,15000,Rs./Quintal
Kerala,Kottayam,Pampady APMC,Rubber,16-01-2024,10,Metric Tonnes,14000,Rs./Quintal
Kerala,Kottayam,Pampady APMC,Rubber,18-01-2024,10,Metric Tonnes,14000,Rs./Quintal
Kerala,Kottayam,Pampady APMC,Rubber,19-01-2024,10,Metric Tonnes,15000,Rs./Quintal
Kerala,Kottayam,Pampady APMC,Rubber,20-01-2024,10,Metric Tonnes,14000,Rs./Quintal
Kerala,Kottayam,Pampady APMC,Rubber,25-01-2024,10,Metric Tonnes,13200,Rs./Quintal
Kerala,Kottayam,Pampady APMC,Rubber,27-01-2024,10,Metric Tonnes,15000,Rs./Quintal
Kerala,Kottayam,Pampady APMC,Rubber,28-01-2024,10,Metric Tonnes,15000,Rs./Quintal
Kerala,Kottayam,Pampady APMC,Rubber,29-01-2024,10,Metric Tonnes,15000,Rs./Quintal
Kerala,Kottayam,Pampady APMC,Rubber,30-01-2024,10,Metric Tonnes,14000,Rs./Quintal
Kerala,Kottayam,Pampady APMC,Rubber,07-02-2024,10,Metric Tonnes,14000,Rs./Quintal
Kerala,Kottayam,Pampady APMC,Rubber,08-02-2024,10,Metric Tonnes,14000,Rs./Quintal
Kerala,Kottayam,Pampady APMC,Rubber,09-02-2024,10,Metric Tonnes,14200,Rs./Quintal
Kerala,Kottayam,Pampady APMC,Rubber,10-02-2024,10,Metric Tonnes,14000,Rs./Quintal
Kerala,Kottayam,Pampady APMC,Rubber,11-02-2024,10,Metric Tonnes,14000,Rs./Quintal
Kerala,Kottayam,Pampady APMC,Rubber,12-02-2024,10,Metric Tonnes,15500,Rs./Quintal
Kerala,Kottayam,Pampady APMC,Rubber,14-02-2024,10,Metric Tonnes,16000,Rs./Quintal
Kerala,Kottayam,Pampady APMC,Rubber,16-02-2024,10,Metric Tonnes,16000,Rs./Quintal
Kerala,Kottayam,Pampady APMC,Rubber,18-02-2024,10,Metric Tonnes,16000,Rs./Quintal
Kerala,Kottayam,Pampady APMC,Rubber,21-02-2024,10,Metric Tonnes,16000,Rs./Quintal
Kerala,Kottayam,Pampady APMC,Rubber,26-02-2024,10,Metric Tonnes,16000,Rs./Quintal
Kerala,Kottayam,Pampady APMC,Rubber,27-02-2024,10,Metric Tonnes,16000,Rs./Quintal
Kerala,Kottayam,Pampady APMC,Rubber,28-02-2024,10,Metric Tonnes,16000,Rs./Quintal
Kerala,Kottayam,Pampady APMC,Rubber,29-02-2024,10,Metric Tonnes,16000,Rs./Quintal
Kerala,Kottayam,Pampady APMC,Rubber,01-03-2024,10,Metric Tonnes,17000,Rs./Quintal
Kerala,Kottayam,Pampady APMC,Rubber,08-03-2024,10,Metric Tonnes,15000,Rs./Quintal
Kerala,Kottayam,Pampady APMC,Rubber,11-03-2024,10,Metric Tonnes,16000,Rs./Quintal
Kerala,Kottayam,Pampady APMC,Rubber,12-03-2024,10,Metric Tonnes,16000,Rs./Quintal
Kerala,Kottayam,Pampady APMC,Rubber,15-03-2024,10,Metric Tonnes,16600,Rs./Quintal
Kerala,Kottayam,Pampady APMC,Rubber,18-03-2024,10,Metric Tonnes,16600,Rs./Quintal
Kerala,Kottayam,Pampady APMC,Rubber,19-03-2024,10,Metric Tonnes,17000,Rs./Quintal
Kerala,Kottayam,Pampady APMC,Rubber,22-03-2024,10,Metric Tonnes,17000,Rs./Quintal
Kerala,Kottayam,Pampady APMC,Rubber,23-03-2024,10,Metric Tonnes,17000,Rs./Quintal
Kerala,Kottayam,Pampady APMC,Rubber,24-03-2024,10,Metric Tonnes,16600,Rs./Quintal
Kerala,Kottayam,Pampady APMC,Rubber,25-03-2024,10,Metric Tonnes,17000,Rs./Quintal
Kerala,Kottayam,Pampady APMC,Rubber,26-03-2024,10,Metric Tonnes,18000,Rs./Quintal
Kerala,Kottayam,Pampady APMC,Rubber,29-03-2024,10,Metric Tonnes,18000,Rs./Quintal
Kerala,Kottayam,Pampady APMC,Rubber,31-03-2024,10,Metric Tonnes,18000,Rs./Quintal
Kerala,Kottayam,Pampady APMC,Rubber,03-04-2024,10,Metric Tonnes,17900,Rs./Quintal
Kerala,Kottayam,Pampady APMC,Rubber,05-04-2024,10,Metric Tonnes,18000,Rs./Quintal
Kerala,Kottayam,Pampady APMC,Rubber,06-04-2024,10,Metric Tonnes,18900,Rs./Quintal
Kerala,Kottayam,Pampady APMC,Rubber,19-04-2024,10,Metric Tonnes,17400,Rs./Quintal
Kerala,Kottayam,Pampady APMC,Rubber,20-04-2024,10,Metric Tonnes,17600,Rs./Quintal
Kerala,Kottayam,Pampady APMC,Rubber,24-04-2024,10,Metric Tonnes,18100,Rs./Quintal
Kerala,Kottayam,Pampady APMC,Rubber,25-04-2024,10,Metric Tonnes,18900,Rs./Quintal
Kerala,Kottayam,Pampady APMC,Rubber,26-04-2024,10,Metric Tonnes,18000,Rs./Quintal
Kerala,Kottayam,Pampady APMC,Rubber,27-04-2024,10,Metric Tonnes,18000,Rs./Quintal
Kerala,Kottayam,Pampady APMC,Rubber,28-04-2024,10,Metric Tonnes,17700,Rs./Quintal
Kerala,Kottayam,Pampady APMC,Rubber,29-04-2024,10,Metric Tonnes,18200,Rs./Quintal
Kerala,Kottayam,Pampady APMC,Rubber,30-04-2024,10,Metric Tonnes,18000,Rs./Quintal
Kerala,Kottayam,Pampady APMC,Rubber,01-05-2024,10,Metric Tonnes,18200,Rs./Quintal
Kerala,Kottayam,Pampady APMC,Rubber,03-05-2024,10,Metric Tonnes,18000,Rs./Quintal
Kerala,Kottayam,Pampady APMC,Rubber,06-05-2024,10,Metric Tonnes,17600,Rs./Quintal
Kerala,Kottayam,Pampady APMC,Rubber,08-05-2024,10,Metric Tonnes,17200,Rs./Quintal
Kerala,Kottayam,Pampady APMC,Rubber,10-05-2024,10,Metric Tonnes,18200,Rs./Quintal
Kerala,Kottayam,Pampady APMC,Rubber,13-05-2024,10,Metric Tonnes,18000,Rs./Quintal
Kerala,Kottayam,Pampady APMC,Rubber,16-05-2024,10,Metric Tonnes,18900,Rs./Quintal
Kerala,Kottayam,Pampady APMC,Rubber,23-05-2024,10,Metric Tonnes,14900,Rs./Quintal
Kerala,Kottayam,Pampady APMC,Rubber,27-05-2024,10,Metric Tonnes,17600,Rs./Quintal
Kerala,Kottayam,Pampady APMC,Rubber,30-05-2024,10,Metric Tonnes,17700,Rs./Quintal
Kerala,Kottayam,Pampady APMC,Rubber,31-05-2024,10,Metric Tonnes,18000,Rs./Quintal
Kerala,Kottayam,Pampady APMC,Rubber,15-06-2024,10,Metric Tonnes,18200,Rs./Quintal
Kerala,Kottayam,Pampady APMC,Rubber,16-06-2024,10,Metric Tonnes,18200,Rs./Quintal
Kerala,Kottayam,Pampady APMC,Rubber,17-06-2024,10,Metric Tonnes,18200,Rs./Quintal
Kerala,Kottayam,Pampady APMC,Rubber,18-06-2024,10,Metric Tonnes,18200,Rs./Quintal
Kerala,Kottayam,Pampady APMC,Rubber,19-06-2024,10,Metric Tonnes,18000,Rs./Quintal
Kerala,Kottayam,Pampady APMC,Rubber,20-06-2024,10,Metric Tonnes,18000,Rs./Quintal
Kerala,Kottayam,Pampady APMC,Rubber,22-06-2024,10,Metric Tonnes,18200,Rs./Quintal
Kerala,Kottayam,Pampady APMC,Rubber,24-06-2024,10,Metric Tonnes,18200,Rs./Quintal
Kerala,Kottayam,Pampady APMC,Rubber,25-06-2024,10,Metric Tonnes,19200,Rs./Quintal
Kerala,Kottayam,Pampady APMC,Rubber,26-06-2024,10,Metric Tonnes,19200,Rs./Quintal
Kerala,Kottayam,Pampady APMC,Rubber,28-06-2024,10,Metric Tonnes,19200,Rs./Quintal
Kerala,Kottayam,Pampady APMC,Rubber,29-06-2024,10,Metric Tonnes,19200,Rs./Quintal
Kerala,Kottayam,Pampady APMC,Rubber,30-06-2024,10,Metric Tonnes,19400,Rs./Quintal
Kerala,Kottayam,Pampady APMC,Rubber,01-07-2024,10,Metric Tonnes,19200,Rs./Quintal
Kerala,Kottayam,Pampady APMC,Rubber,03-07-2024,10,Metric Tonnes,19400,Rs./Quintal
Kerala,Kottayam,Pampady APMC,Rubber,05-07-2024,250,Metric Tonnes,18700,Rs./Quintal
Kerala,Kottayam,Pampady APMC,Rubber,06-07-2024,10,Metric Tonnes,15000,Rs./Quintal
Kerala,Kottayam,Pampady APMC,Rubber,08-07-2024,10,Metric Tonnes,19200,Rs./Quintal
Kerala,Kottayam,Pampady APMC,Rubber,09-07-2024,10,Metric Tonnes,19700,Rs./Quintal
Kerala,Kottayam,Pampady APMC,Rubber,10-07-2024,10,Metric Tonnes,19700,Rs./Quintal
Kerala,Kottayam,Pampady APMC,Rubber,11-07-2024,10,Metric Tonnes,19200,Rs./Quintal
Kerala,Kottayam,Pampady APMC,Rubber,12-07-2024,10,Metric Tonnes,19200,Rs./Quintal
Kerala,Kottayam,Pampady APMC,Rubber,13-07-2024,10,Metric Tonnes,19200,Rs./Quintal
Kerala,Kottayam,Pampady APMC,Rubber,15-07-2024,10,Metric Tonnes,18200,Rs./Quintal
Kerala,Kottayam,Pampady APMC,Rubber,16-07-2024,10,Metric Tonnes,19200,Rs./Quintal
Kerala,Kottayam,Pampady APMC,Rubber,17-07-2024,10,Metric Tonnes,19200,Rs./Quintal
Kerala,Pathanamthitta,Ezhamkulam APMC,Rubber,02-01-2024,1,Metric Tonnes,15000,Rs./Quintal
Kerala,Pathanamthitta,Ezhamkulam APMC,Rubber,05-01-2024,1,Metric Tonnes,14900,Rs./Quintal
Kerala,Pathanamthitta,Ezhamkulam APMC,Rubber,08-01-2024,1,Metric Tonnes,15000,Rs./Quintal
Kerala,Pathanamthitta,Ezhamkulam APMC,Rubber,11-01-2024,1.5,Metric Tonnes,15000,Rs./Quintal
Kerala,Pathanamthitta,Ezhamkulam APMC,Rubber,12-01-2024,1.3,Metric Tonnes,14900,Rs./Quintal
Kerala,Pathanamthitta,Ezhamkulam APMC,Rubber,15-01-2024,1,Metric Tonnes,15000,Rs./Quintal
Kerala,Pathanamthitta,Ezhamkulam APMC,Rubber,25-01-2024,1.5,Metric Tonnes,15600,Rs./Quintal
Kerala,Pathanamthitta,Ezhamkulam APMC,Rubber,29-01-2024,1,Metric Tonnes,15400,Rs./Quintal
Kerala,Pathanamthitta,Ezhamkulam APMC,Rubber,01-02-2024,1.5,Metric Tonnes,15500,Rs./Quintal
Kerala,Pathanamthitta,Ezhamkulam APMC,Rubber,06-02-2024,1,Metric Tonnes,15600,Rs./Quintal
Kerala,Pathanamthitta,Ezhamkulam APMC,Rubber,09-02-2024,2,Metric Tonnes,15700,Rs./Quintal
Kerala,Pathanamthitta,Ezhamkulam APMC,Rubber,12-02-2024,1,Metric Tonnes,15700,Rs./Quintal
Kerala,Pathanamthitta,Ezhamkulam APMC,Rubber,16-02-2024,1,Metric Tonnes,15700,Rs./Quintal
Kerala,Pathanamthitta,Ezhamkulam APMC,Rubber,19-02-2024,1.5,Metric Tonnes,15700,Rs./Quintal
Kerala,Pathanamthitta,Ezhamkulam APMC,Rubber,22-02-2024,1,Metric Tonnes,15700,Rs./Quintal
Kerala,Pathanamthitta,Ezhamkulam APMC,Rubber,04-03-2024,1.4,Metric Tonnes,15600,Rs./Quintal
Kerala,Pathanamthitta,Ezhamkulam APMC,Rubber,14-03-2024,1,Metric Tonnes,16600,Rs./Quintal
Kerala,Pathanamthitta,Ezhamkulam APMC,Rubber,15-03-2024,1,Metric Tonnes,16600,Rs./Quintal
Kerala,Pathanamthitta,Ezhamkulam APMC,Rubber,18-03-2024,1.2,Metric Tonnes,16600,Rs./Quintal
Kerala,Pathanamthitta,Ezhamkulam APMC,Rubber,25-03-2024,1,Metric Tonnes,17600,Rs./Quintal
Kerala,Pathanamthitta,Ezhamkulam APMC,Rubber,04-04-2024,1,Metric Tonnes,17600,Rs./Quintal
Kerala,Pathanamthitta,Ezhamkulam APMC,Rubber,08-04-2024,1,Metric Tonnes,17600,Rs./Quintal
Kerala,Pathanamthitta,Ezhamkulam APMC,Rubber,15-04-2024,1,Metric Tonnes,17600,Rs./Quintal
Kerala,Pathanamthitta,Ezhamkulam APMC,Rubber,19-04-2024,1,Metric Tonnes,17500,Rs./Quintal
Kerala,Pathanamthitta,Ezhamkulam APMC,Rubber,02-05-2024,1,Metric Tonnes,17400,Rs./Quintal
Kerala,Pathanamthitta,Ezhamkulam APMC,Rubber,06-05-2024,1.5,Metric Tonnes,17500,Rs./Quintal
Kerala,Pathanamthitta,Ezhamkulam APMC,Rubber,17-05-2024,1,Metric Tonnes,17200,Rs./Quintal
Kerala,Pathanamthitta,Ezhamkulam APMC,Rubber,22-05-2024,1,Metric Tonnes,17400,Rs./Quintal
Kerala,Pathanamthitta,Ezhamkulam APMC,Rubber,24-05-2024,1,Metric Tonnes,17600,Rs./Quintal
Kerala,Pathanamthitta,Ezhamkulam APMC,Rubber,04-06-2024,1,Metric Tonnes,18100,Rs./Quintal
Kerala,Pathanamthitta,Ezhamkulam APMC,Rubber,06-06-2024,1,Metric Tonnes,18200,Rs./Quintal
Kerala,Pathanamthitta,Ezhamkulam APMC,Rubber,07-06-2024,1,Metric Tonnes,18100,Rs./Quintal
Kerala,Pathanamthitta,Ezhamkulam APMC,Rubber,17-06-2024,1,Metric Tonnes,19000,Rs./Quintal
Kerala,Pathanamthitta,Ezhamkulam APMC,Rubber,21-06-2024,1,Metric Tonnes,18000,Rs./Quintal
Kerala,Pathanamthitta,Ezhamkulam APMC,Rubber,01-07-2024,1,Metric Tonnes,19500,Rs./Quintal
Kerala,Pathanamthitta,Ezhamkulam APMC,Rubber,04-07-2024,1,Metric Tonnes,19600,Rs./Quintal
Kerala,Pathanamthitta,Ezhamkulam APMC,Rubber,12-07-2024,1,Metric Tonnes,19300,Rs./Quintal
Kerala,Pathanamthitta,Ezhamkulam APMC,Rubber,18-07-2024,1,Metric Tonnes,19200,Rs./Quintal
Kerala,Pathanamthitta,Ezhamkulam APMC,Rubber,19-07-2024,1,Metric Tonnes,19400,Rs./Quintal
Kerala,Pathanamthitta,Ezhamkulam APMC,Rubber,22-07-2024,1,Metric Tonnes,19200,Rs./Quintal
Kerala,Pathanamthitta,Ezhamkulam APMC,Rubber,26-07-2024,1,Metric Tonnes,19500,Rs./Quintal
Kerala,Pathanamthitta,Ezhamkulam APMC,Rubber,08-08-2024,1,Metric Tonnes,21500,Rs./Quintal
Kerala,Pathanamthitta,Ezhamkulam APMC,Rubber,15-08-2024,1.2,Metric Tonnes,23500,Rs./Quintal
Kerala,Pathanamthitta,Ezhamkulam APMC,Rubber,22-08-2024,1.2,Metric Tonnes,22800,Rs./Quintal
Kerala,Pathanamthitta,Ezhamkulam APMC,Rubber,26-08-2024,1,Metric Tonnes,22600,Rs./Quintal
Kerala,Pathanamthitta,Ezhamkulam APMC,Rubber,05-09-2024,1,Metric Tonnes,22600,Rs./Quintal
Kerala,Pathanamthitta,Ezhamkulam APMC,Rubber,19-09-2024,1,Metric Tonnes,22500,Rs./Quintal
Kerala,Pathanamthitta,Ezhamkulam APMC,Rubber,23-09-2024,1,Metric Tonnes,22200,Rs./Quintal
Kerala,Pathanamthitta,Ezhamkulam APMC,Rubber,07-10-2024,1,Metric Tonnes,22500,Rs./Quintal
Kerala,Pathanamthitta,Ezhamkulam APMC,Rubber,15-10-2024,1,Metric Tonnes,22300,Rs./Quintal
Kerala,Pathanamthitta,Ezhamkulam APMC,Rubber,18-10-2024,1,Metric Tonnes,22400,Rs./Quintal
Kerala,Pathanamthitta,Ezhamkulam APMC,Rubber,24-10-2024,1,Metric Tonnes,22300,Rs./Quintal
Kerala,Pathanamthitta,Ezhamkulam APMC,Rubber,31-10-2024,1,Metric Tonnes,22500,Rs./Quintal
Kerala,Pathanamthitta,Ezhamkulam APMC,Rubber,07-11-2024,1,Metric Tonnes,22400,Rs./Quintal
Kerala,Pathanamthitta,Ezhamkulam APMC,Rubber,08-11-2024,1,Metric Tonnes,17400,Rs./Quintal
Kerala,Pathanamthitta,Ezhamkulam APMC,Rubber,14-11-2024,1,Metric Tonnes,17300,Rs./Quintal
Kerala,Pathanamthitta,Ezhamkulam APMC,Rubber,15-11-2024,1,Metric Tonnes,17200,Rs./Quintal
Kerala,Pathanamthitta,Ezhamkulam APMC,Rubber,19-11-2024,1,Metric Tonnes,17200,Rs./Quintal
Kerala,Pathanamthitta,Ezhamkulam APMC,Rubber,25-11-2024,1,Metric Tonnes,17200,Rs./Quintal
Kerala,Pathanamthitta,Ezhamkulam APMC,Rubber,28-11-2024,1,Metric Tonnes,17100,Rs./Quintal
Kerala,Pathanamthitta,Ezhamkulam APMC,Rubber,06-12-2024,1,Metric Tonnes,17200,Rs./Quintal
Kerala,Pathanamthitta,Ezhamkulam APMC,Rubber,13-12-2024,1,Metric Tonnes,17500,Rs./Quintal
Kerala,Pathanamthitta,Ezhamkulam APMC,Rubber,16-12-2024,1,Metric Tonnes,17500,Rs./Quintal
Kerala,Pathanamthitta,Ezhamkulam APMC,Rubber,19-12-2024,1,Metric Tonnes,17500,Rs./Quintal
Kerala,Pathanamthitta,Ezhamkulam APMC,Rubber,23-12-2024,1,Metric Tonnes,17500,Rs./Quintal
Kerala,Pathanamthitta,Ezhamkulam APMC,Rubber,27-12-2024,1,Metric Tonnes,17500,Rs./Quintal
Kerala,Pathanamthitta,Ezhamkulam APMC,Rubber,30-12-2024,1,Metric Tonnes,17500,Rs./Quintal
Kerala,Pathanamthitta,Kuttoor APMC,Rubber,01-01-2024,0.9,Metric Tonnes,13200,Rs./Quintal
Kerala,Pathanamthitta,Kuttoor APMC,Rubber,04-01-2024,0.9,Metric Tonnes,13550,Rs./Quintal
Kerala,Pathanamthitta,Kuttoor APMC,Rubber,05-01-2024,0.9,Metric Tonnes,13500,Rs./Quintal
Kerala,Pathanamthitta,Kuttoor APMC,Rubber,06-01-2024,0.9,Metric Tonnes,13450,Rs./Quintal
Kerala,Pathanamthitta,Kuttoor APMC,Rubber,08-01-2024,0.9,Metric Tonnes,13400,Rs./Quintal
Kerala,Pathanamthitta,Kuttoor APMC,Rubber,10-01-2024,0.9,Metric Tonnes,13600,Rs./Quintal
Kerala,Pathanamthitta,Kuttoor APMC,Rubber,16-01-2024,0.9,Metric Tonnes,15400,Rs./Quintal
Kerala,Pathanamthitta,Kuttoor APMC,Rubber,17-01-2024,0.9,Metric Tonnes,15200,Rs./Quintal
Kerala,Pathanamthitta,Kuttoor APMC,Rubber,18-01-2024,0.9,Metric Tonnes,15800,Rs./Quintal
Kerala,Pathanamthitta,Kuttoor APMC,Rubber,19-01-2024,0.9,Metric Tonnes,15200,Rs./Quintal
Kerala,Pathanamthitta,Kuttoor APMC,Rubber,20-01-2024,0.9,Metric Tonnes,15200,Rs./Quintal
Kerala,Pathanamthitta,Kuttoor APMC,Rubber,22-01-2024,0.9,Metric Tonnes,15000,Rs./Quintal
Kerala,Pathanamthitta,Kuttoor APMC,Rubber,23-01-2024,0.9,Metric Tonnes,14800,Rs./Quintal
Kerala,Pathanamthitta,Kuttoor APMC,Rubber,24-01-2024,0.9,Metric Tonnes,15950,Rs./Quintal
Kerala,Pathanamthitta,Kuttoor APMC,Rubber,25-01-2024,0.9,Metric Tonnes,16000,Rs./Quintal
Kerala,Pathanamthitta,Kuttoor APMC,Rubber,27-01-2024,0.9,Metric Tonnes,16000,Rs./Quintal
Kerala,Pathanamthitta,Kuttoor APMC,Rubber,29-01-2024,0.9,Metric Tonnes,16000,Rs./Quintal
Kerala,Pathanamthitta,Kuttoor APMC,Rubber,30-01-2024,0.9,Metric Tonnes,16200,Rs./Quintal
Kerala,Pathanamthitta,Kuttoor APMC,Rubber,31-01-2024,0.9,Metric Tonnes,16250,Rs./Quintal
Kerala,Pathanamthitta,Kuttoor APMC,Rubber,02-02-2024,0.9,Metric Tonnes,16300,Rs./Quintal
Kerala,Pathanamthitta,Kuttoor APMC,Rubber,05-02-2024,0.9,Metric Tonnes,16050,Rs./Quintal
Kerala,Pathanamthitta,Kuttoor APMC,Rubber,06-02-2024,0.9,Metric Tonnes,16300,Rs./Quintal
Kerala,Pathanamthitta,Kuttoor APMC,Rubber,08-02-2024,0.9,Metric Tonnes,16300,Rs./Quintal
Kerala,Pathanamthitta,Kuttoor APMC,Rubber,09-02-2024,0.9,Metric Tonnes,16300,Rs./Quintal
Kerala,Pathanamthitta,Kuttoor APMC,Rubber,12-02-2024,0.9,Metric Tonnes,16300,Rs./Quintal
Kerala,Pathanamthitta,Kuttoor APMC,Rubber,13-02-2024,0.9,Metric Tonnes,16250,Rs./Quintal
Kerala,Pathanamthitta,Kuttoor APMC,Rubber,14-02-2024,0.9,Metric Tonnes,16050,Rs./Quintal
Kerala,Pathanamthitta,Kuttoor APMC,Rubber,15-02-2024,0.9,Metric Tonnes,16200,Rs./Quintal
Kerala,Pathanamthitta,Kuttoor APMC,Rubber,16-02-2024,0.9,Metric Tonnes,16200,Rs./Quintal
Kerala,Pathanamthitta,Kuttoor APMC,Rubber,17-02-2024,0.9,Metric Tonnes,16250,Rs./Quintal
Kerala,Pathanamthitta,Kuttoor APMC,Rubber,19-02-2024,0.9,Metric Tonnes,16000,Rs./Quintal
Kerala,Pathanamthitta,Kuttoor APMC,Rubber,20-02-2024,0.9,Metric Tonnes,16300,Rs./Quintal
Kerala,Pathanamthitta,Kuttoor APMC,Rubber,21-02-2024,0.9,Metric Tonnes,16300,Rs./Quintal
Kerala,Pathanamthitta,Kuttoor APMC,Rubber,22-02-2024,0.9,Metric Tonnes,16300,Rs./Quintal
Kerala,Pathanamthitta,Kuttoor APMC,Rubber,23-02-2024,0.9,Metric Tonnes,16400,Rs./Quintal
Kerala,Pathanamthitta,Kuttoor APMC,Rubber,24-02-2024,0.9,Metric Tonnes,16200,Rs./Quintal
Kerala,Pathanamthitta,Kuttoor APMC,Rubber,26-02-2024,0.9,Metric Tonnes,16200,Rs./Quintal
Kerala,Pathanamthitta,Kuttoor APMC,Rubber,27-02-2024,0.9,Metric Tonnes,16450,Rs./Quintal
Kerala,Pathanamthitta,Kuttoor APMC,Rubber,28-02-2024,0.9,Metric Tonnes,16450,Rs./Quintal
Kerala,Pathanamthitta,Kuttoor APMC,Rubber,29-02-2024,0.9,Metric Tonnes,16450,Rs./Quintal
Kerala,Pathanamthitta,Kuttoor APMC,Rubber,01-03-2024,0.9,Metric Tonnes,16500,Rs./Quintal
Kerala,Pathanamthitta,Kuttoor APMC,Rubber,02-03-2024,0.9,Metric Tonnes,16450,Rs./Quintal
Kerala,Pathanamthitta,Kuttoor APMC,Rubber,04-03-2024,0.9,Metric Tonnes,16450,Rs./Quintal
Kerala,Pathanamthitta,Kuttoor APMC,Rubber,05-03-2024,0.9,Metric Tonnes,16050,Rs./Quintal
Kerala,Pathanamthitta,Kuttoor APMC,Rubber,06-03-2024,0.9,Metric Tonnes,16550,Rs./Quintal
Kerala,Pathanamthitta,Kuttoor APMC,Rubber,07-03-2024,0.9,Metric Tonnes,16450,Rs./Quintal
Kerala,Pathanamthitta,Kuttoor APMC,Rubber,11-03-2024,0.9,Metric Tonnes,16900,Rs./Quintal
Kerala,Pathanamthitta,Kuttoor APMC,Rubber,12-03-2024,0.9,Metric Tonnes,17200,Rs./Quintal
Kerala,Pathanamthitta,Kuttoor APMC,Rubber,13-03-2024,0.9,Metric Tonnes,17300,Rs./Quintal
Kerala,Pathanamthitta,Kuttoor APMC,Rubber,14-03-2024,0.9,Metric Tonnes,17500,Rs./Quintal
Kerala,Pathanamthitta,Kuttoor APMC,Rubber,15-03-2024,0.9,Metric Tonnes,17600,Rs./Quintal
Kerala,Pathanamthitta,Kuttoor APMC,Rubber,16-03-2024,0.9,Metric Tonnes,16800,Rs./Quintal
Kerala,Pathanamthitta,Kuttoor APMC,Rubber,18-03-2024,0.9,Metric Tonnes,17000,Rs./Quintal
Kerala,Pathanamthitta,Kuttoor APMC,Rubber,19-03-2024,0.9,Metric Tonnes,17900,Rs./Quintal
Kerala,Pathanamthitta,Kuttoor APMC,Rubber,20-03-2024,0.9,Metric Tonnes,17800,Rs./Quintal
Kerala,Pathanamthitta,Kuttoor APMC,Rubber,21-03-2024,0.9,Metric Tonnes,18000,Rs./Quintal
Kerala,Pathanamthitta,Kuttoor APMC,Rubber,22-03-2024,0.9,Metric Tonnes,18300,Rs./Quintal
Kerala,Pathanamthitta,Kuttoor APMC,Rubber,23-03-2024,0.9,Metric Tonnes,18200,Rs./Quintal
Kerala,Pathanamthitta,Kuttoor APMC,Rubber,25-03-2024,0.9,Metric Tonnes,18200,Rs./Quintal
Kerala,Pathanamthitta,Kuttoor APMC,Rubber,26-03-2024,0.9,Metric Tonnes,18000,Rs./Quintal
Kerala,Pathanamthitta,Kuttoor APMC,Rubber,27-03-2024,0.9,Metric Tonnes,18000,Rs./Quintal
Kerala,Pathanamthitta,Kuttoor APMC,Rubber,03-04-2024,0.9,Metric Tonnes,18200,Rs./Quintal
Kerala,Pathanamthitta,Kuttoor APMC,Rubber,04-04-2024,0.9,Metric Tonnes,18250,Rs./Quintal
Kerala,Pathanamthitta,Kuttoor APMC,Rubber,05-04-2024,0.9,Metric Tonnes,17950,Rs./Quintal
Kerala,Pathanamthitta,Kuttoor APMC,Rubber,06-04-2024,0.9,Metric Tonnes,18300,Rs./Quintal
Kerala,Pathanamthitta,Kuttoor APMC,Rubber,08-04-2024,0.9,Metric Tonnes,18000,Rs./Quintal
Kerala,Pathanamthitta,Kuttoor APMC,Rubber,09-04-2024,0.9,Metric Tonnes,18200,Rs./Quintal
Kerala,Pathanamthitta,Kuttoor APMC,Rubber,11-04-2024,0.9,Metric Tonnes,18200,Rs./Quintal
Kerala,Pathanamthitta,Kuttoor APMC,Rubber,12-04-2024,0.9,Metric Tonnes,18200,Rs./Quintal
Kerala,Pathanamthitta,Kuttoor APMC,Rubber,15-04-2024,0.9,Metric Tonnes,18200,Rs./Quintal
Kerala,Pathanamthitta,Kuttoor APMC,Rubber,16-04-2024,0.9,Metric Tonnes,18200,Rs./Quintal
Kerala,Pathanamthitta,Kuttoor APMC,Rubber,17-04-2024,0.9,Metric Tonnes,18100,Rs./Quintal
Kerala,Pathanamthitta,Kuttoor APMC,Rubber,18-04-2024,0.9,Metric Tonnes,18000,Rs./Quintal
Kerala,Pathanamthitta,Kuttoor APMC,Rubber,19-04-2024,0.9,Metric Tonnes,18000,Rs./Quintal
Kerala,Pathanamthitta,Kuttoor APMC,Rubber,20-04-2024,0.9,Metric Tonnes,17800,Rs./Quintal
Kerala,Pathanamthitta,Kuttoor APMC,Rubber,22-04-2024,0.9,Metric Tonnes,17800,Rs./Quintal
Kerala,Pathanamthitta,Kuttoor APMC,Rubber,23-04-2024,0.9,Metric Tonnes,18000,Rs./Quintal
Kerala,Pathanamthitta,Kuttoor APMC,Rubber,24-04-2024,0.9,Metric Tonnes,18000,Rs./Quintal
Kerala,Pathanamthitta,Kuttoor APMC,Rubber,26-04-2024,0.9,Metric Tonnes,18000,Rs./Quintal
Kerala,Pathanamthitta,Kuttoor APMC,Rubber,27-04-2024,0.9,Metric Tonnes,18000,Rs./Quintal
Kerala,Pathanamthitta,Kuttoor APMC,Rubber,29-04-2024,0.9,Metric Tonnes,17800,Rs./Quintal
Kerala,Pathanamthitta,Kuttoor APMC,Rubber,02-05-2024,0.9,Metric Tonnes,17850,Rs./Quintal
Kerala,Pathanamthitta,Kuttoor APMC,Rubber,03-05-2024,0.9,Metric Tonnes,17850,Rs./Quintal
Kerala,Pathanamthitta,Kuttoor APMC,Rubber,04-05-2024,0.9,Metric Tonnes,17850,Rs./Quintal
Kerala,Pathanamthitta,Kuttoor APMC,Rubber,06-05-2024,0.9,Metric Tonnes,17850,Rs./Quintal
Kerala,Pathanamthitta,Kuttoor APMC,Rubber,07-05-2024,0.9,Metric Tonnes,17850,Rs./Quintal
Kerala,Pathanamthitta,Kuttoor APMC,Rubber,08-05-2024,0.9,Metric Tonnes,17850,Rs./Quintal
Kerala,Pathanamthitta,Kuttoor APMC,Rubber,09-05-2024,0.9,Metric Tonnes,17850,Rs./Quintal
Kerala,Pathanamthitta,Kuttoor APMC,Rubber,10-05-2024,0.9,Metric Tonnes,17850,Rs./Quintal
Kerala,Pathanamthitta,Kuttoor APMC,Rubber,13-05-2024,0.9,Metric Tonnes,17850,Rs./Quintal
Kerala,Pathanamthitta,Kuttoor APMC,Rubber,14-05-2024,0.9,Metric Tonnes,17850,Rs./Quintal
Kerala,Pathanamthitta,Kuttoor APMC,Rubber,15-05-2024,0.9,Metric Tonnes,17850,Rs./Quintal
Kerala,Pathanamthitta,Kuttoor APMC,Rubber,17-05-2024,0.9,Metric Tonnes,17900,Rs./Quintal
Kerala,Pathanamthitta,Kuttoor APMC,Rubber,18-05-2024,0.9,Metric Tonnes,15950,Rs./Quintal
Kerala,Pathanamthitta,Kuttoor APMC,Rubber,20-05-2024,0.9,Metric Tonnes,17950,Rs./Quintal
Kerala,Pathanamthitta,Kuttoor APMC,Rubber,21-05-2024,0.9,Metric Tonnes,18050,Rs./Quintal
Kerala,Pathanamthitta,Kuttoor APMC,Rubber,23-05-2024,0.9,Metric Tonnes,18200,Rs./Quintal
Kerala,Pathanamthitta,Kuttoor APMC,Rubber,25-05-2024,0.9,Metric Tonnes,18300,Rs./Quintal
Kerala,Pathanamthitta,Kuttoor APMC,Rubber,27-05-2024,0.9,Metric Tonnes,18200,Rs./Quintal
Kerala,Pathanamthitta,Kuttoor APMC,Rubber,28-05-2024,0.9,Metric Tonnes,18200,Rs./Quintal
Kerala,Pathanamthitta,Kuttoor APMC,Rubber,29-05-2024,0.9,Metric Tonnes,18600,Rs./Quintal
Kerala,Pathanamthitta,Kuttoor APMC,Rubber,30-05-2024,0.9,Metric Tonnes,18600,Rs./Quintal
Kerala,Pathanamthitta,Kuttoor APMC,Rubber,01-06-2024,0.9,Metric Tonnes,19000,Rs./Quintal
Kerala,Pathanamthitta,Kuttoor APMC,Rubber,03-06-2024,0.9,Metric Tonnes,19200,Rs./Quintal
Kerala,Pathanamthitta,Kuttoor APMC,Rubber,05-06-2024,0.9,Metric Tonnes,19100,Rs./Quintal
Kerala,Pathanamthitta,Kuttoor APMC,Rubber,06-06-2024,0.9,Metric Tonnes,19200,Rs./Quintal
Kerala,Pathanamthitta,Kuttoor APMC,Rubber,07-06-2024,0.9,Metric Tonnes,19300,Rs./Quintal
Kerala,Pathanamthitta,Kuttoor APMC,Rubber,10-06-2024,0.9,Metric Tonnes,19600,Rs./Quintal
Kerala,Pathanamthitta,Kuttoor APMC,Rubber,11-06-2024,0.9,Metric Tonnes,19700,Rs./Quintal
Kerala,Pathanamthitta,Kuttoor APMC,Rubber,12-06-2024,0.9,Metric Tonnes,19900,Rs./Quintal
Kerala,Pathanamthitta,Kuttoor APMC,Rubber,13-06-2024,0.9,Metric Tonnes,19500,Rs./Quintal
Kerala,Pathanamthitta,Kuttoor APMC,Rubber,14-06-2024,0.9,Metric Tonnes,20100,Rs./Quintal
Kerala,Pathanamthitta,Kuttoor APMC,Rubber,18-06-2024,0.9,Metric Tonnes,20100,Rs./Quintal
Kerala,Pathanamthitta,Kuttoor APMC,Rubber,19-06-2024,0.9,Metric Tonnes,20100,Rs./Quintal
Kerala,Pathanamthitta,Kuttoor APMC,Rubber,20-06-2024,0.9,Metric Tonnes,20100,Rs./Quintal
Kerala,Pathanamthitta,Kuttoor APMC,Rubber,21-06-2024,0.9,Metric Tonnes,20100,Rs./Quintal
Kerala,Pathanamthitta,Kuttoor APMC,Rubber,22-06-2024,0.9,Metric Tonnes,20200,Rs./Quintal
Kerala,Pathanamthitta,Kuttoor APMC,Rubber,24-06-2024,0.9,Metric Tonnes,20200,Rs./Quintal
Kerala,Pathanamthitta,Kuttoor APMC,Rubber,25-06-2024,0.9,Metric Tonnes,20200,Rs./Quintal
Kerala,Pathanamthitta,Kuttoor APMC,Rubber,26-06-2024,0.9,Metric Tonnes,20200,Rs./Quintal
Kerala,Pathanamthitta,Kuttoor APMC,Rubber,27-06-2024,0.9,Metric Tonnes,20300,Rs./Quintal
Kerala,Pathanamthitta,Kuttoor APMC,Rubber,29-06-2024,0.9,Metric Tonnes,20300,Rs./Quintal
Kerala,Pathanamthitta,Kuttoor APMC,Rubber,01-07-2024,0.9,Metric Tonnes,20400,Rs./Quintal
Kerala,Pathanamthitta,Kuttoor APMC,Rubber,02-07-2024,0.9,Metric Tonnes,20300,Rs./Quintal
Kerala,Pathanamthitta,Kuttoor APMC,Rubber,03-07-2024,0.9,Metric Tonnes,20200,Rs./Quintal
Kerala,Pathanamthitta,Kuttoor APMC,Rubber,04-07-2024,0.9,Metric Tonnes,20400,Rs./Quintal
Kerala,Pathanamthitta,Kuttoor APMC,Rubber,05-07-2024,0.9,Metric Tonnes,20400,Rs./Quintal
Kerala,Pathanamthitta,Kuttoor APMC,Rubber,08-07-2024,0.9,Metric Tonnes,20300,Rs./Quintal
Kerala,Pathanamthitta,Kuttoor APMC,Rubber,09-07-2024,0.9,Metric Tonnes,20450,Rs./Quintal
Kerala,Pathanamthitta,Kuttoor APMC,Rubber,10-07-2024,0.9,Metric Tonnes,20450,Rs./Quintal
Kerala,Pathanamthitta,Kuttoor APMC,Rubber,11-07-2024,0.9,Metric Tonnes,20450,Rs./Quintal
Kerala,Pathanamthitta,Kuttoor APMC,Rubber,12-07-2024,0.9,Metric Tonnes,20500,Rs./Quintal
Kerala,Pathanamthitta,Kuttoor APMC,Rubber,15-07-2024,0.9,Metric Tonnes,20450,Rs./Quintal
Kerala,Pathanamthitta,Kuttoor APMC,Rubber,17-07-2024,0.9,Metric Tonnes,20500,Rs./Quintal
Kerala,Pathanamthitta,Kuttoor APMC,Rubber,18-07-2024,0.9,Metric Tonnes,20600,Rs./Quintal
Kerala,Pathanamthitta,Kuttoor APMC,Rubber,19-07-2024,0.9,Metric Tonnes,20700,Rs./Quintal
Kerala,Pathanamthitta,Kuttoor APMC,Rubber,22-07-2024,0.9,Metric Tonnes,20800,Rs./Quintal
Kerala,Pathanamthitta,Kuttoor APMC,Rubber,23-07-2024,0.9,Metric Tonnes,21000,Rs./Quintal
Kerala,Pathanamthitta,Kuttoor APMC,Rubber,24-07-2024,0.9,Metric Tonnes,21100,Rs./Quintal
Kerala,Pathanamthitta,Kuttoor APMC,Rubber,25-07-2024,0.9,Metric Tonnes,21200,Rs./Quintal
Kerala,Pathanamthitta,Kuttoor APMC,Rubber,29-07-2024,0.9,Metric Tonnes,21000,Rs./Quintal
Kerala,Pathanamthitta,Kuttoor APMC,Rubber,30-07-2024,0.9,Metric Tonnes,21000,Rs./Quintal
Kerala,Pathanamthitta,Kuttoor APMC,Rubber,01-08-2024,0.9,Metric Tonnes,21200,Rs./Quintal
Kerala,Pathanamthitta,Kuttoor APMC,Rubber,02-08-2024,0.9,Metric Tonnes,22200,Rs./Quintal
Kerala,Pathanamthitta,Kuttoor APMC,Rubber,05-08-2024,0.9,Metric Tonnes,22800,Rs./Quintal
Kerala,Pathanamthitta,Kuttoor APMC,Rubber,06-08-2024,0.9,Metric Tonnes,23300,Rs./Quintal
Kerala,Pathanamthitta,Kuttoor APMC,Rubber,07-08-2024,0.9,Metric Tonnes,23600,Rs./Quintal
Kerala,Pathanamthitta,Kuttoor APMC,Rubber,08-08-2024,0.9,Metric Tonnes,23900,Rs./Quintal
Kerala,Pathanamthitta,Kuttoor APMC,Rubber,09-08-2024,0.9,Metric Tonnes,24200,Rs./Quintal
Kerala,Pathanamthitta,Kuttoor APMC,Rubber,12-08-2024,0.9,Metric Tonnes,24500,Rs./Quintal
Kerala,Pathanamthitta,Kuttoor APMC,Rubber,13-08-2024,0.9,Metric Tonnes,24400,Rs./Quintal
Kerala,Pathanamthitta,Kuttoor APMC,Rubber,14-08-2024,0.9,Metric Tonnes,24400,Rs./Quintal
Kerala,Pathanamthitta,Kuttoor APMC,Rubber,16-08-2024,0.9,Metric Tonnes,24200,Rs./Quintal
Kerala,Pathanamthitta,Kuttoor APMC,Rubber,17-08-2024,0.9,Metric Tonnes,23700,Rs./Quintal
Kerala,Pathanamthitta,Kuttoor APMC,Rubber,19-08-2024,0.9,Metric Tonnes,24200,Rs./Quintal
Kerala,Pathanamthitta,Kuttoor APMC,Rubber,20-08-2024,0.9,Metric Tonnes,23500,Rs./Quintal
Kerala,Pathanamthitta,Kuttoor APMC,Rubber,21-08-2024,0.9,Metric Tonnes,23200,Rs./Quintal
Kerala,Pathanamthitta,Kuttoor APMC,Rubber,22-08-2024,0.9,Metric Tonnes,23300,Rs./Quintal
Kerala,Pathanamthitta,Kuttoor APMC,Rubber,23-08-2024,0.9,Metric Tonnes,23300,Rs./Quintal
Kerala,Pathanamthitta,Kuttoor APMC,Rubber,24-08-2024,0.9,Metric Tonnes,23300,Rs./Quintal
Kerala,Pathanamthitta,Kuttoor APMC,Rubber,27-08-2024,0.9,Metric Tonnes,23200,Rs./Quintal
Kerala,Pathanamthitta,Kuttoor APMC,Rubber,28-08-2024,0.9,Metric Tonnes,23300,Rs./Quintal
Kerala,Pathanamthitta,Kuttoor APMC,Rubber,29-08-2024,0.9,Metric Tonnes,23300,Rs./Quintal
Kerala,Pathanamthitta,Kuttoor APMC,Rubber,30-08-2024,0.9,Metric Tonnes,23500,Rs./Quintal
Kerala,Pathanamthitta,Kuttoor APMC,Rubber,31-08-2024,0.9,Metric Tonnes,23500,Rs./Quintal
Kerala,Pathanamthitta,Kuttoor APMC,Rubber,02-09-2024,0.9,Metric Tonnes,23800,Rs./Quintal
Kerala,Pathanamthitta,Kuttoor APMC,Rubber,03-09-2024,0.9,Metric Tonnes,23300,Rs./Quintal
Kerala,Pathanamthitta,Kuttoor APMC,Rubber,04-09-2024,0.9,Metric Tonnes,23200,Rs./Quintal
Kerala,Pathanamthitta,Kuttoor APMC,Rubber,05-09-2024,0.9,Metric Tonnes,23000,Rs./Quintal
Kerala,Pathanamthitta,Kuttoor APMC,Rubber,06-09-2024,0.9,Metric Tonnes,22800,Rs./Quintal
Kerala,Pathanamthitta,Kuttoor APMC,Rubber,07-09-2024,0.9,Metric Tonnes,22800,Rs./Quintal
Kerala,Pathanamthitta,Kuttoor APMC,Rubber,09-09-2024,0.9,Metric Tonnes,23000,Rs./Quintal
Kerala,Pathanamthitta,Kuttoor APMC,Rubber,10-09-2024,0.9,Metric Tonnes,22700,Rs./Quintal
Kerala,Pathanamthitta,Kuttoor APMC,Rubber,11-09-2024,0.9,Metric Tonnes,22300,Rs./Quintal
Kerala,Pathanamthitta,Kuttoor APMC,Rubber,12-09-2024,0.9,Metric Tonnes,22700,Rs./Quintal
Kerala,Pathanamthitta,Kuttoor APMC,Rubber,13-09-2024,0.9,Metric Tonnes,22700,Rs./Quintal
Kerala,Pathanamthitta,Kuttoor APMC,Rubber,14-09-2024,0.9,Metric Tonnes,22700,Rs./Quintal
Kerala,Pathanamthitta,Kuttoor APMC,Rubber,18-09-2024,0.9,Metric Tonnes,22700,Rs./Quintal
Kerala,Pathanamthitta,Kuttoor APMC,Rubber,20-09-2024,0.9,Metric Tonnes,22600,Rs./Quintal
Kerala,Pathanamthitta,Kuttoor APMC,Rubber,23-09-2024,0.9,Metric Tonnes,22900,Rs./Quintal
Kerala,Pathanamthitta,Kuttoor APMC,Rubber,24-09-2024,0.9,Metric Tonnes,21900,Rs./Quintal
Kerala,Pathanamthitta,Kuttoor APMC,Rubber,25-09-2024,0.9,Metric Tonnes,22600,Rs./Quintal
Kerala,Pathanamthitta,Kuttoor APMC,Rubber,26-09-2024,0.9,Metric Tonnes,22600,Rs./Quintal
Kerala,Pathanamthitta,Kuttoor APMC,Rubber,27-09-2024,0.9,Metric Tonnes,22500,Rs./Quintal
Kerala,Pathanamthitta,Kuttoor APMC,Rubber,28-09-2024,0.9,Metric Tonnes,24200,Rs./Quintal
Kerala,Pathanamthitta,Kuttoor APMC,Rubber,30-09-2024,0.9,Metric Tonnes,24000,Rs./Quintal
Kerala,Pathanamthitta,Kuttoor APMC,Rubber,01-10-2024,0.9,Metric Tonnes,24200,Rs./Quintal
Kerala,Pathanamthitta,Kuttoor APMC,Rubber,04-10-2024,0.9,Metric Tonnes,21900,Rs./Quintal
Kerala,Pathanamthitta,Kuttoor APMC,Rubber,09-10-2024,0.9,Metric Tonnes,21100,Rs./Quintal
Kerala,Pathanamthitta,Kuttoor APMC,Rubber,10-10-2024,0.9,Metric Tonnes,22700,Rs./Quintal
Kerala,Pathanamthitta,Kuttoor APMC,Rubber,14-10-2024,0.9,Metric Tonnes,20400,Rs./Quintal
Kerala,Pathanamthitta,Kuttoor APMC,Rubber,15-10-2024,0.9,Metric Tonnes,19100,Rs./Quintal
Kerala,Pathanamthitta,Kuttoor APMC,Rubber,16-10-2024,0.9,Metric Tonnes,19540,Rs./Quintal
Kerala,Pathanamthitta,Kuttoor APMC,Rubber,17-10-2024,0.9,Metric Tonnes,19423,Rs./Quintal
Kerala,Pathanamthitta,Kuttoor APMC,Rubber,18-10-2024,0.9,Metric Tonnes,22700,Rs./Quintal
Kerala,Pathanamthitta,Kuttoor APMC,Rubber,21-10-2024,0.9,Metric Tonnes,18500,Rs./Quintal
Kerala,Pathanamthitta,Kuttoor APMC,Rubber,22-10-2024,0.9,Metric Tonnes,18500,Rs./Quintal
Kerala,Pathanamthitta,Kuttoor APMC,Rubber,23-10-2024,0.9,Metric Tonnes,18500,Rs./Quintal
Kerala,Pathanamthitta,Kuttoor APMC,Rubber,24-10-2024,0.9,Metric Tonnes,18500,Rs./Quintal
Kerala,Pathanamthitta,Kuttoor APMC,Rubber,25-10-2024,0.9,Metric Tonnes,17400,Rs./Quintal
Kerala,Pathanamthitta,Kuttoor APMC,Rubber,26-10-2024,0.9,Metric Tonnes,17400,Rs./Quintal
Kerala,Pathanamthitta,Kuttoor APMC,Rubber,28-10-2024,0.9,Metric Tonnes,18800,Rs./Quintal
Kerala,Pathanamthitta,Kuttoor APMC,Rubber,29-10-2024,0.9,Metric Tonnes,16550,Rs./Quintal
Kerala,Pathanamthitta,Kuttoor APMC,Rubber,30-10-2024,0.9,Metric Tonnes,16550,Rs./Quintal
Kerala,Pathanamthitta,Kuttoor APMC,Rubber,01-11-2024,0.9,Metric Tonnes,16350,Rs./Quintal
Kerala,Pathanamthitta,Kuttoor APMC,Rubber,04-11-2024,0.9,Metric Tonnes,22400,Rs./Quintal
Kerala,Pathanamthitta,Kuttoor APMC,Rubber,05-11-2024,0.9,Metric Tonnes,18475,Rs./Quintal
Kerala,Pathanamthitta,Kuttoor APMC,Rubber,07-11-2024,0.9,Metric Tonnes,16350,Rs./Quintal
Kerala,Pathanamthitta,Kuttoor APMC,Rubber,08-11-2024,0.9,Metric Tonnes,15950,Rs./Quintal
Kerala,Pathanamthitta,Kuttoor APMC,Rubber,11-11-2024,0.9,Metric Tonnes,16000,Rs./Quintal
Kerala,Pathanamthitta,Kuttoor APMC,Rubber,12-11-2024,1.3,Metric Tonnes,22700,Rs./Quintal
Kerala,Pathanamthitta,Kuttoor APMC,Rubber,14-11-2024,0.9,Metric Tonnes,17300,Rs./Quintal
Kerala,Pathanamthitta,Kuttoor APMC,Rubber,15-11-2024,0.9,Metric Tonnes,22700,Rs./Quintal
Kerala,Pathanamthitta,Kuttoor APMC,Rubber,16-11-2024,0.9,Metric Tonnes,17100,Rs./Quintal
Kerala,Pathanamthitta,Kuttoor APMC,Rubber,18-11-2024,0.9,Metric Tonnes,16716,Rs./Quintal
Kerala,Pathanamthitta,Kuttoor APMC,Rubber,19-11-2024,0.9,Metric Tonnes,16869,Rs./Quintal
Kerala,Pathanamthitta,Kuttoor APMC,Rubber,20-11-2024,1.3,Metric Tonnes,16869,Rs./Quintal
Kerala,Pathanamthitta,Kuttoor APMC,Rubber,21-11-2024,0.9,Metric Tonnes,16669,Rs./Quintal
Kerala,Pathanamthitta,Kuttoor APMC,Rubber,22-11-2024,0.9,Metric Tonnes,16469,Rs./Quintal
Kerala,Pathanamthitta,Kuttoor APMC,Rubber,23-11-2024,0.9,Metric Tonnes,16869,Rs./Quintal
Kerala,Pathanamthitta,Kuttoor APMC,Rubber,25-11-2024,0.9,Metric Tonnes,16669,Rs./Quintal
Kerala,Pathanamthitta,Kuttoor APMC,Rubber,26-11-2024,0.9,Metric Tonnes,16470,Rs./Quintal
Kerala,Pathanamthitta,Kuttoor APMC,Rubber,27-11-2024,0.9,Metric Tonnes,16590,Rs./Quintal
Kerala,Pathanamthitta,Kuttoor APMC,Rubber,28-11-2024,0.9,Metric Tonnes,16390,Rs./Quintal
Kerala,Pathanamthitta,Kuttoor APMC,Rubber,29-11-2024,0.9,Metric Tonnes,16940,Rs./Quintal
Kerala,Pathanamthitta,Kuttoor APMC,Rubber,03-12-2024,0.9,Metric Tonnes,16750,Rs./Quintal
Kerala,Pathanamthitta,Kuttoor APMC,Rubber,04-12-2024,0.9,Metric Tonnes,17770,Rs./Quintal
Kerala,Pathanamthitta,Kuttoor APMC,Rubber,06-12-2024,0.9,Metric Tonnes,17300,Rs./Quintal
Kerala,Pathanamthitta,Kuttoor APMC,Rubber,11-12-2024,0.9,Metric Tonnes,17970,Rs./Quintal
Kerala,Pathanamthitta,Kuttoor APMC,Rubber,12-12-2024,0.9,Metric Tonnes,17780,Rs./Quintal
Kerala,Pathanamthitta,Kuttoor APMC,Rubber,16-12-2024,0.9,Metric Tonnes,17550,Rs./Quintal
Kerala,Pathanamthitta,Kuttoor APMC,Rubber,17-12-2024,0.9,Metric Tonnes,17350,Rs./Quintal
Kerala,Pathanamthitta,Kuttoor APMC,Rubber,19-12-2024,0.9,Metric Tonnes,17950,Rs./Quintal
Kerala,Pathanamthitta,Kuttoor APMC,Rubber,21-12-2024,0.9,Metric Tonnes,17350,Rs./Quintal
Kerala,Pathanamthitta,Kuttoor APMC,Rubber,23-12-2024,0.9,Metric Tonnes,22700,Rs./Quintal
Kerala,Pathanamthitta,Kuttoor APMC,Rubber,24-12-2024,0.9,Metric Tonnes,18380,Rs./Quintal
Kerala,Pathanamthitta,Kuttoor APMC,Rubber,27-12-2024,0.9,Metric Tonnes,17533,Rs./Quintal
Kerala,Pathanamthitta,Kuttoor APMC,Rubber,31-12-2024,0.9,Metric Tonnes,17600,Rs./Quintal
Kerala,Pathanamthitta,Parakkodu APMC,Rubber,01-01-2024,6,Metric Tonnes,14000,Rs./Quintal
Kerala,Pathanamthitta,Parakkodu APMC,Rubber,04-01-2024,4,Metric Tonnes,18000,Rs./Quintal
Kerala,Pathanamthitta,Parakkodu APMC,Rubber,08-01-2024,6.5,Metric Tonnes,22000,Rs./Quintal
Kerala,Pathanamthitta,Parakkodu APMC,Rubber,11-01-2024,6,Metric Tonnes,22000,Rs./Quintal
Kerala,Pathanamthitta,Parakkodu APMC,Rubber,15-01-2024,5,Metric Tonnes,15800,Rs./Quintal
Kerala,Pathanamthitta,Parakkodu APMC,Rubber,22-01-2024,6,Metric Tonnes,16000,Rs./Quintal
Kerala,Pathanamthitta,Parakkodu APMC,Rubber,25-01-2024,5,Metric Tonnes,13000,Rs./Quintal
Kerala,Pathanamthitta,Parakkodu APMC,Rubber,01-02-2024,7,Metric Tonnes,13000,Rs./Quintal
Kerala,Pathanamthitta,Parakkodu APMC,Rubber,05-02-2024,3,Metric Tonnes,11500,Rs./Quintal
Kerala,Pathanamthitta,Parakkodu APMC,Rubber,08-02-2024,6,Metric Tonnes,11500,Rs./Quintal
Kerala,Pathanamthitta,Parakkodu APMC,Rubber,15-02-2024,5,Metric Tonnes,12600,Rs./Quintal
Kerala,Pathanamthitta,Parakkodu APMC,Rubber,19-02-2024,5,Metric Tonnes,13500,Rs./Quintal
Kerala,Pathanamthitta,Parakkodu APMC,Rubber,26-02-2024,6,Metric Tonnes,12200,Rs./Quintal
Kerala,Pathanamthitta,Parakkodu APMC,Rubber,29-02-2024,5,Metric Tonnes,12200,Rs./Quintal
Kerala,Pathanamthitta,Parakkodu APMC,Rubber,11-03-2024,4,Metric Tonnes,12500,Rs./Quintal
Kerala,Pathanamthitta,Parakkodu APMC,Rubber,14-03-2024,4,Metric Tonnes,12800,Rs./Quintal
Kerala,Pathanamthitta,Parakkodu APMC,Rubber,15-03-2024,5,Metric Tonnes,12400,Rs./Quintal
Kerala,Pathanamthitta,Parakkodu APMC,Rubber,18-03-2024,5,Metric Tonnes,12200,Rs./Quintal
Kerala,Pathanamthitta,Parakkodu APMC,Rubber,21-03-2024,5,Metric Tonnes,13500,Rs./Quintal
Kerala,Pathanamthitta,Parakkodu APMC,Rubber,25-03-2024,4,Metric Tonnes,21500,Rs./Quintal
Kerala,Pathanamthitta,Parakkodu APMC,Rubber,28-03-2024,5,Metric Tonnes,21500,Rs./Quintal
Kerala,Pathanamthitta,Parakkodu APMC,Rubber,01-04-2024,5,Metric Tonnes,21500,Rs./Quintal
Kerala,Pathanamthitta,Parakkodu APMC,Rubber,08-04-2024,5,Metric Tonnes,22500,Rs./Quintal
Kerala,Pathanamthitta,Parakkodu APMC,Rubber,18-04-2024,4,Metric Tonnes,11500,Rs./Quintal
Kerala,Pathanamthitta,Parakkodu APMC,Rubber,22-04-2024,6,Metric Tonnes,14000,Rs./Quintal
Kerala,Pathanamthitta,Parakkodu APMC,Rubber,29-04-2024,3,Metric Tonnes,12200,Rs./Quintal
Kerala,Pathanamthitta,Parakkodu APMC,Rubber,06-05-2024,5,Metric Tonnes,16000,Rs./Quintal
Kerala,Pathanamthitta,Parakkodu APMC,Rubber,13-05-2024,5,Metric Tonnes,21500,Rs./Quintal
Kerala,Pathanamthitta,Parakkodu APMC,Rubber,16-05-2024,6,Metric Tonnes,12800,Rs./Quintal
Kerala,Pathanamthitta,Parakkodu APMC,Rubber,20-05-2024,6,Metric Tonnes,13000,Rs./Quintal
Kerala,Pathanamthitta,Parakkodu APMC,Rubber,23-05-2024,6,Metric Tonnes,23000,Rs./Quintal
Kerala,Pathanamthitta,Parakkodu APMC,Rubber,27-05-2024,5,Metric Tonnes,12200,Rs./Quintal
Kerala,Pathanamthitta,Parakkodu APMC,Rubber,30-05-2024,5,Metric Tonnes,13000,Rs./Quintal
Kerala,Pathanamthitta,Parakkodu APMC,Rubber,06-06-2024,5,Metric Tonnes,22000,Rs./Quintal
Kerala,Pathanamthitta,Parakkodu APMC,Rubber,10-06-2024,5,Metric Tonnes,22000,Rs./Quintal
Kerala,Pathanamthitta,Parakkodu APMC,Rubber,13-06-2024,5,Metric Tonnes,22000,Rs./Quintal
Kerala,Pathanamthitta,Parakkodu APMC,Rubber,17-06-2024,6,Metric Tonnes,16000,Rs./Quintal
Kerala,Pathanamthitta,Parakkodu APMC,Rubber,20-06-2024,4,Metric Tonnes,14200,Rs./Quintal
Kerala,Pathanamthitta,Parakkodu APMC,Rubber,24-06-2024,5,Metric Tonnes,17000,Rs./Quintal
Kerala,Pathanamthitta,Parakkodu APMC,Rubber,01-07-2024,6,Metric Tonnes,16000,Rs./Quintal
Kerala,Pathanamthitta,Parakkodu APMC,Rubber,04-07-2024,8,Metric Tonnes,18500,Rs./Quintal
Kerala,Pathanamthitta,Parakkodu APMC,Rubber,08-07-2024,4,Metric Tonnes,13000,Rs./Quintal
Kerala,Pathanamthitta,Parakkodu APMC,Rubber,15-07-2024,6,Metric Tonnes,21500,Rs./Quintal
Kerala,Pathanamthitta,Parakkodu APMC,Rubber,18-07-2024,5,Metric Tonnes,15800,Rs./Quintal
Kerala,Pathanamthitta,Parakkodu APMC,Rubber,22-07-2024,5,Metric Tonnes,22000,Rs./Quintal
Kerala,Pathanamthitta,Parakkodu APMC,Rubber,29-07-2024,4,Metric Tonnes,15800,Rs./Quintal
Kerala,Pathanamthitta,Parakkodu APMC,Rubber,01-08-2024,5,Metric Tonnes,21500,Rs./Quintal
Kerala,Pathanamthitta,Parakkodu APMC,Rubber,05-08-2024,5,Metric Tonnes,13000,Rs./Quintal
Kerala,Pathanamthitta,Parakkodu APMC,Rubber,08-08-2024,4,Metric Tonnes,25600,Rs./Quintal
Kerala,Pathanamthitta,Parakkodu APMC,Rubber,12-08-2024,5,Metric Tonnes,24500,Rs./Quintal
Kerala,Pathanamthitta,Parakkodu APMC,Rubber,15-08-2024,6,Metric Tonnes,24000,Rs./Quintal
Kerala,Pathanamthitta,Parakkodu APMC,Rubber,19-08-2024,5,Metric Tonnes,24000,Rs./Quintal
Kerala,Pathanamthitta,Parakkodu APMC,Rubber,22-08-2024,6,Metric Tonnes,16500,Rs./Quintal
Kerala,Pathanamthitta,Parakkodu APMC,Rubber,26-08-2024,6,Metric Tonnes,19500,Rs./Quintal
Kerala,Pathanamthitta,Parakkodu APMC,Rubber,29-08-2024,3,Metric Tonnes,14500,Rs./Quintal
Kerala,Pathanamthitta,Parakkodu APMC,Rubber,02-09-2024,5,Metric Tonnes,21500,Rs./Quintal
Kerala,Pathanamthitta,Parakkodu APMC,Rubber,05-09-2024,7,Metric Tonnes,22000,Rs./Quintal
Kerala,Pathanamthitta,Parakkodu APMC,Rubber,19-09-2024,6.9,Metric Tonnes,22000,Rs./Quintal
Kerala,Pathanamthitta,Parakkodu APMC,Rubber,23-09-2024,4,Metric Tonnes,13000,Rs./Quintal
Kerala,Pathanamthitta,Parakkodu APMC,Rubber,26-09-2024,6,Metric Tonnes,22000,Rs./Quintal
Kerala,Pathanamthitta,Parakkodu APMC,Rubber,30-09-2024,5,Metric Tonnes,13500,Rs./Quintal
Kerala,Pathanamthitta,Parakkodu APMC,Rubber,03-10-2024,3,Metric Tonnes,22000,Rs./Quintal
Kerala,Pathanamthitta,Parakkodu APMC,Rubber,10-10-2024,6,Metric Tonnes,14000,Rs./Quintal
Kerala,Pathanamthitta,Parakkodu APMC,Rubber,21-10-2024,6,Metric Tonnes,22000,Rs./Quintal
Kerala,Pathanamthitta,Parakkodu APMC,Rubber,24-10-2024,6,Metric Tonnes,13500,Rs./Quintal
Kerala,Pathanamthitta,Parakkodu APMC,Rubber,28-10-2024,7,Metric Tonnes,21500,Rs./Quintal
Kerala,Pathanamthitta,Parakkodu APMC,Rubber,31-10-2024,6,Metric Tonnes,22000,Rs./Quintal
Kerala,Pathanamthitta,Parakkodu APMC,Rubber,07-11-2024,6,Metric Tonnes,16500,Rs./Quintal
Kerala,Pathanamthitta,Parakkodu APMC,Rubber,11-11-2024,6,Metric Tonnes,16000,Rs./Quintal
Kerala,Pathanamthitta,Parakkodu APMC,Rubber,14-11-2024,6,Metric Tonnes,12500,Rs./Quintal
Kerala,Pathanamthitta,Parakkodu APMC,Rubber,18-11-2024,3,Metric Tonnes,13500,Rs./Quintal
Kerala,Pathanamthitta,Parakkodu APMC,Rubber,21-11-2024,6,Metric Tonnes,17000,Rs./Quintal
Kerala,Pathanamthitta,Parakkodu APMC,Rubber,25-11-2024,5,Metric Tonnes,17000,Rs./Quintal
Kerala,Pathanamthitta,Parakkodu APMC,Rubber,28-11-2024,6,Metric Tonnes,15500,Rs./Quintal
Kerala,Pathanamthitta,Parakkodu APMC,Rubber,02-12-2024,7,Metric Tonnes,16500,Rs./Quintal
Kerala,Pathanamthitta,Parakkodu APMC,Rubber,09-12-2024,6,Metric Tonnes,17000,Rs./Quintal
Kerala,Pathanamthitta,Parakkodu APMC,Rubber,16-12-2024,5,Metric Tonnes,15500,Rs./Quintal
Kerala,Pathanamthitta,Parakkodu APMC,Rubber,19-12-2024,6,Metric Tonnes,13000,Rs./Quintal
Kerala,Pathanamthitta,Parakkodu APMC,Rubber,23-12-2024,6,Metric Tonnes,15500,Rs./Quintal
Kerala,Pathanamthitta,Parakkodu APMC,Rubber,26-12-2024,6,Metric Tonnes,12600,Rs./Quintal
Kerala,Pathanamthitta,Ranniangadi APMC,Rubber,03-01-2024,3,Metric Tonnes,14600,Rs./Quintal
Kerala,Pathanamthitta,Ranniangadi APMC,Rubber,06-01-2024,2.8,Metric Tonnes,14500,Rs./Quintal
Kerala,Pathanamthitta,Ranniangadi APMC,Rubber,13-01-2024,2.9,Metric Tonnes,14350,Rs./Quintal
Kerala,Pathanamthitta,Ranniangadi APMC,Rubber,20-01-2024,2.9,Metric Tonnes,14800,Rs./Quintal
Kerala,Pathanamthitta,Ranniangadi APMC,Rubber,24-01-2024,0.8,Metric Tonnes,14800,Rs./Quintal
Kerala,Pathanamthitta,Ranniangadi APMC,Rubber,31-01-2024,3,Metric Tonnes,15000,Rs./Quintal
Kerala,Pathanamthitta,Ranniangadi APMC,Rubber,03-02-2024,2.8,Metric Tonnes,15150,Rs./Quintal
Kerala,Pathanamthitta,Ranniangadi APMC,Rubber,07-02-2024,2.7,Metric Tonnes,15600,Rs./Quintal
Kerala,Pathanamthitta,Ranniangadi APMC,Rubber,10-02-2024,3,Metric Tonnes,15800,Rs./Quintal
Kerala,Pathanamthitta,Ranniangadi APMC,Rubber,14-02-2024,3,Metric Tonnes,15900,Rs./Quintal
Kerala,Pathanamthitta,Ranniangadi APMC,Rubber,17-02-2024,2.9,Metric Tonnes,15900,Rs./Quintal
Kerala,Pathanamthitta,Ranniangadi APMC,Rubber,21-02-2024,3,Metric Tonnes,16000,Rs./Quintal
Kerala,Pathanamthitta,Ranniangadi APMC,Rubber,24-02-2024,3,Metric Tonnes,16000,Rs./Quintal
Kerala,Pathanamthitta,Ranniangadi APMC,Rubber,28-02-2024,2.8,Metric Tonnes,15900,Rs./Quintal
Kerala,Pathanamthitta,Ranniangadi APMC,Rubber,02-03-2024,2.8,Metric Tonnes,15800,Rs./Quintal
Kerala,Pathanamthitta,Ranniangadi APMC,Rubber,06-03-2024,2.8,Metric Tonnes,15800,Rs./Quintal
Kerala,Pathanamthitta,Ranniangadi APMC,Rubber,09-03-2024,2.9,Metric Tonnes,15900,Rs./Quintal
Kerala,Pathanamthitta,Ranniangadi APMC,Rubber,13-03-2024,2.8,Metric Tonnes,16400,Rs./Quintal
Kerala,Pathanamthitta,Ranniangadi APMC,Rubber,20-03-2024,2.8,Metric Tonnes,16750,Rs./Quintal
Kerala,Pathanamthitta,Ranniangadi APMC,Rubber,30-03-2024,3,Metric Tonnes,16850,Rs./Quintal
Kerala,Pathanamthitta,Ranniangadi APMC,Rubber,06-04-2024,2.9,Metric Tonnes,16800,Rs./Quintal
Kerala,Pathanamthitta,Ranniangadi APMC,Rubber,10-04-2024,3,Metric Tonnes,16800,Rs./Quintal
Kerala,Pathanamthitta,Ranniangadi APMC,Rubber,17-04-2024,2.9,Metric Tonnes,16800,Rs./Quintal
Kerala,Pathanamthitta,Ranniangadi APMC,Rubber,24-04-2024,3,Metric Tonnes,16850,Rs./Quintal
Kerala,Pathanamthitta,Ranniangadi APMC,Rubber,01-05-2024,3,Metric Tonnes,17050,Rs./Quintal
Kerala,Pathanamthitta,Ranniangadi APMC,Rubber,11-05-2024,3,Metric Tonnes,16800,Rs./Quintal
Kerala,Pathanamthitta,Ranniangadi APMC,Rubber,15-05-2024,3,Metric Tonnes,16900,Rs./Quintal
Kerala,Pathanamthitta,Ranniangadi APMC,Rubber,18-05-2024,3,Metric Tonnes,17200,Rs./Quintal
Kerala,Pathanamthitta,Ranniangadi APMC,Rubber,22-05-2024,3,Metric Tonnes,16900,Rs./Quintal
Kerala,Pathanamthitta,Ranniangadi APMC,Rubber,25-05-2024,2.8,Metric Tonnes,16900,Rs./Quintal
Kerala,Pathanamthitta,Ranniangadi APMC,Rubber,29-05-2024,2.8,Metric Tonnes,16900,Rs./Quintal
Kerala,Pathanamthitta,Ranniangadi APMC,Rubber,01-06-2024,3,Metric Tonnes,18000,Rs./Quintal
Kerala,Pathanamthitta,Ranniangadi APMC,Rubber,05-06-2024,3,Metric Tonnes,17600,Rs./Quintal
Kerala,Pathanamthitta,Ranniangadi APMC,Rubber,08-06-2024,2.9,Metric Tonnes,17600,Rs./Quintal
Kerala,Pathanamthitta,Ranniangadi APMC,Rubber,12-06-2024,3,Metric Tonnes,17300,Rs./Quintal
Kerala,Pathanamthitta,Ranniangadi APMC,Rubber,15-06-2024,2.8,Metric Tonnes,19100,Rs./Quintal
Kerala,Pathanamthitta,Ranniangadi APMC,Rubber,19-06-2024,2.8,Metric Tonnes,19400,Rs./Quintal
Kerala,Pathanamthitta,Ranniangadi APMC,Rubber,22-06-2024,2.8,Metric Tonnes,19400,Rs./Quintal
Kerala,Pathanamthitta,Ranniangadi APMC,Rubber,26-06-2024,2.6,Metric Tonnes,19500,Rs./Quintal
Kerala,Pathanamthitta,Ranniangadi APMC,Rubber,03-07-2024,2.9,Metric Tonnes,19600,Rs./Quintal
Kerala,Pathanamthitta,Ranniangadi APMC,Rubber,06-07-2024,2.9,Metric Tonnes,19850,Rs./Quintal
Kerala,Pathanamthitta,Ranniangadi APMC,Rubber,10-07-2024,2.8,Metric Tonnes,19850,Rs./Quintal
Kerala,Pathanamthitta,Ranniangadi APMC,Rubber,13-07-2024,2.7,Metric Tonnes,19800,Rs./Quintal
Kerala,Pathanamthitta,Ranniangadi APMC,Rubber,17-07-2024,1,Metric Tonnes,19800,Rs./Quintal
Kerala,Pathanamthitta,Ranniangadi APMC,Rubber,24-07-2024,2.8,Metric Tonnes,19850,Rs./Quintal
Kerala,Pathanamthitta,Ranniangadi APMC,Rubber,27-07-2024,2.8,Metric Tonnes,20100,Rs./Quintal
Kerala,Pathanamthitta,Ranniangadi APMC,Rubber,31-07-2024,2.9,Metric Tonnes,20000,Rs./Quintal
Kerala,Pathanamthitta,Ranniangadi APMC,Rubber,03-08-2024,3,Metric Tonnes,20000,Rs./Quintal
Kerala,Pathanamthitta,Ranniangadi APMC,Rubber,14-08-2024,3,Metric Tonnes,24000,Rs./Quintal
Kerala,Pathanamthitta,Ranniangadi APMC,Rubber,17-08-2024,2.5,Metric Tonnes,24200,Rs./Quintal
Kerala,Pathanamthitta,Ranniangadi APMC,Rubber,28-08-2024,3,Metric Tonnes,23500,Rs./Quintal
Kerala,Pathanamthitta,Ranniangadi APMC,Rubber,31-08-2024,3,Metric Tonnes,23200,Rs./Quintal
Kerala,Pathanamthitta,Ranniangadi APMC,Rubber,04-09-2024,3,Metric Tonnes,23300,Rs./Quintal
Kerala,Pathanamthitta,Ranniangadi APMC,Rubber,07-09-2024,3,Metric Tonnes,23200,Rs./Quintal
Kerala,Pathanamthitta,Ranniangadi APMC,Rubber,18-09-2024,3,Metric Tonnes,22400,Rs./Quintal
Kerala,Pathanamthitta,Ranniangadi APMC,Rubber,25-09-2024,2.9,Metric Tonnes,22600,Rs./Quintal
Kerala,Pathanamthitta,Ranniangadi APMC,Rubber,28-09-2024,2.7,Metric Tonnes,23200,Rs./Quintal
Kerala,Pathanamthitta,Ranniangadi APMC,Rubber,02-10-2024,2.9,Metric Tonnes,23000,Rs./Quintal
Kerala,Pathanamthitta,Ranniangadi APMC,Rubber,05-10-2024,2.8,Metric Tonnes,21000,Rs./Quintal
Kerala,Pathanamthitta,Ranniangadi APMC,Rubber,09-10-2024,2.9,Metric Tonnes,20600,Rs./Quintal
Kerala,Pathanamthitta,Ranniangadi APMC,Rubber,12-10-2024,2.8,Metric Tonnes,20600,Rs./Quintal
Kerala,Pathanamthitta,Ranniangadi APMC,Rubber,16-10-2024,2.8,Metric Tonnes,19100,Rs./Quintal
Kerala,Pathanamthitta,Ranniangadi APMC,Rubber,19-10-2024,2.5,Metric Tonnes,19200,Rs./Quintal
Kerala,Pathanamthitta,Ranniangadi APMC,Rubber,23-10-2024,2.8,Metric Tonnes,18200,Rs./Quintal
Kerala,Pathanamthitta,Ranniangadi APMC,Rubber,26-10-2024,2.8,Metric Tonnes,17200,Rs./Quintal
Kerala,Pathanamthitta,Ranniangadi APMC,Rubber,06-11-2024,2.9,Metric Tonnes,16600,Rs./Quintal
Kerala,Pathanamthitta,Ranniangadi APMC,Rubber,09-11-2024,2.5,Metric Tonnes,16200,Rs./Quintal
Kerala,Pathanamthitta,Ranniangadi APMC,Rubber,16-11-2024,2.5,Metric Tonnes,15400,Rs./Quintal
Kerala,Pathanamthitta,Ranniangadi APMC,Rubber,23-11-2024,2.9,Metric Tonnes,17100,Rs./Quintal
Kerala,Pathanamthitta,Ranniangadi APMC,Rubber,27-11-2024,2.8,Metric Tonnes,17100,Rs./Quintal
Kerala,Pathanamthitta,Ranniangadi APMC,Rubber,30-11-2024,2.8,Metric Tonnes,18100,Rs./Quintal
Kerala,Pathanamthitta,Ranniangadi APMC,Rubber,04-12-2024,2.8,Metric Tonnes,18100,Rs./Quintal
Kerala,Pathanamthitta,Ranniangadi APMC,Rubber,07-12-2024,2.8,Metric Tonnes,18100,Rs./Quintal
Kerala,Pathanamthitta,Ranniangadi APMC,Rubber,11-12-2024,2.8,Metric Tonnes,18200,Rs./Quintal
Kerala,Pathanamthitta,Ranniangadi APMC,Rubber,14-12-2024,2.8,Metric Tonnes,18200,Rs./Quintal
Kerala,Pathanamthitta,Ranniangadi APMC,Rubber,18-12-2024,2.8,Metric Tonnes,17900,Rs./Quintal
Kerala,Pathanamthitta,Ranniangadi APMC,Rubber,21-12-2024,2.8,Metric Tonnes,18400,Rs./Quintal
Kerala,Pathanamthitta,Ranniangadi APMC,Rubber,25-12-2024,2.8,Metric Tonnes,27850,Rs./Quintal
Kerala,Pathanamthitta,Ranniangadi APMC,Rubber,28-12-2024,2.8,Metric Tonnes,17300,Rs./Quintal
Kerala,Wayanad,Kalpetta APMC,Rubber,01-01-2024,0.06,Metric Tonnes,13900,Rs./Quintal
Kerala,Wayanad,Kalpetta APMC,Rubber,03-01-2024,0.06,Metric Tonnes,14200,Rs./Quintal
Kerala,Wayanad,Kalpetta APMC,Rubber,04-01-2024,0.06,Metric Tonnes,14600,Rs./Quintal
Kerala,Wayanad,Kalpetta APMC,Rubber,05-01-2024,0.06,Metric Tonnes,14600,Rs./Quintal
Kerala,Wayanad,Kalpetta APMC,Rubber,06-01-2024,0.06,Metric Tonnes,14600,Rs./Quintal
Kerala,Wayanad,Kalpetta APMC,Rubber,08-01-2024,0.06,Metric Tonnes,14100,Rs./Quintal
Kerala,Wayanad,Kalpetta APMC,Rubber,09-01-2024,0.06,Metric Tonnes,14100,Rs./Quintal
Kerala,Wayanad,Kalpetta APMC,Rubber,10-01-2024,0.06,Metric Tonnes,14400,Rs./Quintal
Kerala,Wayanad,Kalpetta APMC,Rubber,11-01-2024,0.06,Metric Tonnes,14400,Rs./Quintal
Kerala,Wayanad,Kalpetta APMC,Rubber,12-01-2024,0.06,Metric Tonnes,14500,Rs./Quintal
Kerala,Wayanad,Kalpetta APMC,Rubber,15-01-2024,0.06,Metric Tonnes,14700,Rs./Quintal
Kerala,Wayanad,Kalpetta APMC,Rubber,16-01-2024,0.06,Metric Tonnes,14700,Rs./Quintal
Kerala,Wayanad,Kalpetta APMC,Rubber,17-01-2024,0.06,Metric Tonnes,14700,Rs./Quintal
Kerala,Wayanad,Kalpetta APMC,Rubber,18-01-2024,0.06,Metric Tonnes,14600,Rs./Quintal
Kerala,Wayanad,Kalpetta APMC,Rubber,20-01-2024,0.06,Metric Tonnes,14700,Rs./Quintal
Kerala,Wayanad,Kalpetta APMC,Rubber,21-01-2024,0.06,Metric Tonnes,14700,Rs./Quintal
Kerala,Wayanad,Kalpetta APMC,Rubber,22-01-2024,0.07,Metric Tonnes,14700,Rs./Quintal
Kerala,Wayanad,Kalpetta APMC,Rubber,23-01-2024,0.07,Metric Tonnes,14700,Rs./Quintal
Kerala,Wayanad,Kalpetta APMC,Rubber,24-01-2024,0.07,Metric Tonnes,14700,Rs./Quintal
Kerala,Wayanad,Kalpetta APMC,Rubber,25-01-2024,0.08,Metric Tonnes,14800,Rs./Quintal
Kerala,Wayanad,Kalpetta APMC,Rubber,26-01-2024,0.09,Metric Tonnes,14900,Rs./Quintal
Kerala,Wayanad,Kalpetta APMC,Rubber,27-01-2024,0.09,Metric Tonnes,14900,Rs./Quintal
Kerala,Wayanad,Kalpetta APMC,Rubber,29-01-2024,0.1,Metric Tonnes,14800,Rs./Quintal
Kerala,Wayanad,Kalpetta APMC,Rubber,30-01-2024,0.13,Metric Tonnes,14900,Rs./Quintal
Kerala,Wayanad,Kalpetta APMC,Rubber,31-01-2024,0.15,Metric Tonnes,15000,Rs./Quintal
Kerala,Wayanad,Kalpetta APMC,Rubber,27-02-2024,0.7,Metric Tonnes,15000,Rs./Quintal
Kerala,Wayanad,Kalpetta APMC,Rubber,28-02-2024,0.75,Metric Tonnes,15000,Rs./Quintal
Kerala,Wayanad,Kalpetta APMC,Rubber,29-04-2024,0.9,Metric Tonnes,15900,Rs./Quintal
Kerala,Wayanad,Kalpetta APMC,Rubber,30-04-2024,0.95,Metric Tonnes,16100,Rs./Quintal
Kerala,Wayanad,Kalpetta APMC,Rubber,02-05-2024,0.9,Metric Tonnes,16100,Rs./Quintal
Kerala,Wayanad,Kalpetta APMC,Rubber,03-05-2024,0.8,Metric Tonnes,16300,Rs./Quintal
Kerala,Wayanad,Kalpetta APMC,Rubber,04-05-2024,0.9,Metric Tonnes,16300,Rs./Quintal
Kerala,Wayanad,Kalpetta APMC,Rubber,06-05-2024,0.08,Metric Tonnes,16400,Rs./Quintal
Kerala,Wayanad,Kalpetta APMC,Rubber,07-05-2024,0.9,Metric Tonnes,16300,Rs./Quintal
Kerala,Wayanad,Kalpetta APMC,Rubber,08-05-2024,0.9,Metric Tonnes,16300,Rs./Quintal
Kerala,Wayanad,Kalpetta APMC,Rubber,09-05-2024,0.8,Metric Tonnes,16700,Rs./Quintal
Kerala,Wayanad,Kalpetta APMC,Rubber,10-05-2024,0.9,Metric Tonnes,16600,Rs./Quintal
Kerala,Wayanad,Kalpetta APMC,Rubber,13-05-2024,0.8,Metric Tonnes,16700,Rs./Quintal
Kerala,Wayanad,Kalpetta APMC,Rubber,14-05-2024,0.9,Metric Tonnes,16600,Rs./Quintal
Kerala,Wayanad,Kalpetta APMC,Rubber,15-05-2024,0.8,Metric Tonnes,16700,Rs./Quintal
Kerala,Wayanad,Kalpetta APMC,Rubber,16-05-2024,0.9,Metric Tonnes,16500,Rs./Quintal
Kerala,Wayanad,Kalpetta APMC,Rubber,17-05-2024,1,Metric Tonnes,16600,Rs./Quintal
Kerala,Wayanad,Kalpetta APMC,Rubber,18-05-2024,1.1,Metric Tonnes,16600,Rs./Quintal
Kerala,Wayanad,Kalpetta APMC,Rubber,20-05-2024,1.2,Metric Tonnes,16700,Rs./Quintal
Kerala,Wayanad,Kalpetta APMC,Rubber,21-05-2024,1.3,Metric Tonnes,16700,Rs./Quintal
Kerala,Wayanad,Kalpetta APMC,Rubber,23-05-2024,1.5,Metric Tonnes,16700,Rs./Quintal
Kerala,Wayanad,Kalpetta APMC,Rubber,24-05-2024,1.6,Metric Tonnes,16800,Rs./Quintal
Kerala,Wayanad,Kalpetta APMC,Rubber,25-05-2024,1.5,Metric Tonnes,16700,Rs./Quintal
Kerala,Wayanad,Kalpetta APMC,Rubber,27-05-2024,1.6,Metric Tonnes,16600,Rs./Quintal
Kerala,Wayanad,Kalpetta APMC,Rubber,28-05-2024,1.7,Metric Tonnes,16700,Rs./Quintal
Kerala,Wayanad,Kalpetta APMC,Rubber,29-05-2024,1.8,Metric Tonnes,16800,Rs./Quintal
Kerala,Wayanad,Kalpetta APMC,Rubber,30-05-2024,1.9,Metric Tonnes,16900,Rs./Quintal
Kerala,Wayanad,Kalpetta APMC,Rubber,31-05-2024,2,Metric Tonnes,17000,Rs./Quintal
Kerala,Wayanad,Kalpetta APMC,Rubber,01-06-2024,1.9,Metric Tonnes,17000,Rs./Quintal
Kerala,Wayanad,Kalpetta APMC,Rubber,03-06-2024,2,Metric Tonnes,16900,Rs./Quintal
Kerala,Wayanad,Kalpetta APMC,Rubber,04-06-2024,1.9,Metric Tonnes,16600,Rs./Quintal
Kerala,Wayanad,Kalpetta APMC,Rubber,05-06-2024,2,Metric Tonnes,16500,Rs./Quintal
Kerala,Wayanad,Kalpetta APMC,Rubber,06-06-2024,2.1,Metric Tonnes,16700,Rs./Quintal
Kerala,Wayanad,Kalpetta APMC,Rubber,07-06-2024,2.1,Metric Tonnes,16600,Rs./Quintal
Kerala,Wayanad,Kalpetta APMC,Rubber,10-06-2024,1.9,Metric Tonnes,16900,Rs./Quintal
Kerala,Wayanad,Kalpetta APMC,Rubber,11-06-2024,2,Metric Tonnes,17000,Rs./Quintal
Kerala,Wayanad,Kalpetta APMC,Rubber,12-06-2024,2.2,Metric Tonnes,17100,Rs./Quintal
Kerala,Wayanad,Kalpetta APMC,Rubber,13-06-2024,2.2,Metric Tonnes,17600,Rs./Quintal
Kerala,Wayanad,Kalpetta APMC,Rubber,14-06-2024,2.3,Metric Tonnes,17700,Rs./Quintal
Kerala,Wayanad,Kalpetta APMC,Rubber,15-06-2024,2.4,Metric Tonnes,17800,Rs./Quintal
Kerala,Wayanad,Kalpetta APMC,Rubber,18-06-2024,2.5,Metric Tonnes,18000,Rs./Quintal
Kerala,Wayanad,Kalpetta APMC,Rubber,19-06-2024,2.6,Metric Tonnes,18100,Rs./Quintal
Kerala,Wayanad,Kalpetta APMC,Rubber,20-06-2024,2.7,Metric Tonnes,18200,Rs./Quintal
Kerala,Wayanad,Kalpetta APMC,Rubber,21-06-2024,2.8,Metric Tonnes,18300,Rs./Quintal
Kerala,Wayanad,Kalpetta APMC,Rubber,22-06-2024,2.9,Metric Tonnes,18400,Rs./Quintal
Kerala,Wayanad,Kalpetta APMC,Rubber,24-06-2024,3,Metric Tonnes,18600,Rs./Quintal
Kerala,Wayanad,Kalpetta APMC,Rubber,25-06-2024,3.1,Metric Tonnes,18700,Rs./Quintal
Kerala,Wayanad,Kalpetta APMC,Rubber,26-06-2024,3.2,Metric Tonnes,18800,Rs./Quintal
Kerala,Wayanad,Kalpetta APMC,Rubber,27-06-2024,3.3,Metric Tonnes,18900,Rs./Quintal
Kerala,Wayanad,Kalpetta APMC,Rubber,28-06-2024,3.4,Metric Tonnes,19000,Rs./Quintal
Kerala,Wayanad,Kalpetta APMC,Rubber,01-07-2024,3.5,Metric Tonnes,18800,Rs./Quintal
Kerala,Wayanad,Kalpetta APMC,Rubber,02-07-2024,3.5,Metric Tonnes,18800,Rs./Quintal
Kerala,Wayanad,Kalpetta APMC,Rubber,03-07-2024,3.6,Metric Tonnes,19000,Rs./Quintal
Kerala,Wayanad,Kalpetta APMC,Rubber,04-07-2024,3.7,Metric Tonnes,19000,Rs./Quintal
Kerala,Wayanad,Kalpetta APMC,Rubber,05-07-2024,3.8,Metric Tonnes,19000,Rs./Quintal
Kerala,Wayanad,Kalpetta APMC,Rubber,06-07-2024,3.9,Metric Tonnes,19100,Rs./Quintal
Kerala,Wayanad,Kalpetta APMC,Rubber,08-07-2024,3.8,Metric Tonnes,19000,Rs./Quintal
Kerala,Wayanad,Kalpetta APMC,Rubber,09-07-2024,3.9,Metric Tonnes,19100,Rs./Quintal
Kerala,Wayanad,Kalpetta APMC,Rubber,10-07-2024,4,Metric Tonnes,19100,Rs./Quintal
Kerala,Wayanad,Kalpetta APMC,Rubber,11-07-2024,3.9,Metric Tonnes,19100,Rs./Quintal
Kerala,Wayanad,Kalpetta APMC,Rubber,12-07-2024,4,Metric Tonnes,19100,Rs./Quintal
Kerala,Wayanad,Kalpetta APMC,Rubber,15-07-2024,4.1,Metric Tonnes,19300,Rs./Quintal
Kerala,Wayanad,Kalpetta APMC,Rubber,17-07-2024,4.2,Metric Tonnes,19200,Rs./Quintal
Kerala,Wayanad,Kalpetta APMC,Rubber,18-07-2024,4.3,Metric Tonnes,19000,Rs./Quintal
Kerala,Wayanad,Kalpetta APMC,Rubber,19-07-2024,4.4,Metric Tonnes,19000,Rs./Quintal
Kerala,Wayanad,Kalpetta APMC,Rubber,20-07-2024,4.5,Metric Tonnes,18900,Rs./Quintal
Kerala,Wayanad,Kalpetta APMC,Rubber,22-07-2024,4.5,Metric Tonnes,19000,Rs./Quintal
Kerala,Wayanad,Kalpetta APMC,Rubber,23-07-2024,4.6,Metric Tonnes,19000,Rs./Quintal
Kerala,Wayanad,Kalpetta APMC,Rubber,24-07-2024,4.7,Metric Tonnes,19300,Rs./Quintal
Kerala,Wayanad,Kalpetta APMC,Rubber,25-07-2024,4.8,Metric Tonnes,19300,Rs./Quintal
Kerala,Wayanad,Kalpetta APMC,Rubber,26-07-2024,4.9,Metric Tonnes,19500,Rs./Quintal
Kerala,Wayanad,Kalpetta APMC,Rubber,27-07-2024,5,Metric Tonnes,19500,Rs./Quintal
Kerala,Wayanad,Kalpetta APMC,Rubber,29-07-2024,5.1,Metric Tonnes,19500,Rs./Quintal
Kerala,Wayanad,Kalpetta APMC,Rubber,31-07-2024,5,Metric Tonnes,19500,Rs./Quintal
Kerala,Wayanad,Kalpetta APMC,Rubber,01-08-2024,5.1,Metric Tonnes,19500,Rs./Quintal
Kerala,Wayanad,Kalpetta APMC,Rubber,02-08-2024,5.2,Metric Tonnes,19600,Rs./Quintal
Kerala,Wayanad,Kalpetta APMC,Rubber,05-08-2024,5.3,Metric Tonnes,19500,Rs./Quintal
Kerala,Wayanad,Kalpetta APMC,Rubber,06-08-2024,5.4,Metric Tonnes,19700,Rs./Quintal
Kerala,Wayanad,Kalpetta APMC,Rubber,07-08-2024,5.5,Metric Tonnes,19700,Rs./Quintal
Kerala,Wayanad,Kalpetta APMC,Rubber,08-08-2024,5.7,Metric Tonnes,19800,Rs./Quintal
Kerala,Wayanad,Kalpetta APMC,Rubber,09-08-2024,5.6,Metric Tonnes,20000,Rs./Quintal
Kerala,Wayanad,Kalpetta APMC,Rubber,10-08-2024,5.6,Metric Tonnes,20000,Rs./Quintal
Kerala,Wayanad,Kalpetta APMC,Rubber,12-08-2024,5.4,Metric Tonnes,21000,Rs./Quintal
Kerala,Wayanad,Kalpetta APMC,Rubber,13-08-2024,5.6,Metric Tonnes,21400,Rs./Quintal
Kerala,Wayanad,Kalpetta APMC,Rubber,14-08-2024,5.5,Metric Tonnes,21900,Rs./Quintal
Kerala,Wayanad,Kalpetta APMC,Rubber,16-08-2024,5.7,Metric Tonnes,22000,Rs./Quintal
Kerala,Wayanad,Kalpetta APMC,Rubber,17-08-2024,5.8,Metric Tonnes,22100,Rs./Quintal
Kerala,Wayanad,Kalpetta APMC,Rubber,19-08-2024,5.9,Metric Tonnes,23000,Rs./Quintal
Kerala,Wayanad,Kalpetta APMC,Rubber,21-08-2024,6,Metric Tonnes,22400,Rs./Quintal
Kerala,Wayanad,Kalpetta APMC,Rubber,22-08-2024,6.1,Metric Tonnes,22300,Rs./Quintal
Kerala,Wayanad,Kalpetta APMC,Rubber,23-08-2024,6.2,Metric Tonnes,22400,Rs./Quintal
Kerala,Wayanad,Kalpetta APMC,Rubber,24-08-2024,6.4,Metric Tonnes,22400,Rs./Quintal
Kerala,Wayanad,Kalpetta APMC,Rubber,27-08-2024,6.6,Metric Tonnes,22500,Rs./Quintal
Kerala,Wayanad,Kalpetta APMC,Rubber,29-08-2024,6.8,Metric Tonnes,22700,Rs./Quintal
Kerala,Wayanad,Kalpetta APMC,Rubber,30-08-2024,6.9,Metric Tonnes,22400,Rs./Quintal
Kerala,Wayanad,Kalpetta APMC,Rubber,31-08-2024,7,Metric Tonnes,22300,Rs./Quintal
Kerala,Wayanad,Kalpetta APMC,Rubber,02-09-2024,7.1,Metric Tonnes,21800,Rs./Quintal
Kerala,Wayanad,Kalpetta APMC,Rubber,03-09-2024,7.2,Metric Tonnes,21700,Rs./Quintal
Kerala,Wayanad,Kalpetta APMC,Rubber,04-09-2024,7.4,Metric Tonnes,21600,Rs./Quintal
Kerala,Wayanad,Kalpetta APMC,Rubber,05-09-2024,7.8,Metric Tonnes,21500,Rs./Quintal
Kerala,Wayanad,Kalpetta APMC,Rubber,06-09-2024,7.9,Metric Tonnes,21600,Rs./Quintal
Kerala,Wayanad,Kalpetta APMC,Rubber,07-09-2024,8,Metric Tonnes,21600,Rs./Quintal
Kerala,Wayanad,Kalpetta APMC,Rubber,09-09-2024,8.2,Metric Tonnes,21500,Rs./Quintal
Kerala,Wayanad,Kalpetta APMC,Rubber,10-09-2024,8.3,Metric Tonnes,21500,Rs./Quintal
Kerala,Wayanad,Kalpetta APMC,Rubber,11-09-2024,8.4,Metric Tonnes,21500,Rs./Quintal
Kerala,Wayanad,Kalpetta APMC,Rubber,12-09-2024,8.5,Metric Tonnes,21600,Rs./Quintal
Kerala,Wayanad,Kalpetta APMC,Rubber,13-09-2024,8.7,Metric Tonnes,21700,Rs./Quintal
Kerala,Wayanad,Kalpetta APMC,Rubber,17-09-2024,8.5,Metric Tonnes,21700,Rs./Quintal
Kerala,Wayanad,Kalpetta APMC,Rubber,18-09-2024,8.5,Metric Tonnes,21800,Rs./Quintal
Kerala,Wayanad,Kalpetta APMC,Rubber,19-09-2024,8.9,Metric Tonnes,21900,Rs./Quintal
Kerala,Wayanad,Kalpetta APMC,Rubber,20-09-2024,9,Metric Tonnes,22000,Rs./Quintal
Kerala,Wayanad,Kalpetta APMC,Rubber,21-09-2024,10,Metric Tonnes,22200,Rs./Quintal
Kerala,Wayanad,Kalpetta APMC,Rubber,23-09-2024,9.5,Metric Tonnes,22000,Rs./Quintal
Kerala,Wayanad,Kalpetta APMC,Rubber,24-09-2024,9,Metric Tonnes,21700,Rs./Quintal
Kerala,Wayanad,Kalpetta APMC,Rubber,25-09-2024,8.5,Metric Tonnes,21800,Rs./Quintal
Kerala,Wayanad,Kalpetta APMC,Rubber,26-09-2024,9,Metric Tonnes,22000,Rs./Quintal
Kerala,Wayanad,Kalpetta APMC,Rubber,27-09-2024,9.5,Metric Tonnes,21600,Rs./Quintal
Kerala,Wayanad,Kalpetta APMC,Rubber,28-09-2024,9,Metric Tonnes,21400,Rs./Quintal
Kerala,Wayanad,Kalpetta APMC,Rubber,30-09-2024,8.5,Metric Tonnes,21600,Rs./Quintal
Kerala,Wayanad,Kalpetta APMC,Rubber,01-10-2024,9,Metric Tonnes,21600,Rs./Quintal
Kerala,Wayanad,Kalpetta APMC,Rubber,03-10-2024,9.5,Metric Tonnes,21700,Rs./Quintal
Kerala,Wayanad,Kalpetta APMC,Rubber,04-10-2024,9.5,Metric Tonnes,21800,Rs./Quintal
Kerala,Wayanad,Kalpetta APMC,Rubber,05-10-2024,9.8,Metric Tonnes,21800,Rs./Quintal
Kerala,Wayanad,Kalpetta APMC,Rubber,07-10-2024,10,Metric Tonnes,21500,Rs./Quintal
Kerala,Wayanad,Kalpetta APMC,Rubber,08-10-2024,11,Metric Tonnes,21600,Rs./Quintal
Kerala,Wayanad,Kalpetta APMC,Rubber,09-10-2024,11,Metric Tonnes,21300,Rs./Quintal
Kerala,Wayanad,Kalpetta APMC,Rubber,10-10-2024,11.5,Metric Tonnes,19800,Rs./Quintal
Kerala,Wayanad,Kalpetta APMC,Rubber,14-10-2024,12,Metric Tonnes,19300,Rs./Quintal
Kerala,Wayanad,Kalpetta APMC,Rubber,15-10-2024,12.5,Metric Tonnes,19100,Rs./Quintal
Kerala,Wayanad,Kalpetta APMC,Rubber,16-10-2024,12.5,Metric Tonnes,19100,Rs./Quintal
Kerala,Wayanad,Kalpetta APMC,Rubber,17-10-2024,13,Metric Tonnes,19000,Rs./Quintal
Kerala,Wayanad,Kalpetta APMC,Rubber,18-10-2024,12.5,Metric Tonnes,18300,Rs./Quintal
Kerala,Wayanad,Kalpetta APMC,Rubber,19-10-2024,12,Metric Tonnes,17900,Rs./Quintal
Kerala,Wayanad,Kalpetta APMC,Rubber,21-10-2024,12.5,Metric Tonnes,17600,Rs./Quintal
Kerala,Wayanad,Kalpetta APMC,Rubber,22-10-2024,12.3,Metric Tonnes,17300,Rs./Quintal
Kerala,Wayanad,Kalpetta APMC,Rubber,23-10-2024,12.5,Metric Tonnes,17200,Rs./Quintal
Kerala,Wayanad,Kalpetta APMC,Rubber,24-10-2024,13,Metric Tonnes,17000,Rs./Quintal
Kerala,Wayanad,Kalpetta APMC,Rubber,25-10-2024,12.5,Metric Tonnes,16600,Rs./Quintal
Kerala,Wayanad,Kalpetta APMC,Rubber,26-10-2024,12.3,Metric Tonnes,16500,Rs./Quintal
Kerala,Wayanad,Kalpetta APMC,Rubber,28-10-2024,12.2,Metric Tonnes,16600,Rs./Quintal
Kerala,Wayanad,Kalpetta APMC,Rubber,29-10-2024,12.1,Metric Tonnes,16400,Rs./Quintal
Kerala,Wayanad,Kalpetta APMC,Rubber,30-10-2024,12,Metric Tonnes,16400,Rs./Quintal
Kerala,Wayanad,Kalpetta APMC,Rubber,01-11-2024,12.5,Metric Tonnes,16500,Rs./Quintal
Kerala,Wayanad,Kalpetta APMC,Rubber,02-11-2024,12.6,Metric Tonnes,16500,Rs./Quintal
Kerala,Wayanad,Kalpetta APMC,Rubber,04-11-2024,12.5,Metric Tonnes,16400,Rs./Quintal
Kerala,Wayanad,Kalpetta APMC,Rubber,05-11-2024,12.3,Metric Tonnes,16300,Rs./Quintal
Kerala,Wayanad,Kalpetta APMC,Rubber,06-11-2024,12.4,Metric Tonnes,16500,Rs./Quintal
Kerala,Wayanad,Kalpetta APMC,Rubber,07-11-2024,12.5,Metric Tonnes,16400,Rs./Quintal
Kerala,Wayanad,Kalpetta APMC,Rubber,08-11-2024,12.4,Metric Tonnes,16500,Rs./Quintal
Kerala,Wayanad,Kalpetta APMC,Rubber,11-11-2024,12.5,Metric Tonnes,16600,Rs./Quintal
Kerala,Wayanad,Kalpetta APMC,Rubber,12-11-2024,12.3,Metric Tonnes,16700,Rs./Quintal
Kerala,Wayanad,Kalpetta APMC,Rubber,13-11-2024,12,Metric Tonnes,16800,Rs./Quintal
Kerala,Wayanad,Kalpetta APMC,Rubber,14-11-2024,12.1,Metric Tonnes,16800,Rs./Quintal
Kerala,Wayanad,Kalpetta APMC,Rubber,15-11-2024,12,Metric Tonnes,16800,Rs./Quintal
Kerala,Wayanad,Kalpetta APMC,Rubber,16-11-2024,11.8,Metric Tonnes,16800,Rs./Quintal
Kerala,Wayanad,Kalpetta APMC,Rubber,18-11-2024,11.5,Metric Tonnes,16800,Rs./Quintal
Kerala,Wayanad,Kalpetta APMC,Rubber,19-11-2024,11.5,Metric Tonnes,16900,Rs./Quintal
Kerala,Wayanad,Kalpetta APMC,Rubber,20-11-2024,11.3,Metric Tonnes,16800,Rs./Quintal
Kerala,Wayanad,Kalpetta APMC,Rubber,21-11-2024,11.2,Metric Tonnes,16800,Rs./Quintal
Kerala,Wayanad,Kalpetta APMC,Rubber,22-11-2024,11.4,Metric Tonnes,16900,Rs./Quintal
Kerala,Wayanad,Kalpetta APMC,Rubber,23-11-2024,11.5,Metric Tonnes,17000,Rs./Quintal
Kerala,Wayanad,Kalpetta APMC,Rubber,25-11-2024,11.8,Metric Tonnes,17000,Rs./Quintal
Kerala,Wayanad,Kalpetta APMC,Rubber,26-11-2024,11.5,Metric Tonnes,17100,Rs./Quintal
Kerala,Wayanad,Kalpetta APMC,Rubber,27-11-2024,12.8,Metric Tonnes,17100,Rs./Quintal
Kerala,Wayanad,Kalpetta APMC,Rubber,28-11-2024,12,Metric Tonnes,17100,Rs./Quintal
Kerala,Wayanad,Kalpetta APMC,Rubber,29-11-2024,12.1,Metric Tonnes,17000,Rs./Quintal
Kerala,Wayanad,Kalpetta APMC,Rubber,30-11-2024,12,Metric Tonnes,17000,Rs./Quintal
Kerala,Wayanad,Kalpetta APMC,Rubber,02-12-2024,12.1,Metric Tonnes,17000,Rs./Quintal
Kerala,Wayanad,Kalpetta APMC,Rubber,03-12-2024,11.8,Metric Tonnes,17100,Rs./Quintal
Kerala,Wayanad,Kalpetta APMC,Rubber,04-12-2024,11.5,Metric Tonnes,17200,Rs./Quintal
Kerala,Wayanad,Kalpetta APMC,Rubber,05-12-2024,12.5,Metric Tonnes,17500,Rs./Quintal
Kerala,Wayanad,Kalpetta APMC,Rubber,06-12-2024,12.1,Metric Tonnes,17800,Rs./Quintal
Kerala,Wayanad,Kalpetta APMC,Rubber,07-12-2024,12,Metric Tonnes,17800,Rs./Quintal
Kerala,Wayanad,Kalpetta APMC,Rubber,09-12-2024,12.5,Metric Tonnes,17900,Rs./Quintal
Kerala,Wayanad,Kalpetta APMC,Rubber,10-12-2024,12.6,Metric Tonnes,18000,Rs./Quintal
Kerala,Wayanad,Kalpetta APMC,Rubber,11-12-2024,12.7,Metric Tonnes,18000,Rs./Quintal
Kerala,Wayanad,Kalpetta APMC,Rubber,12-12-2024,12.8,Metric Tonnes,17900,Rs./Quintal
Kerala,Wayanad,Kalpetta APMC,Rubber,13-12-2024,12.9,Metric Tonnes,17500,Rs./Quintal
Kerala,Wayanad,Kalpetta APMC,Rubber,16-12-2024,13,Metric Tonnes,17400,Rs./Quintal
Kerala,Wayanad,Kalpetta APMC,Rubber,17-12-2024,13.1,Metric Tonnes,17300,Rs./Quintal
Kerala,Wayanad,Kalpetta APMC,Rubber,18-12-2024,13.2,Metric Tonnes,17500,Rs./Quintal
Kerala,Wayanad,Kalpetta APMC,Rubber,19-12-2024,13.4,Metric Tonnes,17500,Rs./Quintal
Kerala,Wayanad,Kalpetta APMC,Rubber,20-12-2024,13.2,Metric Tonnes,17500,Rs./Quintal
Kerala,Wayanad,Kalpetta APMC,Rubber,21-12-2024,13.4,Metric Tonnes,17400,Rs./Quintal
Kerala,Wayanad,Kalpetta APMC,Rubber,23-12-2024,14,Metric Tonnes,17400,Rs./Quintal
Kerala,Wayanad,Kalpetta APMC,Rubber,24-12-2024,14.1,Metric Tonnes,17200,Rs./Quintal
Kerala,Wayanad,Kalpetta APMC,Rubber,26-12-2024,13.8,Metric Tonnes,17100,Rs./Quintal
Kerala,Wayanad,Kalpetta APMC,Rubber,27-12-2024,14,Metric Tonnes,17000,Rs./Quintal
Kerala,Wayanad,Kalpetta APMC,Rubber,28-12-2024,14.1,Metric Tonnes,17400,Rs./Quintal
Kerala,Wayanad,Kalpetta APMC,Rubber,30-12-2024,14.2,Metric Tonnes,17300,Rs./Quintal
Kerala,Wayanad,Kalpetta APMC,Rubber,31-12-2024,14.5,Metric Tonnes,17400,Rs./Quintal
Kerala,Wayanad,Manathavady APMC,Rubber,02-01-2024,0.96,Metric Tonnes,14200,Rs./Quintal
Kerala,Wayanad,Manathavady APMC,Rubber,03-01-2024,0.98,Metric Tonnes,14200,Rs./Quintal
Kerala,Wayanad,Manathavady APMC,Rubber,04-01-2024,0.98,Metric Tonnes,14400,Rs./Quintal
Kerala,Wayanad,Manathavady APMC,Rubber,05-01-2024,0.76,Metric Tonnes,14400,Rs./Quintal
Kerala,Wayanad,Manathavady APMC,Rubber,08-01-2024,1.4,Metric Tonnes,14300,Rs./Quintal
Kerala,Wayanad,Manathavady APMC,Rubber,09-01-2024,0.96,Metric Tonnes,14200,Rs./Quintal
Kerala,Wayanad,Manathavady APMC,Rubber,10-01-2024,0.86,Metric Tonnes,14200,Rs./Quintal
Kerala,Wayanad,Manathavady APMC,Rubber,11-01-2024,0.87,Metric Tonnes,14200,Rs./Quintal
Kerala,Wayanad,Manathavady APMC,Rubber,12-01-2024,1.2,Metric Tonnes,14400,Rs./Quintal
Kerala,Wayanad,Manathavady APMC,Rubber,13-01-2024,0.97,Metric Tonnes,14400,Rs./Quintal
Kerala,Wayanad,Manathavady APMC,Rubber,15-01-2024,0.98,Metric Tonnes,14500,Rs./Quintal
Kerala,Wayanad,Manathavady APMC,Rubber,16-01-2024,0.9,Metric Tonnes,14400,Rs./Quintal
Kerala,Wayanad,Manathavady APMC,Rubber,17-01-2024,0.98,Metric Tonnes,14600,Rs./Quintal
Kerala,Wayanad,Manathavady APMC,Rubber,18-01-2024,0.98,Metric Tonnes,14400,Rs./Quintal
Kerala,Wayanad,Manathavady APMC,Rubber,19-01-2024,0.9,Metric Tonnes,14400,Rs./Quintal
Kerala,Wayanad,Manathavady APMC,Rubber,20-01-2024,0.85,Metric Tonnes,14600,Rs./Quintal
Kerala,Wayanad,Manathavady APMC,Rubber,22-01-2024,0.87,Metric Tonnes,14800,Rs./Quintal
Kerala,Wayanad,Manathavady APMC,Rubber,26-01-2024,0.96,Metric Tonnes,14700,Rs./Quintal
Kerala,Wayanad,Manathavady APMC,Rubber,27-01-2024,0.8,Metric Tonnes,14900,Rs./Quintal
Kerala,Wayanad,Manathavady APMC,Rubber,28-01-2024,0.87,Metric Tonnes,14800,Rs./Quintal
Kerala,Wayanad,Manathavady APMC,Rubber,29-01-2024,1,Metric Tonnes,14800,Rs./Quintal
Kerala,Wayanad,Manathavady APMC,Rubber,30-01-2024,0.98,Metric Tonnes,14800,Rs./Quintal
Kerala,Wayanad,Manathavady APMC,Rubber,31-01-2024,1,Metric Tonnes,14800,Rs./Quintal
Kerala,Wayanad,Manathavady APMC,Rubber,01-02-2024,0.87,Metric Tonnes,14700,Rs./Quintal
Kerala,Wayanad,Manathavady APMC,Rubber,02-02-2024,0.87,Metric Tonnes,14900,Rs./Quintal
Kerala,Wayanad,Manathavady APMC,Rubber,03-02-2024,0.96,Metric Tonnes,14800,Rs./Quintal
Kerala,Wayanad,Manathavady APMC,Rubber,05-02-2024,0.96,Metric Tonnes,14700,Rs./Quintal
Kerala,Wayanad,Manathavady APMC,Rubber,06-02-2024,0.98,Metric Tonnes,15000,Rs./Quintal
Kerala,Wayanad,Manathavady APMC,Rubber,07-02-2024,0.9,Metric Tonnes,15000,Rs./Quintal
Kerala,Wayanad,Manathavady APMC,Rubber,08-02-2024,0.98,Metric Tonnes,15200,Rs./Quintal
Kerala,Wayanad,Manathavady APMC,Rubber,09-02-2024,0.85,Metric Tonnes,15200,Rs./Quintal
Kerala,Wayanad,Manathavady APMC,Rubber,10-02-2024,0.98,Metric Tonnes,15000,Rs./Quintal
Kerala,Wayanad,Manathavady APMC,Rubber,11-02-2024,0.98,Metric Tonnes,15000,Rs./Quintal
Kerala,Wayanad,Manathavady APMC,Rubber,12-02-2024,0.98,Metric Tonnes,14800,Rs./Quintal
Kerala,Wayanad,Manathavady APMC,Rubber,16-02-2024,0.87,Metric Tonnes,14600,Rs./Quintal
Kerala,Wayanad,Manathavady APMC,Rubber,18-02-2024,0.98,Metric Tonnes,14600,Rs./Quintal
Kerala,Wayanad,Manathavady APMC,Rubber,19-02-2024,0.98,Metric Tonnes,15100,Rs./Quintal
Kerala,Wayanad,Manathavady APMC,Rubber,20-02-2024,0.96,Metric Tonnes,14900,Rs./Quintal
Kerala,Wayanad,Manathavady APMC,Rubber,21-02-2024,0.97,Metric Tonnes,14800,Rs./Quintal
Kerala,Wayanad,Manathavady APMC,Rubber,22-02-2024,1.2,Metric Tonnes,14900,Rs./Quintal
Kerala,Wayanad,Manathavady APMC,Rubber,23-02-2024,0.98,Metric Tonnes,14700,Rs./Quintal
Kerala,Wayanad,Manathavady APMC,Rubber,24-02-2024,0.89,Metric Tonnes,14800,Rs./Quintal
Kerala,Wayanad,Manathavady APMC,Rubber,25-02-2024,0.87,Metric Tonnes,14800,Rs./Quintal
Kerala,Wayanad,Manathavady APMC,Rubber,26-02-2024,0.98,Metric Tonnes,14800,Rs./Quintal
Kerala,Wayanad,Manathavady APMC,Rubber,27-02-2024,0.96,Metric Tonnes,14700,Rs./Quintal
Kerala,Wayanad,Manathavady APMC,Rubber,28-02-2024,0.98,Metric Tonnes,15000,Rs./Quintal
Kerala,Wayanad,Manathavady APMC,Rubber,01-03-2024,0.97,Metric Tonnes,15300,Rs./Quintal
Kerala,Wayanad,Manathavady APMC,Rubber,04-03-2024,0.99,Metric Tonnes,15300,Rs./Quintal
Kerala,Wayanad,Manathavady APMC,Rubber,05-03-2024,0.97,Metric Tonnes,15100,Rs./Quintal
Kerala,Wayanad,Manathavady APMC,Rubber,06-03-2024,0.9,Metric Tonnes,15200,Rs./Quintal
Kerala,Wayanad,Manathavady APMC,Rubber,08-03-2024,0.97,Metric Tonnes,15200,Rs./Quintal
Kerala,Wayanad,Manathavady APMC,Rubber,09-03-2024,1,Metric Tonnes,15200,Rs./Quintal
Kerala,Wayanad,Manathavady APMC,Rubber,12-03-2024,1.1,Metric Tonnes,15000,Rs./Quintal
Kerala,Wayanad,Manathavady APMC,Rubber,13-03-2024,0.95,Metric Tonnes,15100,Rs./Quintal
Kerala,Wayanad,Manathavady APMC,Rubber,16-03-2024,0.95,Metric Tonnes,15400,Rs./Quintal
Kerala,Wayanad,Manathavady APMC,Rubber,17-03-2024,0.97,Metric Tonnes,15700,Rs./Quintal
Kerala,Wayanad,Manathavady APMC,Rubber,18-03-2024,0.99,Metric Tonnes,15800,Rs./Quintal
Kerala,Wayanad,Manathavady APMC,Rubber,19-03-2024,1.6,Metric Tonnes,16700,Rs./Quintal
Kerala,Wayanad,Manathavady APMC,Rubber,20-03-2024,0.98,Metric Tonnes,16500,Rs./Quintal
Kerala,Wayanad,Manathavady APMC,Rubber,21-03-2024,0.98,Metric Tonnes,16700,Rs./Quintal
Kerala,Wayanad,Manathavady APMC,Rubber,22-03-2024,0.98,Metric Tonnes,16800,Rs./Quintal
Kerala,Wayanad,Manathavady APMC,Rubber,23-03-2024,1.3,Metric Tonnes,16500,Rs./Quintal
Kerala,Wayanad,Manathavady APMC,Rubber,24-03-2024,1.6,Metric Tonnes,16500,Rs./Quintal
Kerala,Wayanad,Manathavady APMC,Rubber,25-03-2024,1.7,Metric Tonnes,16500,Rs./Quintal
Kerala,Wayanad,Manathavady APMC,Rubber,26-03-2024,0.98,Metric Tonnes,16800,Rs./Quintal
Kerala,Wayanad,Manathavady APMC,Rubber,27-03-2024,1.2,Metric Tonnes,16600,Rs./Quintal
Kerala,Wayanad,Manathavady APMC,Rubber,29-03-2024,1.9,Metric Tonnes,16600,Rs./Quintal
Kerala,Wayanad,Manathavady APMC,Rubber,30-03-2024,1.2,Metric Tonnes,16700,Rs./Quintal
Kerala,Wayanad,Manathavady APMC,Rubber,03-04-2024,2,Metric Tonnes,16700,Rs./Quintal
Kerala,Wayanad,Manathavady APMC,Rubber,04-04-2024,1.3,Metric Tonnes,16700,Rs./Quintal
Kerala,Wayanad,Manathavady APMC,Rubber,05-04-2024,1.7,Metric Tonnes,16700,Rs./Quintal
Kerala,Wayanad,Manathavady APMC,Rubber,10-04-2024,1.3,Metric Tonnes,16600,Rs./Quintal
Kerala,Wayanad,Manathavady APMC,Rubber,11-04-2024,1.3,Metric Tonnes,16700,Rs./Quintal
Kerala,Wayanad,Manathavady APMC,Rubber,15-04-2024,1.3,Metric Tonnes,15800,Rs./Quintal
Kerala,Wayanad,Manathavady APMC,Rubber,16-04-2024,1.6,Metric Tonnes,14800,Rs./Quintal
Kerala,Wayanad,Manathavady APMC,Rubber,20-04-2024,1.1,Metric Tonnes,16700,Rs./Quintal
Kerala,Wayanad,Manathavady APMC,Rubber,21-04-2024,1.1,Metric Tonnes,16600,Rs./Quintal
Kerala,Wayanad,Manathavady APMC,Rubber,22-04-2024,0.98,Metric Tonnes,16600,Rs./Quintal
Kerala,Wayanad,Manathavady APMC,Rubber,23-04-2024,1.1,Metric Tonnes,16900,Rs./Quintal
Kerala,Wayanad,Manathavady APMC,Rubber,24-04-2024,1.2,Metric Tonnes,16700,Rs./Quintal
Kerala,Wayanad,Manathavady APMC,Rubber,25-04-2024,1.3,Metric Tonnes,16400,Rs./Quintal
Kerala,Wayanad,Manathavady APMC,Rubber,26-04-2024,1.2,Metric Tonnes,16200,Rs./Quintal
Kerala,Wayanad,Manathavady APMC,Rubber,27-04-2024,1.2,Metric Tonnes,15900,Rs./Quintal
Kerala,Wayanad,Manathavady APMC,Rubber,28-04-2024,1,Metric Tonnes,16200,Rs./Quintal
Kerala,Wayanad,Manathavady APMC,Rubber,29-04-2024,1.3,Metric Tonnes,16200,Rs./Quintal
Kerala,Wayanad,Manathavady APMC,Rubber,01-05-2024,1.2,Metric Tonnes,16500,Rs./Quintal
Kerala,Wayanad,Manathavady APMC,Rubber,02-05-2024,1.4,Metric Tonnes,16100,Rs./Quintal
Kerala,Wayanad,Manathavady APMC,Rubber,03-05-2024,1.4,Metric Tonnes,16400,Rs./Quintal
Kerala,Wayanad,Manathavady APMC,Rubber,04-05-2024,1.6,Metric Tonnes,16300,Rs./Quintal
Kerala,Wayanad,Manathavady APMC,Rubber,06-05-2024,1.4,Metric Tonnes,16600,Rs./Quintal
Kerala,Wayanad,Manathavady APMC,Rubber,07-05-2024,1.2,Metric Tonnes,16500,Rs./Quintal
Kerala,Wayanad,Manathavady APMC,Rubber,09-05-2024,1.6,Metric Tonnes,16500,Rs./Quintal
Kerala,Wayanad,Manathavady APMC,Rubber,10-05-2024,1.8,Metric Tonnes,16500,Rs./Quintal
Kerala,Wayanad,Manathavady APMC,Rubber,13-05-2024,1.3,Metric Tonnes,16600,Rs./Quintal
Kerala,Wayanad,Manathavady APMC,Rubber,14-05-2024,1.4,Metric Tonnes,16600,Rs./Quintal
Kerala,Wayanad,Manathavady APMC,Rubber,15-05-2024,1.4,Metric Tonnes,16700,Rs./Quintal
Kerala,Wayanad,Manathavady APMC,Rubber,16-05-2024,1.5,Metric Tonnes,16800,Rs./Quintal
Kerala,Wayanad,Manathavady APMC,Rubber,17-05-2024,1.3,Metric Tonnes,16600,Rs./Quintal
Kerala,Wayanad,Manathavady APMC,Rubber,18-05-2024,1.6,Metric Tonnes,16500,Rs./Quintal
Kerala,Wayanad,Manathavady APMC,Rubber,20-05-2024,1.6,Metric Tonnes,16600,Rs./Quintal
Kerala,Wayanad,Manathavady APMC,Rubber,21-05-2024,1.4,Metric Tonnes,16700,Rs./Quintal
Kerala,Wayanad,Manathavady APMC,Rubber,22-05-2024,1.4,Metric Tonnes,16600,Rs./Quintal
Kerala,Wayanad,Manathavady APMC,Rubber,23-05-2024,1.8,Metric Tonnes,16600,Rs./Quintal
Kerala,Wayanad,Manathavady APMC,Rubber,24-05-2024,1.4,Metric Tonnes,16500,Rs./Quintal
Kerala,Wayanad,Manathavady APMC,Rubber,25-05-2024,1.8,Metric Tonnes,16600,Rs./Quintal
Kerala,Wayanad,Manathavady APMC,Rubber,27-05-2024,1.8,Metric Tonnes,16600,Rs./Quintal
Kerala,Wayanad,Manathavady APMC,Rubber,28-05-2024,1.8,Metric Tonnes,16600,Rs./Quintal
Kerala,Wayanad,Manathavady APMC,Rubber,29-05-2024,2,Metric Tonnes,16800,Rs./Quintal
Kerala,Wayanad,Manathavady APMC,Rubber,30-05-2024,1.9,Metric Tonnes,17000,Rs./Quintal
Kerala,Wayanad,Manathavady APMC,Rubber,31-05-2024,1.9,Metric Tonnes,17000,Rs./Quintal
Kerala,Wayanad,Manathavady APMC,Rubber,01-06-2024,2.1,Metric Tonnes,16800,Rs./Quintal
Kerala,Wayanad,Manathavady APMC,Rubber,03-06-2024,2.1,Metric Tonnes,17200,Rs./Quintal
Kerala,Wayanad,Manathavady APMC,Rubber,04-06-2024,1.6,Metric Tonnes,17000,Rs./Quintal
Kerala,Wayanad,Manathavady APMC,Rubber,05-06-2024,1.8,Metric Tonnes,16500,Rs./Quintal
Kerala,Wayanad,Manathavady APMC,Rubber,06-06-2024,1.9,Metric Tonnes,17000,Rs./Quintal
Kerala,Wayanad,Manathavady APMC,Rubber,07-06-2024,1.8,Metric Tonnes,17500,Rs./Quintal
Kerala,Wayanad,Manathavady APMC,Rubber,10-06-2024,1.3,Metric Tonnes,17000,Rs./Quintal
Kerala,Wayanad,Manathavady APMC,Rubber,11-06-2024,1.6,Metric Tonnes,17800,Rs./Quintal
Kerala,Wayanad,Manathavady APMC,Rubber,12-06-2024,1.9,Metric Tonnes,17500,Rs./Quintal
Kerala,Wayanad,Manathavady APMC,Rubber,13-06-2024,1.9,Metric Tonnes,18000,Rs./Quintal
Kerala,Wayanad,Manathavady APMC,Rubber,14-06-2024,1.8,Metric Tonnes,17700,Rs./Quintal
Kerala,Wayanad,Manathavady APMC,Rubber,15-06-2024,1.85,Metric Tonnes,18200,Rs./Quintal
Kerala,Wayanad,Manathavady APMC,Rubber,18-06-2024,1.8,Metric Tonnes,18100,Rs./Quintal
Kerala,Wayanad,Manathavady APMC,Rubber,19-06-2024,2.3,Metric Tonnes,18200,Rs./Quintal
Kerala,Wayanad,Manathavady APMC,Rubber,20-06-2024,2,Metric Tonnes,18200,Rs./Quintal
Kerala,Wayanad,Manathavady APMC,Rubber,21-06-2024,2.1,Metric Tonnes,18600,Rs./Quintal
Kerala,Wayanad,Manathavady APMC,Rubber,22-06-2024,2.6,Metric Tonnes,18600,Rs./Quintal
Kerala,Wayanad,Manathavady APMC,Rubber,23-06-2024,2,Metric Tonnes,18200,Rs./Quintal
Kerala,Wayanad,Manathavady APMC,Rubber,24-06-2024,2.1,Metric Tonnes,18600,Rs./Quintal
Kerala,Wayanad,Manathavady APMC,Rubber,25-06-2024,2.3,Metric Tonnes,18700,Rs./Quintal
Kerala,Wayanad,Manathavady APMC,Rubber,26-06-2024,2.5,Metric Tonnes,19000,Rs./Quintal
Kerala,Wayanad,Manathavady APMC,Rubber,27-06-2024,1.75,Metric Tonnes,19000,Rs./Quintal
Kerala,Wayanad,Manathavady APMC,Rubber,28-06-2024,1.9,Metric Tonnes,19100,Rs./Quintal
Kerala,Wayanad,Manathavady APMC,Rubber,29-06-2024,2.3,Metric Tonnes,19000,Rs./Quintal
Kerala,Wayanad,Manathavady APMC,Rubber,01-07-2024,1.3,Metric Tonnes,18500,Rs./Quintal
Kerala,Wayanad,Manathavady APMC,Rubber,02-07-2024,2.3,Metric Tonnes,19000,Rs./Quintal
Kerala,Wayanad,Manathavady APMC,Rubber,03-07-2024,3,Metric Tonnes,18500,Rs./Quintal
Kerala,Wayanad,Manathavady APMC,Rubber,04-07-2024,2.3,Metric Tonnes,18500,Rs./Quintal
Kerala,Wayanad,Manathavady APMC,Rubber,05-07-2024,2.1,Metric Tonnes,18500,Rs./Quintal
Kerala,Wayanad,Manathavady APMC,Rubber,06-07-2024,1.8,Metric Tonnes,18500,Rs./Quintal
Kerala,Wayanad,Manathavady APMC,Rubber,08-07-2024,2.1,Metric Tonnes,18000,Rs./Quintal
Kerala,Wayanad,Manathavady APMC,Rubber,09-07-2024,1.6,Metric Tonnes,18900,Rs./Quintal
Kerala,Wayanad,Manathavady APMC,Rubber,10-07-2024,1.3,Metric Tonnes,18700,Rs./Quintal
Kerala,Wayanad,Manathavady APMC,Rubber,11-07-2024,2.3,Metric Tonnes,19000,Rs./Quintal
Kerala,Wayanad,Manathavady APMC,Rubber,12-07-2024,1.3,Metric Tonnes,18600,Rs./Quintal
Kerala,Wayanad,Manathavady APMC,Rubber,13-07-2024,2.1,Metric Tonnes,18900,Rs./Quintal
Kerala,Wayanad,Manathavady APMC,Rubber,15-07-2024,2.1,Metric Tonnes,18900,Rs./Quintal
Kerala,Wayanad,Manathavady APMC,Rubber,16-07-2024,2.1,Metric Tonnes,18200,Rs./Quintal
Kerala,Wayanad,Manathavady APMC,Rubber,17-07-2024,1.8,Metric Tonnes,18500,Rs./Quintal
Kerala,Wayanad,Manathavady APMC,Rubber,18-07-2024,2.3,Metric Tonnes,19100,Rs./Quintal
Kerala,Wayanad,Manathavady APMC,Rubber,20-07-2024,1.9,Metric Tonnes,19200,Rs./Quintal
Kerala,Wayanad,Manathavady APMC,Rubber,22-07-2024,2,Metric Tonnes,19100,Rs./Quintal
Kerala,Wayanad,Manathavady APMC,Rubber,23-07-2024,2.1,Metric Tonnes,19200,Rs./Quintal
Kerala,Wayanad,Manathavady APMC,Rubber,24-07-2024,1.3,Metric Tonnes,19200,Rs./Quintal
Kerala,Wayanad,Manathavady APMC,Rubber,25-07-2024,1.2,Metric Tonnes,19200,Rs./Quintal
Kerala,Wayanad,Manathavady APMC,Rubber,26-07-2024,2.5,Metric Tonnes,19400,Rs./Quintal
Kerala,Wayanad,Manathavady APMC,Rubber,27-07-2024,0.2,Metric Tonnes,19200,Rs./Quintal
Kerala,Wayanad,Manathavady APMC,Rubber,29-07-2024,2.6,Metric Tonnes,19400,Rs./Quintal
Kerala,Wayanad,Manathavady APMC,Rubber,30-07-2024,2.3,Metric Tonnes,19400,Rs./Quintal
Kerala,Wayanad,Manathavady APMC,Rubber,31-07-2024,2.6,Metric Tonnes,19400,Rs./Quintal
Kerala,Wayanad,Manathavady APMC,Rubber,01-08-2024,2.6,Metric Tonnes,19500,Rs./Quintal
Kerala,Wayanad,Manathavady APMC,Rubber,02-08-2024,2.3,Metric Tonnes,19300,Rs./Quintal
Kerala,Wayanad,Manathavady APMC,Rubber,03-08-2024,2.2,Metric Tonnes,19500,Rs./Quintal
Kerala,Wayanad,Manathavady APMC,Rubber,05-08-2024,2.3,Metric Tonnes,20000,Rs./Quintal
Kerala,Wayanad,Manathavady APMC,Rubber,06-08-2024,2.3,Metric Tonnes,19700,Rs./Quintal
Kerala,Wayanad,Manathavady APMC,Rubber,07-08-2024,2.3,Metric Tonnes,19500,Rs./Quintal
Kerala,Wayanad,Manathavady APMC,Rubber,08-08-2024,2.2,Metric Tonnes,19600,Rs./Quintal
Kerala,Wayanad,Manathavady APMC,Rubber,09-08-2024,2.3,Metric Tonnes,20900,Rs./Quintal
Kerala,Wayanad,Manathavady APMC,Rubber,10-08-2024,2.3,Metric Tonnes,20700,Rs./Quintal
Kerala,Wayanad,Manathavady APMC,Rubber,12-08-2024,2.3,Metric Tonnes,20900,Rs./Quintal
Kerala,Wayanad,Manathavady APMC,Rubber,13-08-2024,2.1,Metric Tonnes,22000,Rs./Quintal
Kerala,Wayanad,Manathavady APMC,Rubber,16-08-2024,2.8,Metric Tonnes,22000,Rs./Quintal
Kerala,Wayanad,Manathavady APMC,Rubber,17-08-2024,2.3,Metric Tonnes,21600,Rs./Quintal
Kerala,Wayanad,Manathavady APMC,Rubber,19-08-2024,2.1,Metric Tonnes,21900,Rs./Quintal
Kerala,Wayanad,Manathavady APMC,Rubber,20-08-2024,2.1,Metric Tonnes,21500,Rs./Quintal
Kerala,Wayanad,Manathavady APMC,Rubber,21-08-2024,2.4,Metric Tonnes,22500,Rs./Quintal
Kerala,Wayanad,Manathavady APMC,Rubber,22-08-2024,2.1,Metric Tonnes,22300,Rs./Quintal
Kerala,Wayanad,Manathavady APMC,Rubber,23-08-2024,2.3,Metric Tonnes,21400,Rs./Quintal
Kerala,Wayanad,Manathavady APMC,Rubber,24-08-2024,2.6,Metric Tonnes,21700,Rs./Quintal
Kerala,Wayanad,Manathavady APMC,Rubber,28-08-2024,1.8,Metric Tonnes,21300,Rs./Quintal
Kerala,Wayanad,Manathavady APMC,Rubber,29-08-2024,2.4,Metric Tonnes,21500,Rs./Quintal
Kerala,Wayanad,Manathavady APMC,Rubber,30-08-2024,2.3,Metric Tonnes,21500,Rs./Quintal
Kerala,Wayanad,Manathavady APMC,Rubber,31-08-2024,2.3,Metric Tonnes,21800,Rs./Quintal
Kerala,Wayanad,Manathavady APMC,Rubber,02-09-2024,2.3,Metric Tonnes,21800,Rs./Quintal
Kerala,Wayanad,Manathavady APMC,Rubber,03-09-2024,1.2,Metric Tonnes,21900,Rs./Quintal
Kerala,Wayanad,Manathavady APMC,Rubber,04-09-2024,2.3,Metric Tonnes,22300,Rs./Quintal
Kerala,Wayanad,Manathavady APMC,Rubber,05-09-2024,2.4,Metric Tonnes,21600,Rs./Quintal
Kerala,Wayanad,Manathavady APMC,Rubber,06-09-2024,2.3,Metric Tonnes,22300,Rs./Quintal
Kerala,Wayanad,Manathavady APMC,Rubber,07-09-2024,2.4,Metric Tonnes,21600,Rs./Quintal
Kerala,Wayanad,Manathavady APMC,Rubber,09-09-2024,2.3,Metric Tonnes,22200,Rs./Quintal
Kerala,Wayanad,Manathavady APMC,Rubber,10-09-2024,2.1,Metric Tonnes,21600,Rs./Quintal
Kerala,Wayanad,Manathavady APMC,Rubber,11-09-2024,2.3,Metric Tonnes,21500,Rs./Quintal
Kerala,Wayanad,Manathavady APMC,Rubber,13-09-2024,2.6,Metric Tonnes,21600,Rs./Quintal
Kerala,Wayanad,Manathavady APMC,Rubber,17-09-2024,2.1,Metric Tonnes,21600,Rs./Quintal
Kerala,Wayanad,Manathavady APMC,Rubber,18-09-2024,2.3,Metric Tonnes,21700,Rs./Quintal
Kerala,Wayanad,Manathavady APMC,Rubber,20-09-2024,1.8,Metric Tonnes,21700,Rs./Quintal
Kerala,Wayanad,Manathavady APMC,Rubber,21-09-2024,2.3,Metric Tonnes,21900,Rs./Quintal
Kerala,Wayanad,Manathavady APMC,Rubber,23-09-2024,1.9,Metric Tonnes,21900,Rs./Quintal
Kerala,Wayanad,Manathavady APMC,Rubber,24-09-2024,2.3,Metric Tonnes,21800,Rs./Quintal
Kerala,Wayanad,Manathavady APMC,Rubber,25-09-2024,2.3,Metric Tonnes,21700,Rs./Quintal
Kerala,Wayanad,Manathavady APMC,Rubber,26-09-2024,2.5,Metric Tonnes,21800,Rs./Quintal
Kerala,Wayanad,Manathavady APMC,Rubber,27-09-2024,2.3,Metric Tonnes,21400,Rs./Quintal
Kerala,Wayanad,Manathavady APMC,Rubber,28-09-2024,2.6,Metric Tonnes,21200,Rs./Quintal
Kerala,Wayanad,Manathavady APMC,Rubber,29-09-2024,2.1,Metric Tonnes,21300,Rs./Quintal
Kerala,Wayanad,Manathavady APMC,Rubber,30-09-2024,2.4,Metric Tonnes,21500,Rs./Quintal
Kerala,Wayanad,Manathavady APMC,Rubber,01-10-2024,2.6,Metric Tonnes,22000,Rs./Quintal
Kerala,Wayanad,Manathavady APMC,Rubber,03-10-2024,2.8,Metric Tonnes,21700,Rs./Quintal
Kerala,Wayanad,Manathavady APMC,Rubber,04-10-2024,2.8,Metric Tonnes,21600,Rs./Quintal
Kerala,Wayanad,Manathavady APMC,Rubber,05-10-2024,2.3,Metric Tonnes,21000,Rs./Quintal
Kerala,Wayanad,Manathavady APMC,Rubber,07-10-2024,2.7,Metric Tonnes,21500,Rs./Quintal
Kerala,Wayanad,Manathavady APMC,Rubber,08-10-2024,2.4,Metric Tonnes,21400,Rs./Quintal
Kerala,Wayanad,Manathavady APMC,Rubber,09-10-2024,2.6,Metric Tonnes,21500,Rs./Quintal
Kerala,Wayanad,Manathavady APMC,Rubber,14-10-2024,2.5,Metric Tonnes,19200,Rs./Quintal
Kerala,Wayanad,Manathavady APMC,Rubber,15-10-2024,2.6,Metric Tonnes,19500,Rs./Quintal
Kerala,Wayanad,Manathavady APMC,Rubber,16-10-2024,2.6,Metric Tonnes,19000,Rs./Quintal
Kerala,Wayanad,Manathavady APMC,Rubber,17-10-2024,2.6,Metric Tonnes,19200,Rs./Quintal
Kerala,Wayanad,Manathavady APMC,Rubber,18-10-2024,2.3,Metric Tonnes,19000,Rs./Quintal
Kerala,Wayanad,Manathavady APMC,Rubber,21-10-2024,2.3,Metric Tonnes,17600,Rs./Quintal
Kerala,Wayanad,Manathavady APMC,Rubber,22-10-2024,2.6,Metric Tonnes,16900,Rs./Quintal
Kerala,Wayanad,Manathavady APMC,Rubber,23-10-2024,2.1,Metric Tonnes,16700,Rs./Quintal
Kerala,Wayanad,Manathavady APMC,Rubber,24-10-2024,2.6,Metric Tonnes,16900,Rs./Quintal
Kerala,Wayanad,Manathavady APMC,Rubber,25-10-2024,2.3,Metric Tonnes,16700,Rs./Quintal
Kerala,Wayanad,Manathavady APMC,Rubber,26-10-2024,2.4,Metric Tonnes,16600,Rs./Quintal
Kerala,Wayanad,Manathavady APMC,Rubber,28-10-2024,2.3,Metric Tonnes,16700,Rs./Quintal
Kerala,Wayanad,Manathavady APMC,Rubber,29-10-2024,2.7,Metric Tonnes,16500,Rs./Quintal
Kerala,Wayanad,Manathavady APMC,Rubber,30-10-2024,2.6,Metric Tonnes,16200,Rs./Quintal
Kerala,Wayanad,Manathavady APMC,Rubber,31-10-2024,2.1,Metric Tonnes,16500,Rs./Quintal
Kerala,Wayanad,Manathavady APMC,Rubber,01-11-2024,2.8,Metric Tonnes,16400,Rs./Quintal
Kerala,Wayanad,Manathavady APMC,Rubber,05-11-2024,2.9,Metric Tonnes,16400,Rs./Quintal
Kerala,Wayanad,Manathavady APMC,Rubber,06-11-2024,2.9,Metric Tonnes,16300,Rs./Quintal
Kerala,Wayanad,Manathavady APMC,Rubber,07-11-2024,2.9,Metric Tonnes,16300,Rs./Quintal
Kerala,Wayanad,Manathavady APMC,Rubber,08-11-2024,2.6,Metric Tonnes,16400,Rs./Quintal
Kerala,Wayanad,Manathavady APMC,Rubber,11-11-2024,2.9,Metric Tonnes,16400,Rs./Quintal
Kerala,Wayanad,Manathavady APMC,Rubber,12-11-2024,2.3,Metric Tonnes,16800,Rs./Quintal
Kerala,Wayanad,Manathavady APMC,Rubber,13-11-2024,2.7,Metric Tonnes,16700,Rs./Quintal
Kerala,Wayanad,Manathavady APMC,Rubber,14-11-2024,2.6,Metric Tonnes,16700,Rs./Quintal
Kerala,Wayanad,Manathavady APMC,Rubber,15-11-2024,2.9,Metric Tonnes,16700,Rs./Quintal
Kerala,Wayanad,Manathavady APMC,Rubber,16-11-2024,2.9,Metric Tonnes,16500,Rs./Quintal
Kerala,Wayanad,Manathavady APMC,Rubber,18-11-2024,2.7,Metric Tonnes,16800,Rs./Quintal
Kerala,Wayanad,Manathavady APMC,Rubber,20-11-2024,2.7,Metric Tonnes,16800,Rs./Quintal
Kerala,Wayanad,Manathavady APMC,Rubber,21-11-2024,2.9,Metric Tonnes,17000,Rs./Quintal
Kerala,Wayanad,Manathavady APMC,Rubber,22-11-2024,2.8,Metric Tonnes,17000,Rs./Quintal
Kerala,Wayanad,Manathavady APMC,Rubber,23-11-2024,2.7,Metric Tonnes,17200,Rs./Quintal
Kerala,Wayanad,Manathavady APMC,Rubber,25-11-2024,2.6,Metric Tonnes,17600,Rs./Quintal
Kerala,Wayanad,Manathavady APMC,Rubber,26-11-2024,3,Metric Tonnes,17100,Rs./Quintal
Kerala,Wayanad,Manathavady APMC,Rubber,27-11-2024,2.9,Metric Tonnes,17000,Rs./Quintal
Kerala,Wayanad,Manathavady APMC,Rubber,28-11-2024,2.9,Metric Tonnes,17200,Rs./Quintal
Kerala,Wayanad,Manathavady APMC,Rubber,29-11-2024,2.8,Metric Tonnes,21700,Rs./Quintal
Kerala,Wayanad,Manathavady APMC,Rubber,30-11-2024,2.6,Metric Tonnes,18000,Rs./Quintal
Kerala,Wayanad,Manathavady APMC,Rubber,02-12-2024,2.7,Metric Tonnes,17000,Rs./Quintal
Kerala,Wayanad,Manathavady APMC,Rubber,03-12-2024,2.8,Metric Tonnes,17300,Rs./Quintal
Kerala,Wayanad,Manathavady APMC,Rubber,04-12-2024,2.9,Metric Tonnes,17200,Rs./Quintal
Kerala,Wayanad,Manathavady APMC,Rubber,05-12-2024,2.8,Metric Tonnes,17700,Rs./Quintal
Kerala,Wayanad,Manathavady APMC,Rubber,06-12-2024,3,Metric Tonnes,17600,Rs./Quintal
Kerala,Wayanad,Manathavady APMC,Rubber,07-12-2024,2.9,Metric Tonnes,17700,Rs./Quintal
Kerala,Wayanad,Manathavady APMC,Rubber,09-12-2024,2.9,Metric Tonnes,17900,Rs./Quintal
Kerala,Wayanad,Manathavady APMC,Rubber,10-12-2024,2.6,Metric Tonnes,18200,Rs./Quintal
Kerala,Wayanad,Manathavady APMC,Rubber,11-12-2024,2.6,Metric Tonnes,17200,Rs./Quintal
Kerala,Wayanad,Manathavady APMC,Rubber,12-12-2024,2.8,Metric Tonnes,17500,Rs./Quintal
Kerala,Wayanad,Manathavady APMC,Rubber,13-12-2024,2.8,Metric Tonnes,17400,Rs./Quintal
Kerala,Wayanad,Manathavady APMC,Rubber,14-12-2024,2.3,Metric Tonnes,18000,Rs./Quintal
Kerala,Wayanad,Manathavady APMC,Rubber,16-12-2024,2.6,Metric Tonnes,17900,Rs./Quintal
Kerala,Wayanad,Manathavady APMC,Rubber,17-12-2024,2.8,Metric Tonnes,17500,Rs./Quintal
Kerala,Wayanad,Manathavady APMC,Rubber,18-12-2024,3,Metric Tonnes,17700,Rs./Quintal
Kerala,Wayanad,Manathavady APMC,Rubber,19-12-2024,3,Metric Tonnes,17900,Rs./Quintal
Kerala,Wayanad,Manathavady APMC,Rubber,20-12-2024,2.8,Metric Tonnes,17700,Rs./Quintal
Kerala,Wayanad,Manathavady APMC,Rubber,21-12-2024,2.9,Metric Tonnes,18000,Rs./Quintal
Kerala,Wayanad,Manathavady APMC,Rubber,23-12-2024,2.8,Metric Tonnes,17500,Rs./Quintal
Kerala,Wayanad,Manathavady APMC,Rubber,26-12-2024,2.9,Metric Tonnes,17600,Rs./Quintal
Kerala,Wayanad,Manathavady APMC,Rubber,27-12-2024,3,Metric Tonnes,17400,Rs./Quintal
Kerala,Wayanad,Manathavady APMC,Rubber,28-12-2024,2.9,Metric Tonnes,17500,Rs./Quintal
Kerala,Wayanad,Manathavady APMC,Rubber,30-12-2024,2.9,Metric Tonnes,17400,Rs./Quintal
Kerala,Wayanad,Manathavady APMC,Rubber,31-12-2024,2.9,Metric Tonnes,17400,Rs./Quintal
Kerala,Wayanad,Pulpally APMC,Rubber,01-01-2024,6,Metric Tonnes,14600,Rs./Quintal
Kerala,Wayanad,Pulpally APMC,Rubber,03-01-2024,5,Metric Tonnes,13700,Rs./Quintal
Kerala,Wayanad,Pulpally APMC,Rubber,04-01-2024,3,Metric Tonnes,14600,Rs./Quintal
Kerala,Wayanad,Pulpally APMC,Rubber,05-01-2024,5,Metric Tonnes,14300,Rs./Quintal
Kerala,Wayanad,Pulpally APMC,Rubber,06-01-2024,5,Metric Tonnes,14000,Rs./Quintal
Kerala,Wayanad,Pulpally APMC,Rubber,08-01-2024,2,Metric Tonnes,14300,Rs./Quintal
Kerala,Wayanad,Pulpally APMC,Rubber,09-01-2024,6,Metric Tonnes,14600,Rs./Quintal
Kerala,Wayanad,Pulpally APMC,Rubber,10-01-2024,6,Metric Tonnes,14600,Rs./Quintal
Kerala,Wayanad,Pulpally APMC,Rubber,11-01-2024,60,Metric Tonnes,14600,Rs./Quintal
Kerala,Wayanad,Pulpally APMC,Rubber,16-01-2024,6,Metric Tonnes,14300,Rs./Quintal
Kerala,Wayanad,Pulpally APMC,Rubber,17-01-2024,3,Metric Tonnes,14600,Rs./Quintal
Kerala,Wayanad,Pulpally APMC,Rubber,18-01-2024,4,Metric Tonnes,1420,Rs./Quintal
Kerala,Wayanad,Pulpally APMC,Rubber,20-01-2024,6,Metric Tonnes,14200,Rs./Quintal
Kerala,Wayanad,Pulpally APMC,Rubber,22-01-2024,5,Metric Tonnes,14700,Rs./Quintal
Kerala,Wayanad,Pulpally APMC,Rubber,23-01-2024,6,Metric Tonnes,14600,Rs./Quintal
Kerala,Wayanad,Pulpally APMC,Rubber,24-01-2024,5,Metric Tonnes,14600,Rs./Quintal
Kerala,Wayanad,Pulpally APMC,Rubber,27-01-2024,6,Metric Tonnes,14600,Rs./Quintal
Kerala,Wayanad,Pulpally APMC,Rubber,29-01-2024,5,Metric Tonnes,14600,Rs./Quintal
Kerala,Wayanad,Pulpally APMC,Rubber,31-01-2024,6,Metric Tonnes,14300,Rs./Quintal
Kerala,Wayanad,Pulpally APMC,Rubber,01-02-2024,5,Metric Tonnes,14600,Rs./Quintal
Kerala,Wayanad,Pulpally APMC,Rubber,02-02-2024,5,Metric Tonnes,14600,Rs./Quintal
Kerala,Wayanad,Pulpally APMC,Rubber,03-02-2024,3,Metric Tonnes,14600,Rs./Quintal
Kerala,Wayanad,Pulpally APMC,Rubber,05-02-2024,6,Metric Tonnes,14600,Rs./Quintal
Kerala,Wayanad,Pulpally APMC,Rubber,06-02-2024,3,Metric Tonnes,14600,Rs./Quintal
Kerala,Wayanad,Pulpally APMC,Rubber,07-02-2024,6,Metric Tonnes,14800,Rs./Quintal
Kerala,Wayanad,Pulpally APMC,Rubber,08-02-2024,15,Metric Tonnes,15300,Rs./Quintal
Kerala,Wayanad,Pulpally APMC,Rubber,09-02-2024,3,Metric Tonnes,15100,Rs./Quintal
Kerala,Wayanad,Pulpally APMC,Rubber,12-02-2024,5,Metric Tonnes,14600,Rs./Quintal
Kerala,Wayanad,Pulpally APMC,Rubber,14-02-2024,6,Metric Tonnes,15200,Rs./Quintal
Kerala,Wayanad,Pulpally APMC,Rubber,15-02-2024,6,Metric Tonnes,14200,Rs./Quintal
Kerala,Wayanad,Pulpally APMC,Rubber,16-02-2024,5,Metric Tonnes,14700,Rs./Quintal
Kerala,Wayanad,Pulpally APMC,Rubber,18-02-2024,6,Metric Tonnes,14700,Rs./Quintal
Kerala,Wayanad,Pulpally APMC,Rubber,19-02-2024,6,Metric Tonnes,16600,Rs./Quintal
Kerala,Wayanad,Pulpally APMC,Rubber,20-02-2024,3,Metric Tonnes,14700,Rs./Quintal
Kerala,Wayanad,Pulpally APMC,Rubber,21-02-2024,6,Metric Tonnes,14600,Rs./Quintal
Kerala,Wayanad,Pulpally APMC,Rubber,22-02-2024,6,Metric Tonnes,14600,Rs./Quintal
Kerala,Wayanad,Pulpally APMC,Rubber,23-02-2024,5,Metric Tonnes,14600,Rs./Quintal
Kerala,Wayanad,Pulpally APMC,Rubber,24-02-2024,6,Metric Tonnes,14700,Rs./Quintal
Kerala,Wayanad,Pulpally APMC,Rubber,26-02-2024,6,Metric Tonnes,14700,Rs./Quintal
Kerala,Wayanad,Pulpally APMC,Rubber,27-02-2024,6,Metric Tonnes,14700,Rs./Quintal
Kerala,Wayanad,Pulpally APMC,Rubber,28-02-2024,8,Metric Tonnes,14700,Rs./Quintal
Kerala,Wayanad,Pulpally APMC,Rubber,29-02-2024,3,Metric Tonnes,14800,Rs./Quintal
Kerala,Wayanad,Pulpally APMC,Rubber,01-03-2024,3,Metric Tonnes,15200,Rs./Quintal
Kerala,Wayanad,Pulpally APMC,Rubber,02-03-2024,3,Metric Tonnes,15200,Rs./Quintal
Kerala,Wayanad,Pulpally APMC,Rubber,04-03-2024,6,Metric Tonnes,15400,Rs./Quintal
Kerala,Wayanad,Pulpally APMC,Rubber,06-03-2024,6,Metric Tonnes,14600,Rs./Quintal
Kerala,Wayanad,Pulpally APMC,Rubber,07-03-2024,6,Metric Tonnes,14700,Rs./Quintal
Kerala,Wayanad,Pulpally APMC,Rubber,09-03-2024,2,Metric Tonnes,14600,Rs./Quintal
Kerala,Wayanad,Pulpally APMC,Rubber,11-03-2024,6,Metric Tonnes,14800,Rs./Quintal
Kerala,Wayanad,Pulpally APMC,Rubber,12-03-2024,6,Metric Tonnes,14600,Rs./Quintal
Kerala,Wayanad,Pulpally APMC,Rubber,13-03-2024,3,Metric Tonnes,15200,Rs./Quintal
Kerala,Wayanad,Pulpally APMC,Rubber,14-03-2024,4,Metric Tonnes,14900,Rs./Quintal
Kerala,Wayanad,Pulpally APMC,Rubber,16-03-2024,6,Metric Tonnes,15600,Rs./Quintal
Kerala,Wayanad,Pulpally APMC,Rubber,18-03-2024,6,Metric Tonnes,14600,Rs./Quintal
Kerala,Wayanad,Pulpally APMC,Rubber,19-03-2024,2,Metric Tonnes,14700,Rs./Quintal
Kerala,Wayanad,Pulpally APMC,Rubber,20-03-2024,3,Metric Tonnes,14600,Rs./Quintal
Kerala,Wayanad,Pulpally APMC,Rubber,21-03-2024,3,Metric Tonnes,14600,Rs./Quintal
Kerala,Wayanad,Pulpally APMC,Rubber,22-03-2024,3,Metric Tonnes,14600,Rs./Quintal
Kerala,Wayanad,Pulpally APMC,Rubber,23-03-2024,3,Metric Tonnes,14600,Rs./Quintal
Kerala,Wayanad,Pulpally APMC,Rubber,25-03-2024,6,Metric Tonnes,15300,Rs./Quintal
Kerala,Wayanad,Pulpally APMC,Rubber,26-03-2024,3,Metric Tonnes,14600,Rs./Quintal
Kerala,Wayanad,Pulpally APMC,Rubber,27-03-2024,6,Metric Tonnes,14600,Rs./Quintal
Kerala,Wayanad,Pulpally APMC,Rubber,30-03-2024,5,Metric Tonnes,14700,Rs./Quintal
Kerala,Wayanad,Pulpally APMC,Rubber,01-04-2024,6,Metric Tonnes,1460,Rs./Quintal
Kerala,Wayanad,Pulpally APMC,Rubber,04-04-2024,3,Metric Tonnes,14900,Rs./Quintal
Kerala,Wayanad,Pulpally APMC,Rubber,05-04-2024,6,Metric Tonnes,14600,Rs./Quintal
Kerala,Wayanad,Pulpally APMC,Rubber,06-04-2024,5,Metric Tonnes,15300,Rs./Quintal
Kerala,Wayanad,Pulpally APMC,Rubber,07-04-2024,5,Metric Tonnes,1630,Rs./Quintal
Kerala,Wayanad,Pulpally APMC,Rubber,08-04-2024,6,Metric Tonnes,15300,Rs./Quintal
Kerala,Wayanad,Pulpally APMC,Rubber,09-04-2024,6,Metric Tonnes,14300,Rs./Quintal
Kerala,Wayanad,Pulpally APMC,Rubber,10-04-2024,3,Metric Tonnes,1730,Rs./Quintal
Kerala,Wayanad,Pulpally APMC,Rubber,11-04-2024,6,Metric Tonnes,16600,Rs./Quintal
Kerala,Wayanad,Pulpally APMC,Rubber,12-04-2024,3,Metric Tonnes,14600,Rs./Quintal
Kerala,Wayanad,Pulpally APMC,Rubber,15-04-2024,6,Metric Tonnes,15700,Rs./Quintal
Kerala,Wayanad,Pulpally APMC,Rubber,16-04-2024,3,Metric Tonnes,14600,Rs./Quintal
Kerala,Wayanad,Pulpally APMC,Rubber,17-04-2024,6,Metric Tonnes,14700,Rs./Quintal
Kerala,Wayanad,Pulpally APMC,Rubber,18-04-2024,3,Metric Tonnes,16300,Rs./Quintal
Kerala,Wayanad,Pulpally APMC,Rubber,19-04-2024,5,Metric Tonnes,15700,Rs./Quintal
Kerala,Wayanad,Pulpally APMC,Rubber,20-04-2024,2,Metric Tonnes,14800,Rs./Quintal
Kerala,Wayanad,Pulpally APMC,Rubber,21-04-2024,6,Metric Tonnes,14600,Rs./Quintal
Kerala,Wayanad,Pulpally APMC,Rubber,22-04-2024,3,Metric Tonnes,14600,Rs./Quintal
Kerala,Wayanad,Pulpally APMC,Rubber,23-04-2024,3,Metric Tonnes,14700,Rs./Quintal
Kerala,Wayanad,Pulpally APMC,Rubber,24-04-2024,6,Metric Tonnes,15700,Rs./Quintal
Kerala,Wayanad,Pulpally APMC,Rubber,25-04-2024,2,Metric Tonnes,15200,Rs./Quintal
Kerala,Wayanad,Pulpally APMC,Rubber,26-04-2024,3,Metric Tonnes,15700,Rs./Quintal
Kerala,Wayanad,Pulpally APMC,Rubber,27-04-2024,3,Metric Tonnes,15700,Rs./Quintal
Kerala,Wayanad,Pulpally APMC,Rubber,29-04-2024,6,Metric Tonnes,14900,Rs./Quintal
Kerala,Wayanad,Pulpally APMC,Rubber,30-04-2024,5,Metric Tonnes,15300,Rs./Quintal
Kerala,Wayanad,Pulpally APMC,Rubber,01-05-2024,3,Metric Tonnes,1480,Rs./Quintal
Kerala,Wayanad,Pulpally APMC,Rubber,02-05-2024,6,Metric Tonnes,14800,Rs./Quintal
Kerala,Wayanad,Pulpally APMC,Rubber,03-05-2024,6,Metric Tonnes,14700,Rs./Quintal
Kerala,Wayanad,Pulpally APMC,Rubber,04-05-2024,3,Metric Tonnes,14600,Rs./Quintal
Kerala,Wayanad,Pulpally APMC,Rubber,06-05-2024,6,Metric Tonnes,15700,Rs./Quintal
Kerala,Wayanad,Pulpally APMC,Rubber,07-05-2024,5,Metric Tonnes,14800,Rs./Quintal
Kerala,Wayanad,Pulpally APMC,Rubber,08-05-2024,2,Metric Tonnes,14800,Rs./Quintal
Kerala,Wayanad,Pulpally APMC,Rubber,09-05-2024,3,Metric Tonnes,15700,Rs./Quintal
Kerala,Wayanad,Pulpally APMC,Rubber,10-05-2024,3,Metric Tonnes,14600,Rs./Quintal
Kerala,Wayanad,Pulpally APMC,Rubber,13-05-2024,6,Metric Tonnes,14600,Rs./Quintal
Kerala,Wayanad,Pulpally APMC,Rubber,14-05-2024,6,Metric Tonnes,14800,Rs./Quintal
Kerala,Wayanad,Pulpally APMC,Rubber,15-05-2024,3,Metric Tonnes,14700,Rs./Quintal
Kerala,Wayanad,Pulpally APMC,Rubber,16-05-2024,6,Metric Tonnes,14800,Rs./Quintal
Kerala,Wayanad,Pulpally APMC,Rubber,17-05-2024,6,Metric Tonnes,15700,Rs./Quintal
Kerala,Wayanad,Pulpally APMC,Rubber,18-05-2024,3,Metric Tonnes,15700,Rs./Quintal
Kerala,Wayanad,Pulpally APMC,Rubber,20-05-2024,3,Metric Tonnes,15500,Rs./Quintal
Kerala,Wayanad,Pulpally APMC,Rubber,21-05-2024,1,Metric Tonnes,14600,Rs./Quintal
Kerala,Wayanad,Pulpally APMC,Rubber,22-05-2024,3,Metric Tonnes,15900,Rs./Quintal
Kerala,Wayanad,Pulpally APMC,Rubber,23-05-2024,3,Metric Tonnes,14700,Rs./Quintal
Kerala,Wayanad,Pulpally APMC,Rubber,24-05-2024,3,Metric Tonnes,14800,Rs./Quintal
Kerala,Wayanad,Pulpally APMC,Rubber,27-05-2024,6,Metric Tonnes,14800,Rs./Quintal
Kerala,Wayanad,Pulpally APMC,Rubber,28-05-2024,5,Metric Tonnes,15500,Rs./Quintal
Kerala,Wayanad,Pulpally APMC,Rubber,29-05-2024,3,Metric Tonnes,15600,Rs./Quintal
Kerala,Wayanad,Pulpally APMC,Rubber,30-05-2024,3,Metric Tonnes,15900,Rs./Quintal
Kerala,Wayanad,Pulpally APMC,Rubber,31-05-2024,6,Metric Tonnes,1580,Rs./Quintal
Kerala,Wayanad,Pulpally APMC,Rubber,01-06-2024,6,Metric Tonnes,14800,Rs./Quintal
Kerala,Wayanad,Pulpally APMC,Rubber,03-06-2024,6,Metric Tonnes,14600,Rs./Quintal
Kerala,Wayanad,Pulpally APMC,Rubber,04-06-2024,6,Metric Tonnes,15700,Rs./Quintal
Kerala,Wayanad,Pulpally APMC,Rubber,07-06-2024,5,Metric Tonnes,15700,Rs./Quintal
Kerala,Wayanad,Pulpally APMC,Rubber,08-06-2024,3,Metric Tonnes,15500,Rs./Quintal
Kerala,Wayanad,Pulpally APMC,Rubber,09-06-2024,3,Metric Tonnes,15800,Rs./Quintal
Kerala,Wayanad,Pulpally APMC,Rubber,11-06-2024,3,Metric Tonnes,15800,Rs./Quintal
Kerala,Wayanad,Pulpally APMC,Rubber,12-06-2024,2,Metric Tonnes,15500,Rs./Quintal
Kerala,Wayanad,Pulpally APMC,Rubber,13-06-2024,6,Metric Tonnes,17200,Rs./Quintal
Kerala,Wayanad,Pulpally APMC,Rubber,14-06-2024,6,Metric Tonnes,16600,Rs./Quintal
Kerala,Wayanad,Pulpally APMC,Rubber,15-06-2024,6,Metric Tonnes,14600,Rs./Quintal
Kerala,Wayanad,Pulpally APMC,Rubber,18-06-2024,3,Metric Tonnes,15900,Rs./Quintal
Kerala,Wayanad,Pulpally APMC,Rubber,19-06-2024,3,Metric Tonnes,16300,Rs./Quintal
Kerala,Wayanad,Pulpally APMC,Rubber,21-06-2024,3,Metric Tonnes,14600,Rs./Quintal
Kerala,Wayanad,Pulpally APMC,Rubber,22-06-2024,5,Metric Tonnes,14900,Rs./Quintal
Kerala,Wayanad,Pulpally APMC,Rubber,24-06-2024,6,Metric Tonnes,15900,Rs./Quintal
Kerala,Wayanad,Pulpally APMC,Rubber,25-06-2024,6,Metric Tonnes,16900,Rs./Quintal
Kerala,Wayanad,Pulpally APMC,Rubber,26-06-2024,6,Metric Tonnes,16700,Rs./Quintal
Kerala,Wayanad,Pulpally APMC,Rubber,27-06-2024,6,Metric Tonnes,1760,Rs./Quintal
Kerala,Wayanad,Pulpally APMC,Rubber,28-06-2024,7,Metric Tonnes,17700,Rs./Quintal
Kerala,Wayanad,Pulpally APMC,Rubber,29-06-2024,6,Metric Tonnes,17900,Rs./Quintal
Kerala,Wayanad,Pulpally APMC,Rubber,01-07-2024,6,Metric Tonnes,17900,Rs./Quintal
Kerala,Wayanad,Pulpally APMC,Rubber,03-07-2024,5,Metric Tonnes,16900,Rs./Quintal
Kerala,Wayanad,Pulpally APMC,Rubber,04-07-2024,5,Metric Tonnes,17500,Rs./Quintal
Kerala,Wayanad,Pulpally APMC,Rubber,05-07-2024,6,Metric Tonnes,17700,Rs./Quintal
Kerala,Wayanad,Pulpally APMC,Rubber,06-07-2024,60,Metric Tonnes,17600,Rs./Quintal
Kerala,Wayanad,Pulpally APMC,Rubber,08-07-2024,6,Metric Tonnes,16400,Rs./Quintal
Kerala,Wayanad,Pulpally APMC,Rubber,09-07-2024,6,Metric Tonnes,17500,Rs./Quintal
Kerala,Wayanad,Pulpally APMC,Rubber,10-07-2024,60,Metric Tonnes,15500,Rs./Quintal
Kerala,Wayanad,Pulpally APMC,Rubber,11-07-2024,3,Metric Tonnes,16600,Rs./Quintal
Kerala,Wayanad,Pulpally APMC,Rubber,12-07-2024,2,Metric Tonnes,18600,Rs./Quintal
Kerala,Wayanad,Pulpally APMC,Rubber,13-07-2024,6,Metric Tonnes,16900,Rs./Quintal
Kerala,Wayanad,Pulpally APMC,Rubber,15-07-2024,6,Metric Tonnes,16600,Rs./Quintal
Kerala,Wayanad,Pulpally APMC,Rubber,17-07-2024,6,Metric Tonnes,16600,Rs./Quintal
Kerala,Wayanad,Pulpally APMC,Rubber,18-07-2024,6,Metric Tonnes,18700,Rs./Quintal
Kerala,Wayanad,Pulpally APMC,Rubber,19-07-2024,5,Metric Tonnes,16500,Rs./Quintal
Kerala,Wayanad,Pulpally APMC,Rubber,20-07-2024,9,Metric Tonnes,17600,Rs./Quintal
Kerala,Wayanad,Pulpally APMC,Rubber,22-07-2024,6,Metric Tonnes,17900,Rs./Quintal
Kerala,Wayanad,Pulpally APMC,Rubber,23-07-2024,6,Metric Tonnes,17900,Rs./Quintal
Kerala,Wayanad,Pulpally APMC,Rubber,24-07-2024,6,Metric Tonnes,16600,Rs./Quintal
Kerala,Wayanad,Pulpally APMC,Rubber,25-07-2024,6,Metric Tonnes,17500,Rs./Quintal
Kerala,Wayanad,Pulpally APMC,Rubber,26-07-2024,4,Metric Tonnes,17600,Rs./Quintal
Kerala,Wayanad,Pulpally APMC,Rubber,27-07-2024,6,Metric Tonnes,18500,Rs./Quintal
Kerala,Wayanad,Pulpally APMC,Rubber,29-07-2024,6,Metric Tonnes,17900,Rs./Quintal
Kerala,Wayanad,Pulpally APMC,Rubber,30-07-2024,5,Metric Tonnes,17700,Rs./Quintal
Kerala,Wayanad,Pulpally APMC,Rubber,31-07-2024,6,Metric Tonnes,16900,Rs./Quintal
Kerala,Wayanad,Pulpally APMC,Rubber,01-08-2024,3,Metric Tonnes,17300,Rs./Quintal
Kerala,Wayanad,Pulpally APMC,Rubber,03-08-2024,6,Metric Tonnes,18000,Rs./Quintal
Kerala,Wayanad,Pulpally APMC,Rubber,05-08-2024,6,Metric Tonnes,17700,Rs./Quintal
Kerala,Wayanad,Pulpally APMC,Rubber,06-08-2024,6,Metric Tonnes,17600,Rs./Quintal
Kerala,Wayanad,Pulpally APMC,Rubber,07-08-2024,3,Metric Tonnes,14600,Rs./Quintal
Kerala,Wayanad,Pulpally APMC,Rubber,08-08-2024,6,Metric Tonnes,17900,Rs./Quintal
Kerala,Wayanad,Pulpally APMC,Rubber,09-08-2024,5,Metric Tonnes,17800,Rs./Quintal
Kerala,Wayanad,Pulpally APMC,Rubber,10-08-2024,8,Metric Tonnes,25100,Rs./Quintal
Kerala,Wayanad,Pulpally APMC,Rubber,12-08-2024,9,Metric Tonnes,25300,Rs./Quintal
Kerala,Wayanad,Pulpally APMC,Rubber,13-08-2024,6,Metric Tonnes,25400,Rs./Quintal
Kerala,Wayanad,Pulpally APMC,Rubber,14-08-2024,5,Metric Tonnes,23300,Rs./Quintal
Kerala,Wayanad,Pulpally APMC,Rubber,15-08-2024,6,Metric Tonnes,25600,Rs./Quintal
Kerala,Wayanad,Pulpally APMC,Rubber,16-08-2024,6,Metric Tonnes,25600,Rs./Quintal
Kerala,Wayanad,Pulpally APMC,Rubber,19-08-2024,6,Metric Tonnes,16600,Rs./Quintal
Kerala,Wayanad,Pulpally APMC,Rubber,20-08-2024,6,Metric Tonnes,24700,Rs./Quintal
Kerala,Wayanad,Pulpally APMC,Rubber,21-08-2024,5,Metric Tonnes,25600,Rs./Quintal
Kerala,Wayanad,Pulpally APMC,Rubber,22-08-2024,6,Metric Tonnes,25600,Rs./Quintal
Kerala,Wayanad,Pulpally APMC,Rubber,23-08-2024,6,Metric Tonnes,20600,Rs./Quintal
Kerala,Wayanad,Pulpally APMC,Rubber,24-08-2024,3,Metric Tonnes,20700,Rs./Quintal
Kerala,Wayanad,Pulpally APMC,Rubber,27-08-2024,6,Metric Tonnes,23000,Rs./Quintal
Kerala,Wayanad,Pulpally APMC,Rubber,28-08-2024,6,Metric Tonnes,23500,Rs./Quintal
Kerala,Wayanad,Pulpally APMC,Rubber,29-08-2024,3,Metric Tonnes,20500,Rs./Quintal
Kerala,Wayanad,Pulpally APMC,Rubber,30-08-2024,6,Metric Tonnes,20600,Rs./Quintal
Kerala,Wayanad,Pulpally APMC,Rubber,31-08-2024,3,Metric Tonnes,20900,Rs./Quintal
Kerala,Wayanad,Pulpally APMC,Rubber,02-09-2024,6,Metric Tonnes,21300,Rs./Quintal
Kerala,Wayanad,Pulpally APMC,Rubber,04-09-2024,3,Metric Tonnes,22400,Rs./Quintal
Kerala,Wayanad,Pulpally APMC,Rubber,05-09-2024,6,Metric Tonnes,2330,Rs./Quintal
Kerala,Wayanad,Pulpally APMC,Rubber,06-09-2024,6,Metric Tonnes,22500,Rs./Quintal
Kerala,Wayanad,Pulpally APMC,Rubber,07-09-2024,3,Metric Tonnes,2310,Rs./Quintal
Kerala,Wayanad,Pulpally APMC,Rubber,09-09-2024,6,Metric Tonnes,22600,Rs./Quintal
Kerala,Wayanad,Pulpally APMC,Rubber,11-09-2024,6,Metric Tonnes,21600,Rs./Quintal
Kerala,Wayanad,Pulpally APMC,Rubber,12-09-2024,6,Metric Tonnes,21600,Rs./Quintal
Kerala,Wayanad,Pulpally APMC,Rubber,18-09-2024,7,Metric Tonnes,23100,Rs./Quintal
Kerala,Wayanad,Pulpally APMC,Rubber,19-09-2024,6,Metric Tonnes,21600,Rs./Quintal
Kerala,Wayanad,Pulpally APMC,Rubber,20-09-2024,6,Metric Tonnes,21600,Rs./Quintal
Kerala,Wayanad,Pulpally APMC,Rubber,21-09-2024,6,Metric Tonnes,22600,Rs./Quintal
Kerala,Wayanad,Pulpally APMC,Rubber,22-09-2024,6,Metric Tonnes,21600,Rs./Quintal
Kerala,Wayanad,Pulpally APMC,Rubber,23-09-2024,5,Metric Tonnes,21600,Rs./Quintal
Kerala,Wayanad,Pulpally APMC,Rubber,25-09-2024,3,Metric Tonnes,22100,Rs./Quintal
Kerala,Wayanad,Pulpally APMC,Rubber,26-09-2024,6,Metric Tonnes,21600,Rs./Quintal
Kerala,Wayanad,Pulpally APMC,Rubber,27-09-2024,5,Metric Tonnes,21300,Rs./Quintal
Kerala,Wayanad,Pulpally APMC,Rubber,29-09-2024,3,Metric Tonnes,22600,Rs./Quintal
Kerala,Wayanad,Pulpally APMC,Rubber,30-09-2024,2,Metric Tonnes,22600,Rs./Quintal
Kerala,Wayanad,Pulpally APMC,Rubber,01-10-2024,6,Metric Tonnes,22100,Rs./Quintal
Kerala,Wayanad,Pulpally APMC,Rubber,02-10-2024,4,Metric Tonnes,21300,Rs./Quintal
Kerala,Wayanad,Pulpally APMC,Rubber,03-10-2024,4,Metric Tonnes,22500,Rs./Quintal
Kerala,Wayanad,Pulpally APMC,Rubber,04-10-2024,6,Metric Tonnes,21500,Rs./Quintal
Kerala,Wayanad,Pulpally APMC,Rubber,05-10-2024,6,Metric Tonnes,21900,Rs./Quintal
Kerala,Wayanad,Pulpally APMC,Rubber,07-10-2024,3,Metric Tonnes,2160,Rs./Quintal
Kerala,Wayanad,Pulpally APMC,Rubber,10-10-2024,3,Metric Tonnes,22600,Rs./Quintal
Kerala,Wayanad,Pulpally APMC,Rubber,13-10-2024,3,Metric Tonnes,21900,Rs./Quintal
Kerala,Wayanad,Pulpally APMC,Rubber,14-10-2024,9,Metric Tonnes,22900,Rs./Quintal
Kerala,Wayanad,Pulpally APMC,Rubber,15-10-2024,6,Metric Tonnes,21900,Rs./Quintal
Kerala,Wayanad,Pulpally APMC,Rubber,16-10-2024,4,Metric Tonnes,21900,Rs./Quintal
Kerala,Wayanad,Pulpally APMC,Rubber,17-10-2024,5,Metric Tonnes,19900,Rs./Quintal
Kerala,Wayanad,Pulpally APMC,Rubber,18-10-2024,4,Metric Tonnes,21300,Rs./Quintal
Kerala,Wayanad,Pulpally APMC,Rubber,19-10-2024,6,Metric Tonnes,19500,Rs./Quintal
Kerala,Wayanad,Pulpally APMC,Rubber,20-10-2024,6,Metric Tonnes,19300,Rs./Quintal
Kerala,Wayanad,Pulpally APMC,Rubber,21-10-2024,5,Metric Tonnes,19900,Rs./Quintal
Kerala,Wayanad,Pulpally APMC,Rubber,22-10-2024,6,Metric Tonnes,19700,Rs./Quintal
Kerala,Wayanad,Pulpally APMC,Rubber,23-10-2024,2,Metric Tonnes,16300,Rs./Quintal
Kerala,Wayanad,Pulpally APMC,Rubber,24-10-2024,5,Metric Tonnes,16900,Rs./Quintal
Kerala,Wayanad,Pulpally APMC,Rubber,26-10-2024,6,Metric Tonnes,16900,Rs./Quintal
Kerala,Wayanad,Pulpally APMC,Rubber,27-10-2024,2,Metric Tonnes,16900,Rs./Quintal
Kerala,Wayanad,Pulpally APMC,Rubber,28-10-2024,5,Metric Tonnes,16900,Rs./Quintal
Kerala,Wayanad,Pulpally APMC,Rubber,29-10-2024,5,Metric Tonnes,16900,Rs./Quintal
Kerala,Wayanad,Pulpally APMC,Rubber,31-10-2024,5,Metric Tonnes,16900,Rs./Quintal
Kerala,Wayanad,Pulpally APMC,Rubber,01-11-2024,3,Metric Tonnes,17000,Rs./Quintal
Kerala,Wayanad,Pulpally APMC,Rubber,03-11-2024,3,Metric Tonnes,16900,Rs./Quintal
Kerala,Wayanad,Pulpally APMC,Rubber,04-11-2024,4,Metric Tonnes,17300,Rs./Quintal
Kerala,Wayanad,Pulpally APMC,Rubber,05-11-2024,5,Metric Tonnes,16600,Rs./Quintal
Kerala,Wayanad,Pulpally APMC,Rubber,06-11-2024,1,Metric Tonnes,16800,Rs./Quintal
Kerala,Wayanad,Pulpally APMC,Rubber,08-11-2024,8,Metric Tonnes,16200,Rs./Quintal
Kerala,Wayanad,Pulpally APMC,Rubber,09-11-2024,5,Metric Tonnes,16600,Rs./Quintal
Kerala,Wayanad,Pulpally APMC,Rubber,11-11-2024,6,Metric Tonnes,16900,Rs./Quintal
Kerala,Wayanad,Pulpally APMC,Rubber,14-11-2024,3,Metric Tonnes,16600,Rs./Quintal
Kerala,Wayanad,Pulpally APMC,Rubber,15-11-2024,6,Metric Tonnes,15500,Rs./Quintal
Kerala,Wayanad,Pulpally APMC,Rubber,16-11-2024,6,Metric Tonnes,16100,Rs./Quintal
Kerala,Wayanad,Pulpally APMC,Rubber,18-11-2024,4,Metric Tonnes,16900,Rs./Quintal
Kerala,Wayanad,Pulpally APMC,Rubber,21-11-2024,6,Metric Tonnes,15700,Rs./Quintal
Kerala,Wayanad,Pulpally APMC,Rubber,22-11-2024,6,Metric Tonnes,16600,Rs./Quintal
Kerala,Wayanad,Pulpally APMC,Rubber,23-11-2024,6,Metric Tonnes,15800,Rs./Quintal
Kerala,Wayanad,Pulpally APMC,Rubber,25-11-2024,6,Metric Tonnes,17600,Rs./Quintal
Kerala,Wayanad,Pulpally APMC,Rubber,26-11-2024,2,Metric Tonnes,16300,Rs./Quintal
Kerala,Wayanad,Pulpally APMC,Rubber,27-11-2024,3,Metric Tonnes,16600,Rs./Quintal
Kerala,Wayanad,Pulpally APMC,Rubber,28-11-2024,5,Metric Tonnes,16600,Rs./Quintal
Kerala,Wayanad,Pulpally APMC,Rubber,29-11-2024,4,Metric Tonnes,16300,Rs./Quintal
Kerala,Wayanad,Pulpally APMC,Rubber,30-11-2024,3,Metric Tonnes,17900,Rs./Quintal
Kerala,Wayanad,Pulpally APMC,Rubber,01-12-2024,4,Metric Tonnes,1690,Rs./Quintal
Kerala,Wayanad,Pulpally APMC,Rubber,02-12-2024,6,Metric Tonnes,16900,Rs./Quintal
Kerala,Wayanad,Pulpally APMC,Rubber,04-12-2024,4,Metric Tonnes,17600,Rs./Quintal
Kerala,Wayanad,Pulpally APMC,Rubber,05-12-2024,4,Metric Tonnes,17300,Rs./Quintal
Kerala,Wayanad,Pulpally APMC,Rubber,06-12-2024,4,Metric Tonnes,17600,Rs./Quintal
Kerala,Wayanad,Pulpally APMC,Rubber,07-12-2024,4,Metric Tonnes,17300,Rs./Quintal
Kerala,Wayanad,Pulpally APMC,Rubber,09-12-2024,4,Metric Tonnes,15500,Rs./Quintal
Kerala,Wayanad,Pulpally APMC,Rubber,10-12-2024,3,Metric Tonnes,18300,Rs./Quintal
Kerala,Wayanad,Pulpally APMC,Rubber,11-12-2024,4,Metric Tonnes,16900,Rs./Quintal
Kerala,Wayanad,Pulpally APMC,Rubber,12-12-2024,2,Metric Tonnes,17600,Rs./Quintal
Kerala,Wayanad,Pulpally APMC,Rubber,13-12-2024,5,Metric Tonnes,16900,Rs./Quintal
Kerala,Wayanad,Pulpally APMC,Rubber,14-12-2024,6,Metric Tonnes,17900,Rs./Quintal
Kerala,Wayanad,Pulpally APMC,Rubber,16-12-2024,5,Metric Tonnes,17900,Rs./Quintal
Kerala,Wayanad,Pulpally APMC,Rubber,17-12-2024,6,Metric Tonnes,17500,Rs./Quintal
Kerala,Wayanad,Pulpally APMC,Rubber,18-12-2024,4,Metric Tonnes,17900,Rs./Quintal
Kerala,Wayanad,Pulpally APMC,Rubber,19-12-2024,6,Metric Tonnes,17900,Rs./Quintal
Kerala,Wayanad,Pulpally APMC,Rubber,20-12-2024,4,Metric Tonnes,17600,Rs./Quintal
Kerala,Wayanad,Pulpally APMC,Rubber,21-12-2024,5,Metric Tonnes,17900,Rs./Quintal
Kerala,Wayanad,Pulpally APMC,Rubber,23-12-2024,2,Metric Tonnes,16900,Rs./Quintal
Kerala,Wayanad,Pulpally APMC,Rubber,25-12-2024,3,Metric Tonnes,17600,Rs./Quintal
Kerala,Wayanad,Pulpally APMC,Rubber,26-12-2024,4,Metric Tonnes,17600,Rs./Quintal
Kerala,Wayanad,Pulpally APMC,Rubber,27-12-2024,5,Metric Tonnes,17900,Rs./Quintal
Kerala,Wayanad,Pulpally APMC,Rubber,29-12-2024,6,Metric Tonnes,17700,Rs./Quintal
Kerala,Wayanad,Pulpally APMC,Rubber,30-12-2024,4,Metric Tonnes,17900,Rs./Quintal
Kerala,Wayanad,Pulpally APMC,Rubber,31-12-2024,3,Metric Tonnes,17600,Rs./Quintal
Tamil Nadu,Nagercoil (Kannyiakumari),Kulasekaram APMC,Rubber,13-06-2024,2,Metric Tonnes,3900,Rs./Quintal
Tamil Nadu,Nagercoil (Kannyiakumari),Vadaseri APMC,Rubber,11-06-2024,2,Metric Tonnes,13500,Rs./Quintal
Tamil Nadu,Nagercoil (Kannyiakumari),Vadaseri APMC,Rubber,13-06-2024,2,Metric Tonnes,13500,Rs./Quintal
Tamil Nadu,Nagercoil (Kannyiakumari),Vadaseri APMC,Rubber,17-06-2024,1,Metric Tonnes,13500,Rs./Quintal
,,,,,,,,
Note:,,,,,,,,
Weighted Average Price = ���(arrival quantity * modal price) / ���arri,,,,,,,,
